Year,Location,Site,Depth,Transect,Interval,Genus,Species epithet,Species,Abundance,Size est.,Match,Family,a,b,Biomass,Trophic group
2016,Apo Reef,Aladin,11,1,5,Gomphosus,varius,Gomphosus varius,2,8,496,Labridae,0.00676,2.96,6.37,Benthic Invertivore
2016,Apo Reef,Aladin,11,1,5,Chaetodon,rafflesi,Chaetodon rafflesi,2,6,254,Chaetodontidae,0.02239,3.01,9.85,Corallivore
2016,Apo Reef,Aladin,11,1,5,Cephalopholis,urodeta,Cephalopholis urodeta,1,3,229,Serranidae,0.02822,2.818,0.62,Piscivore
2016,Apo Reef,Aladin,11,1,5,Chromis,margaritifer,Chromis margaritifer,4,3,319,Pomacentridae,0.0182,3,1.97,Herbivore
2016,Apo Reef,Aladin,11,1,5,Chromis,viridis,Chromis viridis,4,3,330,Pomacentridae,0.0642,2.518,4.08,Herbivore
2016,Apo Reef,Aladin,11,1,5,Ctenochaetus,striatus,Ctenochaetus striatus,1,6,399,Acanthuridae,0.0137,3.083,3.43,Detritivore
2016,Apo Reef,Aladin,11,1,5,Amblyglyphidodon,leucogaster,Amblyglyphidodon leucogaster,1,5,57,Pomacentridae,0.0195,2.97,2.32,Planktivore
2016,Apo Reef,Aladin,11,1,5,Amblyglyphidodon,curacao,Amblyglyphidodon curacao,6,5,56,Pomacentridae,0.02512,3.06,20.75,Planktivore
2016,Apo Reef,Aladin,11,1,5,Macolor,macularis,Macolor macularis,1,15,629,Lutjanidae,0.01445,2.97,44.96,Piscivore
2016,Apo Reef,Aladin,11,1,5,Gomphosus,varius,Gomphosus varius,1,13,496,Labridae,0.00676,2.96,13.4,Benthic Invertivore
2016,Apo Reef,Aladin,11,1,5,Ctenochaetus,striatus,Ctenochaetus striatus,2,14,399,Acanthuridae,0.0137,3.083,93.6,Detritivore
2016,Apo Reef,Aladin,11,1,10,Zebrasoma,veliferum,Zebrasoma veliferum,2,20,1092,Acanthuridae,0.03425,2.866,366.81,Herbivore
2016,Apo Reef,Aladin,11,1,10,Chromis,margaritifer,Chromis margaritifer,3,3,319,Pomacentridae,0.0182,3,1.47,Herbivore
2016,Apo Reef,Aladin,11,1,10,Acanthurus,pyroferus,Acanthurus pyroferus,1,4,30,Acanthuridae,0.00179,3,0.11,Herbivore
2016,Apo Reef,Aladin,11,1,10,Acanthurus,japonicus,Acanthurus japonicus,1,4,20,Acanthuridae,0.02188,2.97,1.34,Herbivore
2016,Apo Reef,Aladin,11,1,10,Chromis,viridis,Chromis viridis,10,4,330,Pomacentridae,0.0642,2.518,21.06,Herbivore
2016,Apo Reef,Aladin,11,1,10,Melichthys,vidua,Melichthys vidua,1,12,646,Balistidae,0.0058,3.554,39.7,Omnivore
2016,Apo Reef,Aladin,11,1,10,Dascyllus,reticulatus,Dascyllus reticulatus,2,3,407,Pomacentridae,0.0612,2.747,2.5,Herbivore
2016,Apo Reef,Aladin,11,1,10,Acanthochromis,polyacanthus,Acanthochromis polyacanthus,10,5,12,Pomacentridae,0.02188,3.01,27.79,Planktivore
2016,Apo Reef,Aladin,11,1,10,Scarus,niger,Scarus niger,1,18,956,Scaridae,0.0316,3.09,239.04,Herbivore
2016,Apo Reef,Aladin,11,1,10,Melichthys,vidua,Melichthys vidua,1,18,646,Balistidae,0.0058,3.554,167.75,Omnivore
2016,Apo Reef,Aladin,11,1,10,Dascyllus,reticulatus,Dascyllus reticulatus,16,2,407,Pomacentridae,0.0612,2.747,6.57,Herbivore
2016,Apo Reef,Aladin,11,1,10,Amblyglyphidodon,curacao,Amblyglyphidodon curacao,1,5,56,Pomacentridae,0.02512,3.06,3.46,Planktivore
2016,Apo Reef,Aladin,11,1,10,Amblyglyphidodon,leucogaster,Amblyglyphidodon leucogaster,1,5,57,Pomacentridae,0.0195,2.97,2.32,Planktivore
2016,Apo Reef,Aladin,11,1,15,Chromis,viridis,Chromis viridis,16,3,330,Pomacentridae,0.0642,2.518,16.33,Herbivore
2016,Apo Reef,Aladin,11,1,15,Acanthurus,japonicus,Acanthurus japonicus,1,4,20,Acanthuridae,0.02188,2.97,1.34,Herbivore
2016,Apo Reef,Aladin,11,1,15,Amblyglyphidodon,curacao,Amblyglyphidodon curacao,1,4,56,Pomacentridae,0.02512,3.06,1.75,Planktivore
2016,Apo Reef,Aladin,11,1,15,Chrysiptera,talboti,Chrysiptera talboti,1,2,348,Pomacentridae,0.01479,2.99,0.12,Herbivore
2016,Apo Reef,Aladin,11,1,15,Chromis,margaritifer,Chromis margaritifer,5,3,319,Pomacentridae,0.0182,3,2.46,Herbivore
2016,Apo Reef,Aladin,11,1,15,Chromis,ternatensis,Chromis ternatensis,4,4,328,Pomacentridae,0.043,2.889,9.44,Planktivore
2016,Apo Reef,Aladin,11,1,15,Pomacentrus,brachialis,Pomacentrus brachialis,7,3,820,Pomacentridae,0.0116,3.387,3.35,Herbivore
2016,Apo Reef,Aladin,11,1,15,Abudefduf,vaigiensis,Abudefduf vaigiensis,5,4,11,Pomacentridae,0.0195,3.03,6.5,Herbivore
2016,Apo Reef,Aladin,11,1,15,Naso,vlamingii,Naso vlamingii,1,20,675,Acanthuridae,0.0497,2.839,245.46,Herbivore
2016,Apo Reef,Aladin,11,1,15,Naso,vlamingii,Naso vlamingii,1,15,675,Acanthuridae,0.0497,2.839,108.46,Herbivore
2016,Apo Reef,Aladin,11,1,15,Chaetodon,lunulatus,Chaetodon lunulatus,2,4,244,Chaetodontidae,0.02239,3.01,2.91,Corallivore
2016,Apo Reef,Aladin,11,1,15,Chromis,viridis,Chromis viridis,25,2,330,Pomacentridae,0.0642,2.518,9.19,Herbivore
2016,Apo Reef,Aladin,11,1,20,Thalassoma,amblycephalum,Thalassoma amblycephalum,24,4,1057,Labridae,0.00955,3,14.67,Planktivore
2016,Apo Reef,Aladin,11,1,20,Balistapus,undulatus,Balistapus undulatus,1,6,153,Balistidae,0.0058,3.554,3.38,Omnivore
2016,Apo Reef,Aladin,11,1,20,Chromis,xanthura,Chromis xanthura,6,5,333,Pomacentridae,0.009,2.773,4.68,Planktivore
2016,Apo Reef,Aladin,11,1,20,Scarus,globiceps,Scarus globiceps,1,15,952,Scaridae,0.0155,3,52.31,Herbivore
2016,Apo Reef,Aladin,11,1,20,Thalassoma,hardwicke,Thalassoma hardwicke,1,8,1059,Labridae,0.00977,3.04,5.44,Benthic Invertivore
2016,Apo Reef,Aladin,11,1,20,Chaetodon,baronessa,Chaetodon baronessa,1,4,236,Chaetodontidae,0.0448,2.828,2.26,Corallivore
2016,Apo Reef,Aladin,11,1,20,Amblyglyphidodon,leucogaster,Amblyglyphidodon leucogaster,1,5,57,Pomacentridae,0.0195,2.97,2.32,Planktivore
2016,Apo Reef,Aladin,11,1,20,Zanclus,cornutus,Zanclus cornutus,1,6,1088,Zanclidae,0.0147,3.37,6.16,Omnivore
2016,Apo Reef,Aladin,11,1,20,Melichthys,vidua,Melichthys vidua,1,10,646,Balistidae,0.0058,3.554,20.77,Omnivore
2016,Apo Reef,Aladin,11,1,20,Chromis,ternatensis,Chromis ternatensis,15,3,328,Pomacentridae,0.043,2.889,15.42,Planktivore
2016,Apo Reef,Aladin,11,1,20,Chromis,margaritifer,Chromis margaritifer,5,3,319,Pomacentridae,0.0182,3,2.46,Herbivore
2016,Apo Reef,Aladin,11,1,25,Thalassoma,hardwicke,Thalassoma hardwicke,1,4,1059,Labridae,0.00977,3.04,0.66,Benthic Invertivore
2016,Apo Reef,Aladin,11,1,25,Abudefduf,vaigiensis,Abudefduf vaigiensis,4,6,11,Pomacentridae,0.0195,3.03,17.78,Herbivore
2016,Apo Reef,Aladin,11,1,25,Thalassoma,amblycephalum,Thalassoma amblycephalum,10,3,1057,Labridae,0.00955,3,2.58,Planktivore
2016,Apo Reef,Aladin,11,1,25,Pomacentrus,lepidogenys,Pomacentrus lepidogenys,1,4,830,Pomacentridae,0.0215,3.21,1.84,Herbivore
2016,Apo Reef,Aladin,11,1,25,Scarus,forsteni,Scarus forsteni,1,15,949,Scaridae,0.01995,3.01,69.18,Herbivore
2016,Apo Reef,Aladin,11,1,25,Chromis,margaritifer,Chromis margaritifer,1,3,319,Pomacentridae,0.0182,3,0.49,Herbivore
2016,Apo Reef,Aladin,11,1,25,Amblyglyphidodon,curacao,Amblyglyphidodon curacao,1,4,56,Pomacentridae,0.02512,3.06,1.75,Planktivore
2016,Apo Reef,Aladin,11,1,25,Chromis,margaritifer,Chromis margaritifer,7,2,319,Pomacentridae,0.0182,3,1.02,Herbivore
2016,Apo Reef,Aladin,11,1,25,Acanthurus,pyroferus,Acanthurus pyroferus,1,16,30,Acanthuridae,0.00179,3,7.33,Herbivore
2016,Apo Reef,Aladin,11,1,25,Pomacentrus,moluccensis,Pomacentrus moluccensis,1,3,832,Pomacentridae,0.0703,2.65,1.29,Herbivore
2016,Apo Reef,Aladin,11,1,25,Pomacentrus,brachialis,Pomacentrus brachialis,9,2,820,Pomacentridae,0.0116,3.387,1.09,Herbivore
2016,Apo Reef,Aladin,11,1,25,Cephalopholis,argus,Cephalopholis argus,1,20,219,Serranidae,0.00678,3.274,123.25,Piscivore
2016,Apo Reef,Aladin,11,1,25,Zanclus,cornutus,Zanclus cornutus,3,15,1088,Zanclidae,0.0147,3.37,405.38,Omnivore
2016,Apo Reef,Aladin,11,2,5,Amblyglyphidodon,curacao,Amblyglyphidodon curacao,7,6,56,Pomacentridae,0.02512,3.06,42.29,Planktivore
2016,Apo Reef,Aladin,11,2,5,Pomacentrus,moluccensis,Pomacentrus moluccensis,2,6,832,Pomacentridae,0.0703,2.65,16.22,Herbivore
2016,Apo Reef,Aladin,11,2,5,Plectroglyphidodon,lacrymatus,Plectroglyphidodon lacrymatus,1,4,795,Pomacentridae,0.02138,2.99,1.35,Herbivore
2016,Apo Reef,Aladin,11,2,5,Dascyllus,reticulatus,Dascyllus reticulatus,6,4,407,Pomacentridae,0.0612,2.747,16.55,Herbivore
2016,Apo Reef,Aladin,11,2,5,Pomacentrus,vaiuli,Pomacentrus vaiuli,1,6,847,Pomacentridae,0.0619,2.628,6.87,Herbivore
2016,Apo Reef,Aladin,11,2,5,Pseudanthias,huchtii,Pseudanthias huchtii,2,8,867,Serranidae,0.0127,3.085,15.52,Planktivore
2016,Apo Reef,Aladin,11,2,5,Gomphosus,varius,Gomphosus varius,1,12,496,Labridae,0.00676,2.96,10.58,Benthic Invertivore
2016,Apo Reef,Aladin,11,2,5,Ctenochaetus,striatus,Ctenochaetus striatus,1,12,399,Acanthuridae,0.0137,3.083,29.1,Detritivore
2016,Apo Reef,Aladin,11,2,5,Chromis,margaritifer,Chromis margaritifer,1,10,319,Pomacentridae,0.0182,3,18.2,Herbivore
2016,Apo Reef,Aladin,11,2,5,Thalassoma,hardwicke,Thalassoma hardwicke,1,8,1059,Labridae,0.00977,3.04,5.44,Benthic Invertivore
2016,Apo Reef,Aladin,11,2,5,Centropyge,vrolikii,Centropyge vrolikii,1,10,218,Pomacanthidae,0.0302,2.89,23.44,Corallivore
2016,Apo Reef,Aladin,11,2,5,Chaetodon,baronessa,Chaetodon baronessa,1,8,236,Chaetodontidae,0.0448,2.828,16.04,Corallivore
2016,Apo Reef,Aladin,11,2,5,Pomacentrus,moluccensis,Pomacentrus moluccensis,1,6,832,Pomacentridae,0.0703,2.65,8.11,Herbivore
2016,Apo Reef,Aladin,11,2,5,Pomacentrus,brachialis,Pomacentrus brachialis,1,6,820,Pomacentridae,0.0116,3.387,5.01,Herbivore
2016,Apo Reef,Aladin,11,2,10,Scarus,niger,Scarus niger,1,20,956,Scaridae,0.0316,3.09,331.03,Herbivore
2016,Apo Reef,Aladin,11,2,10,Amblyglyphidodon,curacao,Amblyglyphidodon curacao,3,10,56,Pomacentridae,0.02512,3.06,86.52,Planktivore
2016,Apo Reef,Aladin,11,2,10,Amblyglyphidodon,curacao,Amblyglyphidodon curacao,10,8,56,Pomacentridae,0.02512,3.06,145.71,Planktivore
2016,Apo Reef,Aladin,11,2,10,Melichthys,vidua,Melichthys vidua,1,12,646,Balistidae,0.0058,3.554,39.7,Omnivore
2016,Apo Reef,Aladin,11,2,10,Ctenochaetus,striatus,Ctenochaetus striatus,1,12,399,Acanthuridae,0.0137,3.083,29.1,Detritivore
2016,Apo Reef,Aladin,11,2,10,Dascyllus,reticulatus,Dascyllus reticulatus,6,4,407,Pomacentridae,0.0612,2.747,16.55,Herbivore
2016,Apo Reef,Aladin,11,2,10,Chaetodon,baronessa,Chaetodon baronessa,1,15,236,Chaetodontidae,0.0448,2.828,94.9,Corallivore
2016,Apo Reef,Aladin,11,2,10,Neoglyphidodon,melas,Neoglyphidodon melas,1,14,681,Pomacentridae,0.02138,2.99,57.14,Herbivore
2016,Apo Reef,Aladin,11,2,10,Pomacentrus,moluccensis,Pomacentrus moluccensis,1,6,832,Pomacentridae,0.0703,2.65,8.11,Herbivore
2016,Apo Reef,Aladin,11,2,10,Gomphosus,varius,Gomphosus varius,1,10,496,Labridae,0.00676,2.96,6.17,Benthic Invertivore
2016,Apo Reef,Aladin,11,2,10,Dascyllus,reticulatus,Dascyllus reticulatus,10,4,407,Pomacentridae,0.0612,2.747,27.58,Herbivore
2016,Apo Reef,Aladin,11,2,10,Chromis,viridis,Chromis viridis,7,6,330,Pomacentridae,0.0642,2.518,40.93,Herbivore
2016,Apo Reef,Aladin,11,2,10,Thalassoma,hardwicke,Thalassoma hardwicke,1,10,1059,Labridae,0.00977,3.04,10.71,Benthic Invertivore
2016,Apo Reef,Aladin,11,2,10,Neopomacentrus,anabatoides,Neopomacentrus anabatoides,1,5,691,Pomacentridae,0.01479,2.99,1.82,Planktivore
2016,Apo Reef,Aladin,11,2,10,Paracirrhites,arcatus,Paracirrhites arcatus,1,8,724,Cirrhitidae,0.00912,3.07,5.4,Benthic Invertivore
2016,Apo Reef,Aladin,11,2,15,Cephalopholis,argus,Cephalopholis argus,1,18,219,Serranidae,0.00678,3.274,87.3,Piscivore
2016,Apo Reef,Aladin,11,2,15,Chaetodon,baronessa,Chaetodon baronessa,1,5,236,Chaetodontidae,0.0448,2.828,4.25,Corallivore
2016,Apo Reef,Aladin,11,2,15,Chromis,margaritifer,Chromis margaritifer,10,3,319,Pomacentridae,0.0182,3,4.91,Herbivore
2016,Apo Reef,Aladin,11,2,15,Zebrasoma,scopas,Zebrasoma scopas,1,13,1090,Acanthuridae,0.04,2.867,62.48,Herbivore
2016,Apo Reef,Aladin,11,2,15,Melichthys,vidua,Melichthys vidua,1,15,646,Balistidae,0.0058,3.554,87.75,Omnivore
2016,Apo Reef,Aladin,11,2,15,Thalassoma,amblycephalum,Thalassoma amblycephalum,15,3,1057,Labridae,0.00955,3,3.87,Planktivore
2016,Apo Reef,Aladin,11,2,15,Pomacentrus,moluccensis,Pomacentrus moluccensis,2,3,832,Pomacentridae,0.0703,2.65,2.58,Herbivore
2016,Apo Reef,Aladin,11,2,15,Abudefduf,vaigiensis,Abudefduf vaigiensis,2,5,11,Pomacentridae,0.0195,3.03,5.12,Herbivore
2016,Apo Reef,Aladin,11,2,15,Ctenochaetus,striatus,Ctenochaetus striatus,1,20,399,Acanthuridae,0.0137,3.083,140.54,Detritivore
2016,Apo Reef,Aladin,11,2,15,Chromis,margaritifer,Chromis margaritifer,2,3,319,Pomacentridae,0.0182,3,0.98,Herbivore
2016,Apo Reef,Aladin,11,2,15,Ptereleotris,evides,Ptereleotris evides,2,4,899,Ptereleotridae,0.00389,3.12,0.59,Planktivore
2016,Apo Reef,Aladin,11,2,15,Pygoplites,diacanthus,Pygoplites diacanthus,1,10,918,Pomacanthidae,0.00514,3,5.14,Benthic Invertivore
2016,Apo Reef,Aladin,11,2,15,Siganus,vulpinus,Siganus vulpinus,1,21,1009,Siganidae,0.0287,3,265.79,Herbivore
2016,Apo Reef,Aladin,11,2,15,Cephalopholis,argus,Cephalopholis argus,1,18,219,Serranidae,0.00678,3.274,87.3,Piscivore
2016,Apo Reef,Aladin,11,2,15,Thalassoma,lunare,Thalassoma lunare,5,3,1061,Labridae,0.01072,2.96,1.38,Benthic Invertivore
2016,Apo Reef,Aladin,11,2,20,Dascyllus,reticulatus,Dascyllus reticulatus,6,4,407,Pomacentridae,0.0612,2.747,16.55,Herbivore
2016,Apo Reef,Aladin,11,2,20,Pomacentrus,moluccensis,Pomacentrus moluccensis,1,3,832,Pomacentridae,0.0703,2.65,1.29,Herbivore
2016,Apo Reef,Aladin,11,2,20,Chromis,viridis,Chromis viridis,8,3,330,Pomacentridae,0.0642,2.518,8.17,Herbivore
2016,Apo Reef,Aladin,11,2,20,Chromis,margaritifer,Chromis margaritifer,2,4,319,Pomacentridae,0.0182,3,2.33,Herbivore
2016,Apo Reef,Aladin,11,2,20,Chaetodon,adiergastos,Chaetodon adiergastos,2,9,233,Chaetodontidae,0.02239,3.01,33.37,Benthic Invertivore
2016,Apo Reef,Aladin,11,2,20,Forcipiger,longirostris,Forcipiger longirostris,2,5,482,Chaetodontidae,0.01384,3,3.46,Benthic Invertivore
2016,Apo Reef,Aladin,11,2,20,Amblyglyphidodon,curacao,Amblyglyphidodon curacao,1,5,56,Pomacentridae,0.02512,3.06,3.46,Planktivore
2016,Apo Reef,Aladin,11,2,20,Zanclus,cornutus,Zanclus cornutus,1,5,1088,Zanclidae,0.0147,3.37,3.33,Omnivore
2016,Apo Reef,Aladin,11,2,20,Pseudanthias,huchtii,Pseudanthias huchtii,1,3,867,Serranidae,0.0127,3.085,0.38,Planktivore
2016,Apo Reef,Aladin,11,2,20,Balistapus,undulatus,Balistapus undulatus,1,10,153,Balistidae,0.0058,3.554,20.77,Omnivore
2016,Apo Reef,Aladin,11,2,20,Acanthurus,pyroferus,Acanthurus pyroferus,1,10,30,Acanthuridae,0.00179,3,1.79,Herbivore
2016,Apo Reef,Aladin,11,2,20,Amblyglyphidodon,curacao,Amblyglyphidodon curacao,1,5,56,Pomacentridae,0.02512,3.06,3.46,Planktivore
2016,Apo Reef,Aladin,11,2,25,Chromis,viridis,Chromis viridis,30,2,330,Pomacentridae,0.0642,2.518,11.03,Herbivore
2016,Apo Reef,Aladin,11,2,25,Thalassoma,hardwicke,Thalassoma hardwicke,2,12,1059,Labridae,0.00977,3.04,37.29,Benthic Invertivore
2016,Apo Reef,Aladin,11,2,25,Dascyllus,reticulatus,Dascyllus reticulatus,3,3,407,Pomacentridae,0.0612,2.747,3.75,Herbivore
2016,Apo Reef,Aladin,11,2,25,Zebrasoma,veliferum,Zebrasoma veliferum,1,14,1092,Acanthuridae,0.03425,2.866,65.99,Herbivore
2016,Apo Reef,Aladin,11,2,25,Chaetodon,baronessa,Chaetodon baronessa,1,4,236,Chaetodontidae,0.0448,2.828,2.26,Corallivore
2016,Apo Reef,Aladin,11,2,25,Balistapus,undulatus,Balistapus undulatus,1,10,153,Balistidae,0.0058,3.554,20.77,Omnivore
2016,Apo Reef,Aladin,11,2,25,Amblyglyphidodon,curacao,Amblyglyphidodon curacao,1,5,56,Pomacentridae,0.02512,3.06,3.46,Planktivore
2016,Apo Reef,Aladin,11,2,25,Chromis,viridis,Chromis viridis,30,3,330,Pomacentridae,0.0642,2.518,30.62,Herbivore
2016,Apo Reef,Aladin,11,2,25,Acanthochromis,polyacanthus,Acanthochromis polyacanthus,7,4,12,Pomacentridae,0.02188,3.01,9.94,Planktivore
2016,Apo Reef,Aladin,11,2,25,Pomacentrus,moluccensis,Pomacentrus moluccensis,1,3,832,Pomacentridae,0.0703,2.65,1.29,Herbivore
2016,Apo Reef,Aladin,11,2,25,Chaetodon,melannotus,Chaetodon melannotus,2,5,245,Chaetodontidae,0.038,2.921,8.37,Corallivore
2016,Apo Reef,Aladin,11,3,25,Halichoeres,prosopeion,Halichoeres prosopeion,12,6,533,Labridae,0.00977,3.07,28.71,Benthic Invertivore
2016,Apo Reef,Aladin,11,3,25,Pomacentrus,moluccensis,Pomacentrus moluccensis,1,6,832,Pomacentridae,0.0703,2.65,8.11,Herbivore
2016,Apo Reef,Aladin,11,3,25,Amblyglyphidodon,curacao,Amblyglyphidodon curacao,1,6,56,Pomacentridae,0.02512,3.06,6.04,Planktivore
2016,Apo Reef,Aladin,11,3,25,Amblyglyphidodon,curacao,Amblyglyphidodon curacao,1,7,56,Pomacentridae,0.02512,3.06,9.68,Planktivore
2016,Apo Reef,Aladin,11,3,25,Neoglyphidodon,nigroris,Neoglyphidodon nigroris,3,5,682,Pomacentridae,0.01782,3.182,8.96,Herbivore
2016,Apo Reef,Aladin,11,3,25,Chromis,retrofasciata,Chromis retrofasciata,1,2,325,Pomacentridae,0.009,2.773,0.06,Herbivore
2016,Apo Reef,Aladin,11,3,25,Abudefduf,vaigiensis,Abudefduf vaigiensis,20,8,11,Pomacentridae,0.0195,3.03,212.53,Herbivore
2016,Apo Reef,Aladin,11,3,25,Chromis,amboinensis,Chromis amboinensis,10,6,306,Pomacentridae,0.00554,3,11.97,Planktivore
2016,Apo Reef,Aladin,11,3,25,Paracirrhites,arcatus,Paracirrhites arcatus,1,6,724,Cirrhitidae,0.00912,3.07,2.23,Benthic Invertivore
2016,Apo Reef,Aladin,11,3,25,Pomacentrus,brachialis,Pomacentrus brachialis,3,6,820,Pomacentridae,0.0116,3.387,15.04,Herbivore
2016,Apo Reef,Aladin,11,3,25,Chromis,margaritifer,Chromis margaritifer,20,6,319,Pomacentridae,0.0182,3,78.62,Herbivore
2016,Apo Reef,Aladin,11,3,25,Gomphosus,varius,Gomphosus varius,1,10,496,Labridae,0.00676,2.96,6.17,Benthic Invertivore
2016,Apo Reef,Aladin,11,3,25,Zanclus,cornutus,Zanclus cornutus,1,12,1088,Zanclidae,0.0147,3.37,63.7,Omnivore
2016,Apo Reef,Aladin,11,3,25,CHeilinus,undulatus,CHeilinus undulatus,1,12,274,Labridae,0.01514,2.99,25.52,Benthic Invertivore
2016,Apo Reef,Aladin,11,3,25,Acanthochromis,polyacanthus,Acanthochromis polyacanthus,12,4,12,Pomacentridae,0.02188,3.01,17.04,Planktivore
2016,Apo Reef,Aladin,11,3,25,Chromis,xanthura,Chromis xanthura,5,4,333,Pomacentridae,0.009,2.773,2.1,Planktivore
2016,Apo Reef,Aladin,11,3,25,Dascyllus,trimaculatus,Dascyllus trimaculatus,1,12,409,Pomacentridae,0.03132,3.043,60.22,Herbivore
2016,Apo Reef,Aladin,11,3,25,Zebrasoma,scopas,Zebrasoma scopas,1,10,1090,Acanthuridae,0.04,2.867,29.45,Herbivore
2016,Apo Reef,Aladin,11,3,25,Ctenochaetus,striatus,Ctenochaetus striatus,1,12,399,Acanthuridae,0.0137,3.083,29.1,Detritivore
2016,Apo Reef,Aladin,11,3,25,Thalassoma,hardwicke,Thalassoma hardwicke,1,10,1059,Labridae,0.00977,3.04,10.71,Benthic Invertivore
2016,Apo Reef,Aladin,11,3,25,Hemigymnus,fasciatus,Hemigymnus fasciatus,1,12,544,Labridae,0.01713,3,29.6,Benthic Invertivore
2016,Apo Reef,Aladin,11,3,25,Gomphosus,varius,Gomphosus varius,1,14,496,Labridae,0.00676,2.96,16.69,Benthic Invertivore
2016,Apo Reef,Aladin,11,3,25,Chlorurus,sordidus,Chlorurus sordidus,1,8,295,Scaridae,0.0319,2.927,14.03,Detritivore
2016,Apo Reef,Aladin,11,3,25,Chromis,margaritifer,Chromis margaritifer,6,4,319,Pomacentridae,0.0182,3,6.99,Herbivore
2016,Apo Reef,Aladin,11,3,25,Pomacentrus,vaiuli,Pomacentrus vaiuli,1,6,847,Pomacentridae,0.0619,2.628,6.87,Herbivore
2016,Apo Reef,Aladin,11,3,25,Zebrasoma,scopas,Zebrasoma scopas,3,12,1090,Acanthuridae,0.04,2.867,149,Herbivore
2016,Apo Reef,Aladin,11,3,20,Chromis,margaritifer,Chromis margaritifer,2,4,319,Pomacentridae,0.0182,3,2.33,Herbivore
2016,Apo Reef,Aladin,11,3,20,Plectroglyphidodon,lacrymatus,Plectroglyphidodon lacrymatus,1,6,795,Pomacentridae,0.02138,2.99,4.54,Herbivore
2016,Apo Reef,Aladin,11,3,20,Chaetodon,baronessa,Chaetodon baronessa,2,10,236,Chaetodontidae,0.0448,2.828,60.3,Corallivore
2016,Apo Reef,Aladin,11,3,20,Naso,vlamingii,Naso vlamingii,1,30,675,Acanthuridae,0.0497,2.839,776.07,Herbivore
2016,Apo Reef,Aladin,11,3,20,Acanthochromis,polyacanthus,Acanthochromis polyacanthus,2,10,12,Pomacentridae,0.02188,3.01,44.78,Planktivore
2016,Apo Reef,Aladin,11,3,20,Pomacentrus,lepidogenys,Pomacentrus lepidogenys,4,6,830,Pomacentridae,0.0215,3.21,27.06,Herbivore
2016,Apo Reef,Aladin,11,3,20,Zanclus,cornutus,Zanclus cornutus,1,20,1088,Zanclidae,0.0147,3.37,356.28,Omnivore
2016,Apo Reef,Aladin,11,3,20,Thalassoma,lunare,Thalassoma lunare,1,6,1061,Labridae,0.01072,2.96,2.16,Benthic Invertivore
2016,Apo Reef,Aladin,11,3,20,Amblyglyphidodon,curacao,Amblyglyphidodon curacao,1,10,56,Pomacentridae,0.02512,3.06,28.84,Planktivore
2016,Apo Reef,Aladin,11,3,20,Amblyglyphidodon,curacao,Amblyglyphidodon curacao,2,6,56,Pomacentridae,0.02512,3.06,12.08,Planktivore
2016,Apo Reef,Aladin,11,3,20,Chaetodon,adiergastos,Chaetodon adiergastos,2,14,233,Chaetodontidae,0.02239,3.01,126.16,Benthic Invertivore
2016,Apo Reef,Aladin,11,3,20,Oxycheilinus,digramma,Oxycheilinus digramma,1,12,714,Labridae,0.01449,3,25.04,Benthic Invertivore
2016,Apo Reef,Aladin,11,3,20,Ptereleotris,evides,Ptereleotris evides,5,6,899,Ptereleotridae,0.00389,3.12,5.21,Planktivore
2016,Apo Reef,Aladin,11,3,20,Labroides,dimidiatus,Labroides dimidiatus,3,6,583,Labridae,0.00447,3.13,3.66,Benthic Invertivore
2016,Apo Reef,Aladin,11,3,20,Pseudanthias,huchtii,Pseudanthias huchtii,3,6,867,Serranidae,0.0127,3.085,9.58,Planktivore
2016,Apo Reef,Aladin,11,3,20,Gomphosus,varius,Gomphosus varius,1,12,496,Labridae,0.00676,2.96,10.58,Benthic Invertivore
2016,Apo Reef,Aladin,11,3,20,Ctenochaetus,striatus,Ctenochaetus striatus,1,12,399,Acanthuridae,0.0137,3.083,29.1,Detritivore
2016,Apo Reef,Aladin,11,3,20,Chaetodon,kleinii,Chaetodon kleinii,2,8,241,Chaetodontidae,0.0448,2.828,32.08,Herbivore
2016,Apo Reef,Aladin,11,3,20,Zanclus,cornutus,Zanclus cornutus,2,10,1088,Zanclidae,0.0147,3.37,68.92,Omnivore
2016,Apo Reef,Aladin,11,3,15,Siganus,vulpinus,Siganus vulpinus,2,12,1009,Siganidae,0.0287,3,99.19,Herbivore
2016,Apo Reef,Aladin,11,3,15,Acanthurus,thompsoni,Acanthurus thompsoni,1,12,32,Acanthuridae,0.01533,3,26.49,Planktivore
2016,Apo Reef,Aladin,11,3,15,Ctenochaetus,striatus,Ctenochaetus striatus,1,12,399,Acanthuridae,0.0137,3.083,29.1,Detritivore
2016,Apo Reef,Aladin,11,3,15,Abudefduf,vaigiensis,Abudefduf vaigiensis,1,8,11,Pomacentridae,0.0195,3.03,10.63,Herbivore
2016,Apo Reef,Aladin,11,3,15,Chaetodon,lunula,Chaetodon lunula,1,12,243,Chaetodontidae,0.02239,3.01,39.66,Benthic Invertivore
2016,Apo Reef,Aladin,11,3,15,Cirrhilabrus,cyanopleura,Cirrhilabrus cyanopleura,30,4,350,Labridae,0.01445,2.94,25.53,Planktivore
2016,Apo Reef,Aladin,11,3,15,Amblyglyphidodon,curacao,Amblyglyphidodon curacao,1,6,56,Pomacentridae,0.02512,3.06,6.04,Planktivore
2016,Apo Reef,Aladin,11,3,15,Chromis,xanthura,Chromis xanthura,1,6,333,Pomacentridae,0.009,2.773,1.29,Planktivore
2016,Apo Reef,Aladin,11,3,15,Pomacentrus,brachialis,Pomacentrus brachialis,4,6,820,Pomacentridae,0.0116,3.387,20.05,Herbivore
2016,Apo Reef,Aladin,11,3,15,Acanthochromis,polyacanthus,Acanthochromis polyacanthus,2,10,12,Pomacentridae,0.02188,3.01,44.78,Planktivore
2016,Apo Reef,Aladin,11,3,15,Scarus,niger,Scarus niger,1,15,956,Scaridae,0.0316,3.09,136.08,Herbivore
2016,Apo Reef,Aladin,11,3,15,Zanclus,cornutus,Zanclus cornutus,1,12,1088,Zanclidae,0.0147,3.37,63.7,Omnivore
2016,Apo Reef,Aladin,11,3,15,Dascyllus,reticulatus,Dascyllus reticulatus,18,4,407,Pomacentridae,0.0612,2.747,49.65,Herbivore
2016,Apo Reef,Aladin,11,3,15,Ctenochaetus,striatus,Ctenochaetus striatus,2,12,399,Acanthuridae,0.0137,3.083,58.19,Detritivore
2016,Apo Reef,Aladin,11,3,10,Abudefduf,vaigiensis,Abudefduf vaigiensis,15,7,11,Pomacentridae,0.0195,3.03,106.36,Herbivore
2016,Apo Reef,Aladin,11,3,10,Cirrhilabrus,cyanopleura,Cirrhilabrus cyanopleura,30,4,350,Labridae,0.01445,2.94,25.53,Planktivore
2016,Apo Reef,Aladin,11,3,10,Pomacentrus,brachialis,Pomacentrus brachialis,5,6,820,Pomacentridae,0.0116,3.387,25.06,Herbivore
2016,Apo Reef,Aladin,11,3,10,Gomphosus,varius,Gomphosus varius,1,12,496,Labridae,0.00676,2.96,10.58,Benthic Invertivore
2016,Apo Reef,Aladin,11,3,10,Dascyllus,reticulatus,Dascyllus reticulatus,30,4,407,Pomacentridae,0.0612,2.747,82.74,Herbivore
2016,Apo Reef,Aladin,11,3,10,Plectroglyphidodon,lacrymatus,Plectroglyphidodon lacrymatus,1,6,795,Pomacentridae,0.02138,2.99,4.54,Herbivore
2016,Apo Reef,Aladin,11,3,10,Naso,vlamingii,Naso vlamingii,1,15,675,Acanthuridae,0.0497,2.839,108.46,Herbivore
2016,Apo Reef,Aladin,11,3,10,Chromis,xanthura,Chromis xanthura,1,13,333,Pomacentridae,0.009,2.773,11.05,Planktivore
2016,Apo Reef,Aladin,11,3,10,Balistapus,undulatus,Balistapus undulatus,1,15,153,Balistidae,0.0058,3.554,87.75,Omnivore
2016,Apo Reef,Aladin,11,3,10,Pomacentrus,vaiuli,Pomacentrus vaiuli,2,6,847,Pomacentridae,0.0619,2.628,13.73,Herbivore
2016,Apo Reef,Aladin,11,3,10,CHeilinus,fasciatus,CHeilinus fasciatus,1,12,270,Labridae,0.01487,3,25.7,Benthic Invertivore
2016,Apo Reef,Aladin,11,3,10,Scarus,niger,Scarus niger,3,12,956,Scaridae,0.0316,3.09,204.87,Herbivore
2016,Apo Reef,Aladin,11,3,10,Plectroglyphidodon,lacrymatus,Plectroglyphidodon lacrymatus,1,11,795,Pomacentridae,0.02138,2.99,27.78,Herbivore
2016,Apo Reef,Aladin,11,3,10,Chaetodon,baronessa,Chaetodon baronessa,2,12,236,Chaetodontidae,0.0448,2.828,100.98,Corallivore
2016,Apo Reef,Aladin,11,3,10,Scarus,hypselopterus,Scarus hypselopterus,1,10,953,Scaridae,0.00389,3.12,5.13,Herbivore
2016,Apo Reef,Aladin,11,3,10,Paracirrhites,arcatus,Paracirrhites arcatus,1,12,724,Cirrhitidae,0.00912,3.07,18.75,Benthic Invertivore
2016,Apo Reef,Aladin,11,3,10,Ctenochaetus,striatus,Ctenochaetus striatus,1,10,399,Acanthuridae,0.0137,3.083,16.59,Detritivore
2016,Apo Reef,Aladin,11,3,10,Amblyglyphidodon,curacao,Amblyglyphidodon curacao,1,10,56,Pomacentridae,0.02512,3.06,28.84,Planktivore
2016,Apo Reef,Aladin,11,3,10,Chromis,viridis,Chromis viridis,1,4,330,Pomacentridae,0.0642,2.518,2.11,Herbivore
2016,Apo Reef,Aladin,11,3,10,Thalassoma,lunare,Thalassoma lunare,1,6,1061,Labridae,0.01072,2.96,2.16,Benthic Invertivore
2016,Apo Reef,Aladin,11,3,10,Cephalopholis,urodeta,Cephalopholis urodeta,1,10,229,Serranidae,0.02822,2.818,18.56,Piscivore
2016,Apo Reef,Aladin,11,3,5,Pomacentrus,lepidogenys,Pomacentrus lepidogenys,1,6,830,Pomacentridae,0.0215,3.21,6.77,Herbivore
2016,Apo Reef,Aladin,11,3,5,Chromis,margaritifer,Chromis margaritifer,6,4,319,Pomacentridae,0.0182,3,6.99,Herbivore
2016,Apo Reef,Aladin,11,3,5,Chromis,viridis,Chromis viridis,10,5,330,Pomacentridae,0.0642,2.518,36.94,Herbivore
2016,Apo Reef,Aladin,11,3,5,Amblyglyphidodon,curacao,Amblyglyphidodon curacao,3,6,56,Pomacentridae,0.02512,3.06,18.13,Planktivore
2016,Apo Reef,Aladin,11,3,5,Cirrhilabrus,cyanopleura,Cirrhilabrus cyanopleura,10,6,350,Labridae,0.01445,2.94,28.03,Planktivore
2016,Apo Reef,Aladin,11,3,5,Pomacentrus,brachialis,Pomacentrus brachialis,1,6,820,Pomacentridae,0.0116,3.387,5.01,Herbivore
2016,Apo Reef,Aladin,11,3,5,Scarus,niger,Scarus niger,1,6,956,Scaridae,0.0316,3.09,8.02,Herbivore
2016,Apo Reef,Aladin,11,3,5,Acanthochromis,polyacanthus,Acanthochromis polyacanthus,1,12,12,Pomacentridae,0.02188,3.01,38.76,Planktivore
2016,Apo Reef,Aladin,11,3,5,Pomacentrus,amboinensis,Pomacentrus amboinensis,3,6,815,Pomacentridae,0.04394,2.824,20.77,Herbivore
2016,Apo Reef,Aladin,11,3,5,Chromis,viridis,Chromis viridis,1,5,330,Pomacentridae,0.0642,2.518,3.69,Herbivore
2016,Apo Reef,Aladin,11,3,5,Plectroglyphidodon,lacrymatus,Plectroglyphidodon lacrymatus,4,8,795,Pomacentridae,0.02138,2.99,42.89,Herbivore
2016,Apo Reef,Aladin,11,3,5,Oxycheilinus,digramma,Oxycheilinus digramma,1,12,714,Labridae,0.01449,3,25.04,Benthic Invertivore
2016,Apo Reef,Aladin,11,3,5,Heniochus,singularius,Heniochus singularius,2,18,555,Chaetodontidae,0.03009,3,350.97,Corallivore
2016,Apo Reef,Aladin,11,3,5,Abudefduf,vaigiensis,Abudefduf vaigiensis,10,12,11,Pomacentridae,0.0195,3.03,363.04,Herbivore
2016,Apo Reef,Ego Wall,11,1,5,Chromis,margaritifer,Chromis margaritifer,27,2,319,Pomacentridae,0.0182,3,3.93,Herbivore
2016,Apo Reef,Ego Wall,11,1,5,Chromis,ternatensis,Chromis ternatensis,7,3,328,Pomacentridae,0.043,2.889,7.19,Planktivore
2016,Apo Reef,Ego Wall,11,1,5,Labroides,dimidiatus,Labroides dimidiatus,1,2,583,Labridae,0.00447,3.13,0.04,Benthic Invertivore
2016,Apo Reef,Ego Wall,11,1,5,Melichthys,vidua,Melichthys vidua,1,9,646,Balistidae,0.0058,3.554,14.28,Omnivore
2016,Apo Reef,Ego Wall,11,1,5,Balistoides,viridescens,Balistoides viridescens,1,39,156,Balistidae,0.02442,3.018,1547.31,Corallivore
2016,Apo Reef,Ego Wall,11,1,5,Chromis,margaritifer,Chromis margaritifer,36,3,319,Pomacentridae,0.0182,3,17.69,Herbivore
2016,Apo Reef,Ego Wall,11,1,5,Chaetodon,lunulatus,Chaetodon lunulatus,2,4,244,Chaetodontidae,0.02239,3.01,2.91,Corallivore
2016,Apo Reef,Ego Wall,11,1,5,Chromis,retrofasciata,Chromis retrofasciata,1,2,325,Pomacentridae,0.009,2.773,0.06,Herbivore
2016,Apo Reef,Ego Wall,11,1,5,Chaetodon,kleinii,Chaetodon kleinii,1,1,241,Chaetodontidae,0.0448,2.828,0.04,Herbivore
2016,Apo Reef,Ego Wall,11,1,5,Odonus,niger,Odonus niger,2,6,699,Balistidae,0.0119,3,5.14,Benthic Invertivore
2016,Apo Reef,Ego Wall,11,1,10,Chromis,margaritifer,Chromis margaritifer,30,2,319,Pomacentridae,0.0182,3,4.37,Herbivore
2016,Apo Reef,Ego Wall,11,1,10,Labrichthys,unilineatus,Labrichthys unilineatus,1,10,581,Labridae,0.01503,3,15.03,Benthic Invertivore
2016,Apo Reef,Ego Wall,11,1,10,Chromis,analis,Chromis analis,3,2,307,Pomacentridae,0.0182,3,0.44,Planktivore
2016,Apo Reef,Ego Wall,11,1,10,Melichthys,vidua,Melichthys vidua,2,10,646,Balistidae,0.0058,3.554,41.54,Omnivore
2016,Apo Reef,Ego Wall,11,1,10,Acanthurus,japonicus,Acanthurus japonicus,2,10,20,Acanthuridae,0.02188,2.97,40.84,Herbivore
2016,Apo Reef,Ego Wall,11,1,10,Chromis,margaritifer,Chromis margaritifer,10,2,319,Pomacentridae,0.0182,3,1.46,Herbivore
2016,Apo Reef,Ego Wall,11,1,10,Centropyge,vrolikii,Centropyge vrolikii,1,4,218,Pomacanthidae,0.0302,2.89,1.66,Corallivore
2016,Apo Reef,Ego Wall,11,1,10,Ptereleotris,evides,Ptereleotris evides,2,3,899,Ptereleotridae,0.00389,3.12,0.24,Planktivore
2016,Apo Reef,Ego Wall,11,1,10,Cirrhilabrus,cyanopleura,Cirrhilabrus cyanopleura,3,4,350,Labridae,0.01445,2.94,2.55,Planktivore
2016,Apo Reef,Ego Wall,11,1,10,Balistapus,undulatus,Balistapus undulatus,1,10,153,Balistidae,0.0058,3.554,20.77,Omnivore
2016,Apo Reef,Ego Wall,11,1,15,Acanthurus,japonicus,Acanthurus japonicus,2,10,20,Acanthuridae,0.02188,2.97,40.84,Herbivore
2016,Apo Reef,Ego Wall,11,1,15,Chromis,margaritifer,Chromis margaritifer,21,2,319,Pomacentridae,0.0182,3,3.06,Herbivore
2016,Apo Reef,Ego Wall,11,1,15,Amanses,scopas,Amanses scopas,2,7,48,Monacanthidae,0.02089,2.92,12.26,Benthic Invertivore
2016,Apo Reef,Ego Wall,11,1,15,Paracirrhites,arcatus,Paracirrhites arcatus,2,4,724,Cirrhitidae,0.00912,3.07,1.29,Benthic Invertivore
2016,Apo Reef,Ego Wall,11,1,15,Myripristis,berndti,Myripristis berndti,3,8,656,Holocentridae,0.0168,3.061,29.29,Planktivore
2016,Apo Reef,Ego Wall,11,1,15,Chaetodon,lunulatus,Chaetodon lunulatus,2,7,244,Chaetodontidae,0.02239,3.01,15.66,Corallivore
2016,Apo Reef,Ego Wall,11,1,15,Chaetodon,adiergastos,Chaetodon adiergastos,1,13,233,Chaetodontidae,0.02239,3.01,50.47,Benthic Invertivore
2016,Apo Reef,Ego Wall,11,1,15,Centropyge,bispinosus,Centropyge bispinosus,1,5,208,Pomacanthidae,0.03236,2.74,2.66,Corallivore
2016,Apo Reef,Ego Wall,11,1,15,Acanthurus,japonicus,Acanthurus japonicus,1,8,20,Acanthuridae,0.02188,2.97,10.53,Herbivore
2016,Apo Reef,Ego Wall,11,1,15,Chromis,margaritifer,Chromis margaritifer,25,2,319,Pomacentridae,0.0182,3,3.64,Herbivore
2016,Apo Reef,Ego Wall,11,1,15,Pomacentrus,lepidogenys,Pomacentrus lepidogenys,1,2,830,Pomacentridae,0.0215,3.21,0.2,Herbivore
2016,Apo Reef,Ego Wall,11,1,15,Centropyge,vrolikii,Centropyge vrolikii,1,4,218,Pomacanthidae,0.0302,2.89,1.66,Corallivore
2016,Apo Reef,Ego Wall,11,1,15,Chromis,margaritifer,Chromis margaritifer,32,2,319,Pomacentridae,0.0182,3,4.66,Herbivore
2016,Apo Reef,Ego Wall,11,1,15,Scarus,niger,Scarus niger,1,18,956,Scaridae,0.0316,3.09,239.04,Herbivore
2016,Apo Reef,Ego Wall,11,1,15,Centropyge,vrolikii,Centropyge vrolikii,1,4,218,Pomacanthidae,0.0302,2.89,1.66,Corallivore
2016,Apo Reef,Ego Wall,11,1,15,Odonus,niger,Odonus niger,2,6,699,Balistidae,0.0119,3,5.14,Benthic Invertivore
2016,Apo Reef,Ego Wall,11,1,15,Zebrasoma,scopas,Zebrasoma scopas,1,8,1090,Acanthuridae,0.04,2.867,15.53,Herbivore
2016,Apo Reef,Ego Wall,11,1,15,Thalassoma,hardwicke,Thalassoma hardwicke,2,2,1059,Labridae,0.00977,3.04,0.16,Benthic Invertivore
2016,Apo Reef,Ego Wall,11,1,15,Chromis,margaritifer,Chromis margaritifer,12,2,319,Pomacentridae,0.0182,3,1.75,Herbivore
2016,Apo Reef,Ego Wall,11,1,15,Cephalopholis,urodeta,Cephalopholis urodeta,1,4,229,Serranidae,0.02822,2.818,1.4,Piscivore
2016,Apo Reef,Ego Wall,11,1,15,Acanthurus,japonicus,Acanthurus japonicus,1,4,20,Acanthuridae,0.02188,2.97,1.34,Herbivore
2016,Apo Reef,Ego Wall,11,1,15,Plectroglyphidodon,dickii,Plectroglyphidodon dickii,2,2,792,Pomacentridae,0.0612,2.747,0.82,Corallivore
2016,Apo Reef,Ego Wall,11,1,15,Melichthys,vidua,Melichthys vidua,1,10,646,Balistidae,0.0058,3.554,20.77,Omnivore
2016,Apo Reef,Ego Wall,11,1,15,Balistapus,undulatus,Balistapus undulatus,1,10,153,Balistidae,0.0058,3.554,20.77,Omnivore
2016,Apo Reef,Ego Wall,11,1,15,Balistapus,undulatus,Balistapus undulatus,1,12,153,Balistidae,0.0058,3.554,39.7,Omnivore
2016,Apo Reef,Ego Wall,11,1,15,Ctenochaetus,binotatus,Ctenochaetus binotatus,1,10,395,Acanthuridae,0.081,2.59,31.51,Detritivore
2016,Apo Reef,Ego Wall,11,1,20,Chromis,margaritifer,Chromis margaritifer,21,2,319,Pomacentridae,0.0182,3,3.06,Herbivore
2016,Apo Reef,Ego Wall,11,1,20,Cirrhilabrus,cyanopleura,Cirrhilabrus cyanopleura,8,2,350,Labridae,0.01445,2.94,0.89,Planktivore
2016,Apo Reef,Ego Wall,11,1,20,Chlorurus,sordidus,Chlorurus sordidus,1,10,295,Scaridae,0.0319,2.927,26.96,Detritivore
2016,Apo Reef,Ego Wall,11,1,20,Siganus,vulpinus,Siganus vulpinus,1,10,1009,Siganidae,0.0287,3,28.7,Herbivore
2016,Apo Reef,Ego Wall,11,1,20,Melichthys,vidua,Melichthys vidua,1,10,646,Balistidae,0.0058,3.554,20.77,Omnivore
2016,Apo Reef,Ego Wall,11,1,20,Chromis,margaritifer,Chromis margaritifer,18,2,319,Pomacentridae,0.0182,3,2.62,Herbivore
2016,Apo Reef,Ego Wall,11,1,20,Melichthys,vidua,Melichthys vidua,1,8,646,Balistidae,0.0058,3.554,9.4,Omnivore
2016,Apo Reef,Ego Wall,11,1,20,Chaetodon,baronessa,Chaetodon baronessa,1,4,236,Chaetodontidae,0.0448,2.828,2.26,Corallivore
2016,Apo Reef,Ego Wall,11,1,20,Ctenochaetus,binotatus,Ctenochaetus binotatus,1,4,395,Acanthuridae,0.081,2.59,2.94,Detritivore
2016,Apo Reef,Ego Wall,11,1,20,Centropyge,vrolikii,Centropyge vrolikii,1,3,218,Pomacanthidae,0.0302,2.89,0.72,Corallivore
2016,Apo Reef,Ego Wall,11,1,25,Chromis,margaritifer,Chromis margaritifer,18,2,319,Pomacentridae,0.0182,3,2.62,Herbivore
2016,Apo Reef,Ego Wall,11,1,25,Zanclus,cornutus,Zanclus cornutus,1,5,1088,Zanclidae,0.0147,3.37,3.33,Omnivore
2016,Apo Reef,Ego Wall,11,1,25,Pseudocheilinus,evanidus,Pseudocheilinus evanidus,1,3,879,Labridae,0.00488,3.51,0.23,Benthic Invertivore
2016,Apo Reef,Ego Wall,11,1,25,Cephalopholis,urodeta,Cephalopholis urodeta,1,4,229,Serranidae,0.02822,2.818,1.4,Piscivore
2016,Apo Reef,Ego Wall,11,1,25,Pygoplites,diacanthus,Pygoplites diacanthus,1,21,918,Pomacanthidae,0.00514,3,47.6,Benthic Invertivore
2016,Apo Reef,Ego Wall,11,1,25,Acanthurus,nigrofuscus,Acanthurus nigrofuscus,1,18,27,Acanthuridae,0.0089,3.278,115.92,Herbivore
2016,Apo Reef,Ego Wall,11,1,25,Balistoides,conspicillum,Balistoides conspicillum,1,18,154,Balistidae,0.02344,2.96,121.78,Benthic Invertivore
2016,Apo Reef,Ego Wall,11,1,25,Chromis,margaritifer,Chromis margaritifer,21,2,319,Pomacentridae,0.0182,3,3.06,Herbivore
2016,Apo Reef,Ego Wall,11,1,25,Chaetodon,ornatissimus,Chaetodon ornatissimus,1,5,250,Chaetodontidae,0.02239,3.01,2.84,Corallivore
2016,Apo Reef,Ego Wall,11,1,25,Acanthurus,japonicus,Acanthurus japonicus,1,4,20,Acanthuridae,0.02188,2.97,1.34,Herbivore
2016,Apo Reef,Ego Wall,11,1,25,Chaetodon,baronessa,Chaetodon baronessa,2,6,236,Chaetodontidae,0.0448,2.828,14.22,Corallivore
2016,Apo Reef,Ego Wall,11,1,25,Pomacentrus,lepidogenys,Pomacentrus lepidogenys,1,4,830,Pomacentridae,0.0215,3.21,1.84,Herbivore
2016,Apo Reef,Ego Wall,11,2,25,Ctenochaetus,striatus,Ctenochaetus striatus,4,8,399,Acanthuridae,0.0137,3.083,33.34,Detritivore
2016,Apo Reef,Ego Wall,11,2,25,Naso,lituratus,Naso lituratus,2,12,668,Acanthuridae,0.0497,2.839,115.13,Herbivore
2016,Apo Reef,Ego Wall,11,2,25,Zebrasoma,scopas,Zebrasoma scopas,20,6,1090,Acanthuridae,0.04,2.867,136.16,Herbivore
2016,Apo Reef,Ego Wall,11,2,25,Chromis,margaritifer,Chromis margaritifer,30,6,319,Pomacentridae,0.0182,3,117.94,Herbivore
2016,Apo Reef,Ego Wall,11,2,25,Centropyge,vrolikii,Centropyge vrolikii,1,6,218,Pomacanthidae,0.0302,2.89,5.36,Corallivore
2016,Apo Reef,Ego Wall,11,2,25,Arothron,nigropunctatus,Arothron nigropunctatus,1,15,137,Tetraodontidae,0.02655,3,89.61,Corallivore
2016,Apo Reef,Ego Wall,11,2,25,Dascyllus,trimaculatus,Dascyllus trimaculatus,6,6,409,Pomacentridae,0.03132,3.043,43.84,Herbivore
2016,Apo Reef,Ego Wall,11,2,25,Chromis,retrofasciata,Chromis retrofasciata,1,6,325,Pomacentridae,0.009,2.773,1.29,Herbivore
2016,Apo Reef,Ego Wall,11,2,25,Centropyge,vrolikii,Centropyge vrolikii,1,12,218,Pomacanthidae,0.0302,2.89,39.7,Corallivore
2016,Apo Reef,Ego Wall,11,2,25,Paracirrhites,arcatus,Paracirrhites arcatus,1,8,724,Cirrhitidae,0.00912,3.07,5.4,Benthic Invertivore
2016,Apo Reef,Ego Wall,11,2,25,Heniochus,varius,Heniochus varius,1,8,557,Chaetodontidae,0.02502,3,12.81,Corallivore
2016,Apo Reef,Ego Wall,11,2,25,Balistapus,undulatus,Balistapus undulatus,1,20,153,Balistidae,0.0058,3.554,243.94,Omnivore
2016,Apo Reef,Ego Wall,11,2,25,Naso,lituratus,Naso lituratus,1,10,668,Acanthuridae,0.0497,2.839,34.3,Herbivore
2016,Apo Reef,Ego Wall,11,2,25,Heniochus,varius,Heniochus varius,3,15,557,Chaetodontidae,0.02502,3,253.33,Corallivore
2016,Apo Reef,Ego Wall,11,2,25,Pomacentrus,philippinus,Pomacentrus philippinus,2,12,837,Pomacentridae,0.0508,2.707,84.77,Herbivore
2016,Apo Reef,Ego Wall,11,2,25,Chaetodon,baronessa,Chaetodon baronessa,1,8,236,Chaetodontidae,0.0448,2.828,16.04,Corallivore
2016,Apo Reef,Ego Wall,11,2,25,Scolopsis,margaritifer,Scolopsis margaritifer,1,15,974,Nemipteridae,0.01202,2.99,39.48,Benthic Invertivore
2016,Apo Reef,Ego Wall,11,2,25,Chromis,xanthura,Chromis xanthura,10,6,333,Pomacentridae,0.009,2.773,12.94,Planktivore
2016,Apo Reef,Ego Wall,11,2,25,Pomacentrus,lepidogenys,Pomacentrus lepidogenys,2,6,830,Pomacentridae,0.0215,3.21,13.53,Herbivore
2016,Apo Reef,Ego Wall,11,2,25,Chaetodon,vagabundus,Chaetodon vagabundus,2,15,264,Chaetodontidae,0.02776,2.973,174.17,Corallivore
2016,Apo Reef,Ego Wall,11,2,25,Neopomacentrus,anabatoides,Neopomacentrus anabatoides,5,5,691,Pomacentridae,0.01479,2.99,9.1,Planktivore
2016,Apo Reef,Ego Wall,11,2,25,Chaetodon,ornatissimus,Chaetodon ornatissimus,1,10,250,Chaetodontidae,0.02239,3.01,22.91,Corallivore
2016,Apo Reef,Ego Wall,11,2,25,Pygoplites,diacanthus,Pygoplites diacanthus,1,30,918,Pomacanthidae,0.00514,3,138.78,Benthic Invertivore
2016,Apo Reef,Ego Wall,11,2,25,Naso,brevirostris,Naso brevirostris,2,60,665,Acanthuridae,0.0602,2.743,9080.2,Herbivore
2016,Apo Reef,Ego Wall,11,2,10,Chromis,margaritifer,Chromis margaritifer,40,2,319,Pomacentridae,0.0182,3,5.82,Herbivore
2016,Apo Reef,Ego Wall,11,2,10,Pseudanthias,tuka,Pseudanthias tuka,30,3,875,Serranidae,0.00955,2.97,7.48,Planktivore
2016,Apo Reef,Ego Wall,11,2,10,Chlorurus,bleekeri,Chlorurus bleekeri,2,20,288,Scaridae,0.01995,3.01,328.91,Herbivore
2016,Apo Reef,Ego Wall,11,2,10,Siganus,vulpinus,Siganus vulpinus,1,16,1009,Siganidae,0.0287,3,117.56,Herbivore
2016,Apo Reef,Ego Wall,11,2,10,Labroides,dimidiatus,Labroides dimidiatus,1,1,583,Labridae,0.00447,3.13,0,Benthic Invertivore
2016,Apo Reef,Ego Wall,11,2,10,Chaetodon,lunulatus,Chaetodon lunulatus,2,7,244,Chaetodontidae,0.02239,3.01,15.66,Corallivore
2016,Apo Reef,Ego Wall,11,2,10,Chromis,margaritifer,Chromis margaritifer,20,7,319,Pomacentridae,0.0182,3,124.85,Herbivore
2016,Apo Reef,Ego Wall,11,2,10,Balistapus,undulatus,Balistapus undulatus,1,10,153,Balistidae,0.0058,3.554,20.77,Omnivore
2016,Apo Reef,Ego Wall,11,2,10,Ctenochaetus,striatus,Ctenochaetus striatus,1,10,399,Acanthuridae,0.0137,3.083,16.59,Detritivore
2016,Apo Reef,Ego Wall,11,2,15,Melichthys,vidua,Melichthys vidua,1,10,646,Balistidae,0.0058,3.554,20.77,Omnivore
2016,Apo Reef,Ego Wall,11,2,15,Ptereleotris,evides,Ptereleotris evides,4,2,899,Ptereleotridae,0.00389,3.12,0.14,Planktivore
2016,Apo Reef,Ego Wall,11,2,15,Amblyglyphidodon,curacao,Amblyglyphidodon curacao,4,8,56,Pomacentridae,0.02512,3.06,58.28,Planktivore
2016,Apo Reef,Ego Wall,11,2,15,Chromis,margaritifer,Chromis margaritifer,6,2,319,Pomacentridae,0.0182,3,0.87,Herbivore
2016,Apo Reef,Ego Wall,11,2,15,Chromis,margaritifer,Chromis margaritifer,14,2,319,Pomacentridae,0.0182,3,2.04,Herbivore
2016,Apo Reef,Ego Wall,11,2,15,Scarus,forsteni,Scarus forsteni,1,8,949,Scaridae,0.01995,3.01,10.43,Herbivore
2016,Apo Reef,Ego Wall,11,2,15,Acanthurus,japonicus,Acanthurus japonicus,1,10,20,Acanthuridae,0.02188,2.97,20.42,Herbivore
2016,Apo Reef,Ego Wall,11,2,20,Pomacentrus,philippinus,Pomacentrus philippinus,1,5,837,Pomacentridae,0.0508,2.707,3.96,Herbivore
2016,Apo Reef,Ego Wall,11,2,20,Ctenochaetus,striatus,Ctenochaetus striatus,1,12,399,Acanthuridae,0.0137,3.083,29.1,Detritivore
2016,Apo Reef,Ego Wall,11,2,20,Chromis,margaritifer,Chromis margaritifer,6,2,319,Pomacentridae,0.0182,3,0.87,Herbivore
2016,Apo Reef,Ego Wall,11,2,20,Cheilinus,undulatus,Cheilinus undulatus,1,40,274,Labridae,0.01514,2.99,933.87,Benthic Invertivore
2016,Apo Reef,Ego Wall,11,2,20,Acanthurus,japonicus,Acanthurus japonicus,1,10,20,Acanthuridae,0.02188,2.97,20.42,Herbivore
2016,Apo Reef,Ego Wall,11,2,20,Naso,brevirostris,Naso brevirostris,2,50,665,Acanthuridae,0.0602,2.743,5506.82,Herbivore
2016,Apo Reef,Ego Wall,11,2,20,Chromis,margaritifer,Chromis margaritifer,3,2,319,Pomacentridae,0.0182,3,0.44,Herbivore
2016,Apo Reef,Ego Wall,11,2,20,Melichthys,vidua,Melichthys vidua,2,10,646,Balistidae,0.0058,3.554,41.54,Omnivore
2016,Apo Reef,Ego Wall,11,3,5,Plectroglyphidodon,lacrymatus,Plectroglyphidodon lacrymatus,1,6,795,Pomacentridae,0.02138,2.99,4.54,Herbivore
2016,Apo Reef,Ego Wall,11,3,5,Plectroglyphidodon,lacrymatus,Plectroglyphidodon lacrymatus,3,8,795,Pomacentridae,0.02138,2.99,32.16,Herbivore
2016,Apo Reef,Ego Wall,11,3,5,Paracirrhites,arcatus,Paracirrhites arcatus,1,12,724,Cirrhitidae,0.00912,3.07,18.75,Benthic Invertivore
2016,Apo Reef,Ego Wall,11,3,5,Paracirrhites,arcatus,Paracirrhites arcatus,1,10,724,Cirrhitidae,0.00912,3.07,10.72,Benthic Invertivore
2016,Apo Reef,Ego Wall,11,3,5,Abudefduf,vaigiensis,Abudefduf vaigiensis,6,10,11,Pomacentridae,0.0195,3.03,125.37,Herbivore
2016,Apo Reef,Ego Wall,11,3,5,Melichthys,vidua,Melichthys vidua,1,20,646,Balistidae,0.0058,3.554,243.94,Omnivore
2016,Apo Reef,Ego Wall,11,3,5,Centropyge,vrolikii,Centropyge vrolikii,2,10,218,Pomacanthidae,0.0302,2.89,46.89,Corallivore
2016,Apo Reef,Ego Wall,11,3,5,Ctenochaetus,striatus,Ctenochaetus striatus,2,10,399,Acanthuridae,0.0137,3.083,33.17,Detritivore
2016,Apo Reef,Ego Wall,11,3,5,Chromis,margaritifer,Chromis margaritifer,2,6,319,Pomacentridae,0.0182,3,7.86,Herbivore
2016,Apo Reef,Ego Wall,11,3,5,Cephalopholis,urodeta,Cephalopholis urodeta,1,10,229,Serranidae,0.02822,2.818,18.56,Piscivore
2016,Apo Reef,Ego Wall,11,3,5,Arothron,stellatus,Arothron stellatus,1,20,140,Tetraodontidae,0.0915,2.672,274.01,Benthic Invertivore
2016,Apo Reef,Ego Wall,11,3,5,Chromis,margaritifer,Chromis margaritifer,30,5,319,Pomacentridae,0.0182,3,68.25,Herbivore
2016,Apo Reef,Ego Wall,11,3,5,Balistapus,undulatus,Balistapus undulatus,1,12,153,Balistidae,0.0058,3.554,39.7,Omnivore
2016,Apo Reef,Ego Wall,11,3,5,Chaetodon,ornatissimus,Chaetodon ornatissimus,2,10,250,Chaetodontidae,0.02239,3.01,45.82,Corallivore
2016,Apo Reef,Ego Wall,11,3,5,Naso,lituratus,Naso lituratus,3,12,668,Acanthuridae,0.0497,2.839,172.69,Herbivore
2016,Apo Reef,Ego Wall,11,3,5,Pomacentrus,lepidogenys,Pomacentrus lepidogenys,1,4,830,Pomacentridae,0.0215,3.21,1.84,Herbivore
2016,Apo Reef,Ego Wall,11,3,5,Chaetodon,ulietensis,Chaetodon ulietensis,1,15,262,Chaetodontidae,0.03114,2.874,74.71,Corallivore
2016,Apo Reef,Ego Wall,11,3,10,Chaetodon,ornatissimus,Chaetodon ornatissimus,1,10,250,Chaetodontidae,0.02239,3.01,22.91,Corallivore
2016,Apo Reef,Ego Wall,11,3,10,Chromis,retrofasciata,Chromis retrofasciata,1,6,325,Pomacentridae,0.009,2.773,1.29,Herbivore
2016,Apo Reef,Ego Wall,11,3,10,Chromis,margaritifer,Chromis margaritifer,30,4,319,Pomacentridae,0.0182,3,34.94,Herbivore
2016,Apo Reef,Ego Wall,11,3,10,Chromis,margaritifer,Chromis margaritifer,10,5,319,Pomacentridae,0.0182,3,22.75,Herbivore
2016,Apo Reef,Ego Wall,11,3,10,Pseudanthias,huchtii,Pseudanthias huchtii,10,5,867,Serranidae,0.0127,3.085,18.2,Planktivore
2016,Apo Reef,Ego Wall,11,3,10,Pomacentrus,lepidogenys,Pomacentrus lepidogenys,1,6,830,Pomacentridae,0.0215,3.21,6.77,Herbivore
2016,Apo Reef,Ego Wall,11,3,10,Thalassoma,hardwicke,Thalassoma hardwicke,1,8,1059,Labridae,0.00977,3.04,5.44,Benthic Invertivore
2016,Apo Reef,Ego Wall,11,3,10,Halichoeres,prosopeion,Halichoeres prosopeion,30,6,533,Labridae,0.00977,3.07,71.77,Benthic Invertivore
2016,Apo Reef,Ego Wall,11,3,10,naso,lituratus,naso lituratus,2,6,668,Acanthuridae,0.0497,2.839,16.09,Herbivore
2016,Apo Reef,Ego Wall,11,3,10,Plectroglyphidodon,lacrymatus,Plectroglyphidodon lacrymatus,1,12,795,Pomacentridae,0.02138,2.99,36.04,Herbivore
2016,Apo Reef,Ego Wall,11,3,10,Ctenochaetus,striatus,Ctenochaetus striatus,1,10,399,Acanthuridae,0.0137,3.083,16.59,Detritivore
2016,Apo Reef,Ego Wall,11,3,10,Melichthys,vidua,Melichthys vidua,2,12,646,Balistidae,0.0058,3.554,79.41,Omnivore
2016,Apo Reef,Ego Wall,11,3,15,Naso,lituratus,Naso lituratus,2,10,668,Acanthuridae,0.0497,2.839,68.61,Herbivore
2016,Apo Reef,Ego Wall,11,3,15,Ctenochaetus,binotatus,Ctenochaetus binotatus,2,15,395,Acanthuridae,0.081,2.59,180.13,Detritivore
2016,Apo Reef,Ego Wall,11,3,15,Melichthys,vidua,Melichthys vidua,1,25,646,Balistidae,0.0058,3.554,539.15,Omnivore
2016,Apo Reef,Ego Wall,11,3,15,Chromis,margaritifer,Chromis margaritifer,10,4,319,Pomacentridae,0.0182,3,11.65,Herbivore
2016,Apo Reef,Ego Wall,11,3,15,Balistapus,undulatus,Balistapus undulatus,1,20,153,Balistidae,0.0058,3.554,243.94,Omnivore
2016,Apo Reef,Ego Wall,11,3,15,Neopomacentrus,anabatoides,Neopomacentrus anabatoides,1,6,691,Pomacentridae,0.01479,2.99,3.14,Planktivore
2016,Apo Reef,Ego Wall,11,3,15,Centropyge,vrolikii,Centropyge vrolikii,1,10,218,Pomacanthidae,0.0302,2.89,23.44,Corallivore
2016,Apo Reef,Ego Wall,11,3,15,Paracirrhites,arcatus,Paracirrhites arcatus,1,10,724,Cirrhitidae,0.00912,3.07,10.72,Benthic Invertivore
2016,Apo Reef,Ego Wall,11,3,15,Labroides,dimidiatus,Labroides dimidiatus,2,6,583,Labridae,0.00447,3.13,2.44,Benthic Invertivore
2016,Apo Reef,Ego Wall,11,3,15,Chromis,retrofasciata,Chromis retrofasciata,1,6,325,Pomacentridae,0.009,2.773,1.29,Herbivore
2016,Apo Reef,Ego Wall,11,3,15,Ctenochaetus,striatus,Ctenochaetus striatus,1,12,399,Acanthuridae,0.0137,3.083,29.1,Detritivore
2016,Apo Reef,Ego Wall,11,3,15,Thalassoma,hardwicke,Thalassoma hardwicke,1,6,1059,Labridae,0.00977,3.04,2.27,Benthic Invertivore
2016,Apo Reef,Ego Wall,11,3,15,Dascyllus,trimaculatus,Dascyllus trimaculatus,3,10,409,Pomacentridae,0.03132,3.043,103.74,Herbivore
2016,Apo Reef,Ego Wall,11,3,15,Cephalopholis,urodeta,Cephalopholis urodeta,1,10,229,Serranidae,0.02822,2.818,18.56,Piscivore
2016,Apo Reef,Ego Wall,11,3,15,Cephalopholis,boenak,Cephalopholis boenak,1,18,220,Serranidae,0.01462,3.019,90.08,Piscivore
2016,Apo Reef,Ego Wall,11,3,20,Naso,lituratus,Naso lituratus,1,10,668,Acanthuridae,0.0497,2.839,34.3,Herbivore
2016,Apo Reef,Ego Wall,11,3,20,Acanthochromis,polyacanthus,Acanthochromis polyacanthus,2,10,12,Pomacentridae,0.02188,3.01,44.78,Planktivore
2016,Apo Reef,Ego Wall,11,3,20,Melichthys,vidua,Melichthys vidua,1,15,646,Balistidae,0.0058,3.554,87.75,Omnivore
2016,Apo Reef,Ego Wall,11,3,20,Ctenochaetus,striatus,Ctenochaetus striatus,4,10,399,Acanthuridae,0.0137,3.083,66.34,Detritivore
2016,Apo Reef,Ego Wall,11,3,20,Balistapus,undulatus,Balistapus undulatus,1,10,153,Balistidae,0.0058,3.554,20.77,Omnivore
2016,Apo Reef,Ego Wall,11,3,20,Zebrasoma,scopas,Zebrasoma scopas,1,10,1090,Acanthuridae,0.04,2.867,29.45,Herbivore
2016,Apo Reef,Ego Wall,11,3,20,Cephalopholis,urodeta,Cephalopholis urodeta,1,8,229,Serranidae,0.02822,2.818,9.9,Piscivore
2016,Apo Reef,Ego Wall,11,3,20,Zanclus,cornutus,Zanclus cornutus,1,10,1088,Zanclidae,0.0147,3.37,34.46,Omnivore
2016,Apo Reef,Ego Wall,11,3,20,Siganus,vulpinus,Siganus vulpinus,1,10,1009,Siganidae,0.0287,3,28.7,Herbivore
2016,Apo Reef,Ego Wall,11,3,20,Caranx,ignobilis,Caranx ignobilis,1,40,202,Carangidae,0.0276,2.94,1415.68,Piscivore
2016,Apo Reef,Ego Wall,11,3,25,naso,lituratus,naso lituratus,2,12,668,Acanthuridae,0.0497,2.839,115.13,Herbivore
2016,Apo Reef,Ego Wall,11,3,25,Ctenochaetus,striatus,Ctenochaetus striatus,5,10,399,Acanthuridae,0.0137,3.083,82.93,Detritivore
2016,Apo Reef,Ego Wall,11,3,25,Chromis,margaritifer,Chromis margaritifer,6,12,319,Pomacentridae,0.0182,3,188.7,Herbivore
2016,Apo Reef,Ego Wall,11,3,25,Cephalopholis,argus,Cephalopholis argus,1,25,219,Serranidae,0.00678,3.274,255.91,Piscivore
2016,Apo Reef,Ego Wall,11,3,25,Chaetodon,baronessa,Chaetodon baronessa,1,10,236,Chaetodontidae,0.0448,2.828,30.15,Corallivore
2016,Apo Reef,Ego Wall,11,3,25,Dascyllus,trimaculatus,Dascyllus trimaculatus,1,8,409,Pomacentridae,0.03132,3.043,17.54,Herbivore
2016,Apo Reef,Ego Wall,11,3,25,Melichthys,vidua,Melichthys vidua,1,12,646,Balistidae,0.0058,3.554,39.7,Omnivore
2016,Apo Reef,Ego Wall,11,3,25,Scarus,forsteni,Scarus forsteni,1,12,949,Scaridae,0.01995,3.01,35.34,Herbivore
2016,Apo Reef,Ego Wall,11,3,25,Gomphosus,varius,Gomphosus varius,1,8,496,Labridae,0.00676,2.96,3.18,Benthic Invertivore
2016,Apo Reef,Ego Wall,11,3,25,Centropyge,vrolikii,Centropyge vrolikii,1,10,218,Pomacanthidae,0.0302,2.89,23.44,Corallivore
2016,Apo Reef,Ego Wall,11,3,25,Naso,brevirostris,Naso brevirostris,1,40,665,Acanthuridae,0.0602,2.743,1492.96,Herbivore
2016,Apo Reef,Mabuti,11,1,15,Chromis,xanthura,Chromis xanthura,20,4,333,Pomacentridae,0.009,2.773,8.41,Planktivore
2016,Apo Reef,Mabuti,11,1,15,Melichthys,vidua,Melichthys vidua,1,12,646,Balistidae,0.0058,3.554,39.7,Omnivore
2016,Apo Reef,Mabuti,11,1,15,Naso,hexacanthus,Naso hexacanthus,1,40,667,Acanthuridae,0.0424,2.854,1583.6,Omnivore
2016,Apo Reef,Mabuti,11,1,15,Macolor,niger,Macolor niger,2,25,630,Lutjanidae,0.01453,3,454.06,Piscivore
2016,Apo Reef,Mabuti,11,1,15,Ctenochaetus,striatus,Ctenochaetus striatus,1,12,399,Acanthuridae,0.0137,3.083,29.1,Detritivore
2016,Apo Reef,Mabuti,11,1,15,Ctenochaetus,striatus,Ctenochaetus striatus,3,10,399,Acanthuridae,0.0137,3.083,49.76,Detritivore
2016,Apo Reef,Mabuti,11,1,15,Odonus,niger,Odonus niger,1,15,699,Balistidae,0.0119,3,40.16,Benthic Invertivore
2016,Apo Reef,Mabuti,11,1,15,Odonus,niger,Odonus niger,1,10,699,Balistidae,0.0119,3,11.9,Benthic Invertivore
2016,Apo Reef,Mabuti,11,1,15,Chaetodon,kleinii,Chaetodon kleinii,2,6,241,Chaetodontidae,0.0448,2.828,14.22,Herbivore
2016,Apo Reef,Mabuti,11,1,15,Arothron,nigropunctatus,Arothron nigropunctatus,1,15,137,Tetraodontidae,0.02655,3,89.61,Corallivore
2016,Apo Reef,Mabuti,11,1,15,Cheilinus,fasciatus,Cheilinus fasciatus,1,40,270,Labridae,0.01487,3,951.68,Benthic Invertivore
2016,Apo Reef,Mabuti,11,1,15,Acanthurus,japonicus,Acanthurus japonicus,3,12,20,Acanthuridae,0.02188,2.97,105.28,Herbivore
2016,Apo Reef,Mabuti,11,1,15,Ctenochaetus,binotatus,Ctenochaetus binotatus,1,10,395,Acanthuridae,0.081,2.59,31.51,Detritivore
2016,Apo Reef,Mabuti,11,1,15,Zebrasoma,scopas,Zebrasoma scopas,2,12,1090,Acanthuridae,0.04,2.867,99.34,Herbivore
2016,Apo Reef,Mabuti,11,1,15,Zanclus,cornutus,Zanclus cornutus,2,12,1088,Zanclidae,0.0147,3.37,127.41,Omnivore
2016,Apo Reef,Mabuti,11,1,15,Naso,lituratus,Naso lituratus,2,12,668,Acanthuridae,0.0497,2.839,115.13,Herbivore
2016,Apo Reef,Mabuti,11,1,15,Chaetodon,ornatissimus,Chaetodon ornatissimus,2,12,250,Chaetodontidae,0.02239,3.01,79.33,Corallivore
2016,Apo Reef,Mabuti,11,1,15,Chromis,margaritifer,Chromis margaritifer,3,4,319,Pomacentridae,0.0182,3,3.49,Herbivore
2016,Apo Reef,Mabuti,11,1,15,Naso,brevirostris,Naso brevirostris,2,60,665,Acanthuridae,0.0602,2.743,9080.2,Herbivore
2016,Apo Reef,Mabuti,11,1,15,Epinephelus,sexfasciatus,Epinephelus sexfasciatus,1,12,465,Serranidae,0.0265,2.877,33.73,Benthic Invertivore
2016,Apo Reef,Mabuti,11,1,15,Zebrasoma,scopas,Zebrasoma scopas,1,15,1090,Acanthuridae,0.04,2.867,94.17,Herbivore
2016,Apo Reef,Mabuti,11,1,15,Pomacentrus,vaiuli,Pomacentrus vaiuli,1,6,847,Pomacentridae,0.0619,2.628,6.87,Herbivore
2016,Apo Reef,Mabuti,11,1,20,Pseudanthias,huchtii,Pseudanthias huchtii,20,5,867,Serranidae,0.0127,3.085,36.4,Planktivore
2016,Apo Reef,Mabuti,11,1,20,Chlorurus,bleekeri,Chlorurus bleekeri,1,20,288,Scaridae,0.01995,3.01,164.45,Herbivore
2016,Apo Reef,Mabuti,11,1,20,Odonus,niger,Odonus niger,1,12,699,Balistidae,0.0119,3,20.56,Benthic Invertivore
2016,Apo Reef,Mabuti,11,1,20,Odonus,niger,Odonus niger,2,15,699,Balistidae,0.0119,3,80.33,Benthic Invertivore
2016,Apo Reef,Mabuti,11,1,20,Chromis,margaritifer,Chromis margaritifer,20,5,319,Pomacentridae,0.0182,3,45.5,Herbivore
2016,Apo Reef,Mabuti,11,1,20,Melichthys,vidua,Melichthys vidua,1,30,646,Balistidae,0.0058,3.554,1030.66,Omnivore
2016,Apo Reef,Mabuti,11,1,20,Pseudanthias,tuka,Pseudanthias tuka,2,6,875,Serranidae,0.00955,2.97,3.91,Planktivore
2016,Apo Reef,Mabuti,11,1,20,Plectroglyphidodon,lacrymatus,Plectroglyphidodon lacrymatus,1,12,795,Pomacentridae,0.02138,2.99,36.04,Herbivore
2016,Apo Reef,Mabuti,11,1,20,Ctenochaetus,striatus,Ctenochaetus striatus,6,12,399,Acanthuridae,0.0137,3.083,174.58,Detritivore
2016,Apo Reef,Mabuti,11,1,20,Cephalopholis,urodeta,Cephalopholis urodeta,1,15,229,Serranidae,0.02822,2.818,58.18,Piscivore
2016,Apo Reef,Mabuti,11,1,20,Centropyge,vrolikii,Centropyge vrolikii,1,10,218,Pomacanthidae,0.0302,2.89,23.44,Corallivore
2016,Apo Reef,Mabuti,11,1,20,Paracirrhites,arcatus,Paracirrhites arcatus,1,8,724,Cirrhitidae,0.00912,3.07,5.4,Benthic Invertivore
2016,Apo Reef,Mabuti,11,1,25,Acanthurus,japonicus,Acanthurus japonicus,2,8,20,Acanthuridae,0.02188,2.97,21.05,Herbivore
2016,Apo Reef,Mabuti,11,1,25,Cephalopholis,argus,Cephalopholis argus,1,12,219,Serranidae,0.00678,3.274,23.15,Piscivore
2016,Apo Reef,Mabuti,11,1,25,Ctenochaetus,striatus,Ctenochaetus striatus,1,10,399,Acanthuridae,0.0137,3.083,16.59,Detritivore
2016,Apo Reef,Mabuti,11,1,25,Ctenochaetus,striatus,Ctenochaetus striatus,10,8,399,Acanthuridae,0.0137,3.083,83.36,Detritivore
2016,Apo Reef,Mabuti,11,1,25,Plectroglyphidodon,lacrymatus,Plectroglyphidodon lacrymatus,1,5,795,Pomacentridae,0.02138,2.99,2.63,Herbivore
2016,Apo Reef,Mabuti,11,1,25,Chromis,margaritifer,Chromis margaritifer,15,5,319,Pomacentridae,0.0182,3,34.13,Herbivore
2016,Apo Reef,Mabuti,11,1,25,Pterocaesio,pisang,Pterocaesio pisang,20,6,907,Caesionidae,0.00743,3.15,41.99,Planktivore
2016,Apo Reef,Mabuti,11,1,25,Pygoplites,diacanthus,Pygoplites diacanthus,1,10,918,Pomacanthidae,0.00514,3,5.14,Benthic Invertivore
2016,Apo Reef,Mabuti,11,1,25,Melichthys,vidua,Melichthys vidua,1,12,646,Balistidae,0.0058,3.554,39.7,Omnivore
2016,Apo Reef,Mabuti,11,1,25,Pomacentrus,moluccensis,Pomacentrus moluccensis,1,15,832,Pomacentridae,0.0703,2.65,91.96,Herbivore
2016,Apo Reef,Mabuti,11,1,25,Ctenochaetus,striatus,Ctenochaetus striatus,1,15,399,Acanthuridae,0.0137,3.083,57.89,Detritivore
2016,Apo Reef,Mabuti,11,1,25,Balistapus,undulatus,Balistapus undulatus,1,20,153,Balistidae,0.0058,3.554,243.94,Omnivore
2016,Apo Reef,Mabuti,11,2,10,Ctenochaetus,striatus,Ctenochaetus striatus,5,12,399,Acanthuridae,0.0137,3.083,145.48,Detritivore
2016,Apo Reef,Mabuti,11,2,10,Dascyllus,trimaculatus,Dascyllus trimaculatus,1,15,409,Pomacentridae,0.03132,3.043,118.76,Herbivore
2016,Apo Reef,Mabuti,11,2,10,Bodianus,mesothorax,Bodianus mesothorax,1,12,167,Labridae,0.0123,3.04,23.48,Benthic Invertivore
2016,Apo Reef,Mabuti,11,2,10,Pseudanthias,huchtii,Pseudanthias huchtii,15,4,867,Serranidae,0.0127,3.085,13.72,Planktivore
2016,Apo Reef,Mabuti,11,2,10,Chromis,margaritifer,Chromis margaritifer,20,4,319,Pomacentridae,0.0182,3,23.3,Herbivore
2016,Apo Reef,Mabuti,11,2,10,Pseudanthias,tuka,Pseudanthias tuka,3,5,875,Serranidae,0.00955,2.97,3.41,Planktivore
2016,Apo Reef,Mabuti,11,2,10,Cheilinus,fasciatus,Cheilinus fasciatus,1,12,270,Labridae,0.01487,3,25.7,Benthic Invertivore
2016,Apo Reef,Mabuti,11,2,10,Chlorurus,microrhinos,Chlorurus microrhinos,1,12,294,Scaridae,0.0273,2.93,39.64,Herbivore
2016,Apo Reef,Mabuti,11,2,10,Caranx,ignobilis,Caranx ignobilis,1,90,202,Carangidae,0.0276,2.94,15359.68,Piscivore
2016,Apo Reef,Mabuti,11,2,10,Zebrasoma,scopas,Zebrasoma scopas,3,10,1090,Acanthuridae,0.04,2.867,88.34,Herbivore
2016,Apo Reef,Mabuti,11,2,10,Myripristis,sp?,Myripristis sp?,1,15,662,Holocentridae,0.01514,2.98,48.4,Planktivore
2016,Apo Reef,Mabuti,11,2,10,Pterocaesio,tile,Pterocaesio tile,50,6,911,Caesionidae,0.01121,3,121.07,Planktivore
2016,Apo Reef,Mabuti,11,2,10,Pseudanthias,huchtii,Pseudanthias huchtii,10,6,867,Serranidae,0.0127,3.085,31.94,Planktivore
2016,Apo Reef,Mabuti,11,2,10,Chromis,margaritifer,Chromis margaritifer,10,5,319,Pomacentridae,0.0182,3,22.75,Herbivore
2016,Apo Reef,Mabuti,11,2,15,Macolor,niger,Macolor niger,1,20,630,Lutjanidae,0.01453,3,116.24,Piscivore
2016,Apo Reef,Mabuti,11,2,15,Ctenochaetus,striatus,Ctenochaetus striatus,10,10,399,Acanthuridae,0.0137,3.083,165.85,Detritivore
2016,Apo Reef,Mabuti,11,2,15,Chaetodon,ornatissimus,Chaetodon ornatissimus,1,10,250,Chaetodontidae,0.02239,3.01,22.91,Corallivore
2016,Apo Reef,Mabuti,11,2,15,Chromis,margaritifer,Chromis margaritifer,20,4,319,Pomacentridae,0.0182,3,23.3,Herbivore
2016,Apo Reef,Mabuti,11,2,15,Chromis,margaritifer,Chromis margaritifer,10,5,319,Pomacentridae,0.0182,3,22.75,Herbivore
2016,Apo Reef,Mabuti,11,2,15,Arothron,nigropunctatus,Arothron nigropunctatus,1,33,137,Tetraodontidae,0.02655,3,954.13,Corallivore
2016,Apo Reef,Mabuti,11,2,15,Melichthys,vidua,Melichthys vidua,2,12,646,Balistidae,0.0058,3.554,79.41,Omnivore
2016,Apo Reef,Mabuti,11,2,15,Dascyllus,trimaculatus,Dascyllus trimaculatus,3,6,409,Pomacentridae,0.03132,3.043,21.92,Herbivore
2016,Apo Reef,Mabuti,11,2,15,Naso,brevirostris,Naso brevirostris,1,30,665,Acanthuridae,0.0602,2.743,678.17,Herbivore
2016,Apo Reef,Mabuti,11,2,15,Naso,vlamingii,Naso vlamingii,2,50,675,Acanthuridae,0.0497,2.839,6618.54,Herbivore
2016,Apo Reef,Mabuti,11,2,15,Parupeneus,bifasciatus,Parupeneus bifasciatus,1,12,742,Mullidae,0.00741,3.2,21.05,Benthic Invertivore
2016,Apo Reef,Mabuti,11,2,15,Epinephelus,sexfasciatus,Epinephelus sexfasciatus,1,12,465,Serranidae,0.0265,2.877,33.73,Benthic Invertivore
2016,Apo Reef,Mabuti,11,2,15,Acanthurus,japonicus,Acanthurus japonicus,2,10,20,Acanthuridae,0.02188,2.97,40.84,Herbivore
2016,Apo Reef,Mabuti,11,2,15,Labroides,dimidiatus,Labroides dimidiatus,2,5,583,Labridae,0.00447,3.13,1.38,Benthic Invertivore
2016,Apo Reef,Mabuti,11,2,15,Chlorurus,sordidus,Chlorurus sordidus,1,6,295,Scaridae,0.0319,2.927,6.05,Detritivore
2016,Apo Reef,Mabuti,11,2,15,Plectroglyphidodon,lacrymatus,Plectroglyphidodon lacrymatus,1,6,795,Pomacentridae,0.02138,2.99,4.54,Herbivore
2016,Apo Reef,Mabuti,11,2,15,Centropyge,vrolikii,Centropyge vrolikii,1,10,218,Pomacanthidae,0.0302,2.89,23.44,Corallivore
2016,Apo Reef,Mabuti,11,2,20,Pterocaesio,digramma,Pterocaesio digramma,8,20,904,Caesionidae,0.00794,3.283,1186.29,Planktivore
2016,Apo Reef,Mabuti,11,2,20,Cheilinus,fasciatus,Cheilinus fasciatus,1,18,270,Labridae,0.01487,3,86.72,Benthic Invertivore
2016,Apo Reef,Mabuti,11,2,20,Scarus,ghobban,Scarus ghobban,1,17,951,Scaridae,0.0165,3.041,91.05,Herbivore
2016,Apo Reef,Mabuti,11,2,20,Cantherhines,pardalis,Cantherhines pardalis,2,12,182,Monacanthidae,0.0166,2.92,47.03,Benthic Invertivore
2016,Apo Reef,Mabuti,11,2,20,Pseudanthias,huchtii,Pseudanthias huchtii,15,12,867,Serranidae,0.0127,3.085,406.6,Planktivore
2016,Apo Reef,Mabuti,11,2,20,Chaetodon,ornatissimus,Chaetodon ornatissimus,2,8,250,Chaetodontidae,0.02239,3.01,23.41,Corallivore
2016,Apo Reef,Mabuti,11,2,20,Balistoides,conspicillum,Balistoides conspicillum,1,17,154,Balistidae,0.02344,2.96,102.82,Benthic Invertivore
2016,Apo Reef,Mabuti,11,2,20,Scarus,niger,Scarus niger,1,12,956,Scaridae,0.0316,3.09,68.29,Herbivore
2016,Apo Reef,Mabuti,11,2,20,Ctenochaetus,striatus,Ctenochaetus striatus,6,6,399,Acanthuridae,0.0137,3.083,20.6,Detritivore
2016,Apo Reef,Mabuti,11,2,20,Acanthurus,japonicus,Acanthurus japonicus,10,5,20,Acanthuridae,0.02188,2.97,26.06,Herbivore
2016,Apo Reef,Mabuti,11,2,20,Balistapus,undulatus,Balistapus undulatus,2,12,153,Balistidae,0.0058,3.554,79.41,Omnivore
2016,Apo Reef,Mabuti,11,2,20,Scolopsis,trilineata,Scolopsis trilineata,2,12,978,Nemipteridae,0.01202,2.99,40.52,Benthic Invertivore
2016,Apo Reef,Mabuti,11,2,20,Parupeneus,bifasciatus,Parupeneus bifasciatus,1,13,742,Mullidae,0.00741,3.2,27.19,Benthic Invertivore
2016,Apo Reef,Mabuti,11,2,25,Acanthurus,thompsoni,Acanthurus thompsoni,5,6,32,Acanthuridae,0.01533,3,16.56,Planktivore
2016,Apo Reef,Mabuti,11,2,25,Naso,lituratus,Naso lituratus,2,6,668,Acanthuridae,0.0497,2.839,16.09,Herbivore
2016,Apo Reef,Mabuti,11,2,25,Naso,lituratus,Naso lituratus,2,8,668,Acanthuridae,0.0497,2.839,36.41,Herbivore
2016,Apo Reef,Mabuti,11,2,25,Macolor,niger,Macolor niger,1,25,630,Lutjanidae,0.01453,3,227.03,Piscivore
2016,Apo Reef,Mabuti,11,2,25,Ctenochaetus,striatus,Ctenochaetus striatus,1,26,399,Acanthuridae,0.0137,3.083,315.56,Detritivore
2016,Apo Reef,Mabuti,11,2,25,Ctenochaetus,striatus,Ctenochaetus striatus,6,20,399,Acanthuridae,0.0137,3.083,843.23,Detritivore
2016,Apo Reef,Mabuti,11,2,25,Cheilinus,fasciatus,Cheilinus fasciatus,1,12,270,Labridae,0.01487,3,25.7,Benthic Invertivore
2016,Apo Reef,Mabuti,11,2,25,Paracirrhites,arcatus,Paracirrhites arcatus,1,6,724,Cirrhitidae,0.00912,3.07,2.23,Benthic Invertivore
2016,Apo Reef,Mabuti,11,2,25,Epibulus,insidiator,Epibulus insidiator,1,12,446,Labridae,0.0138,3.01,24.45,Benthic Invertivore
2016,Apo Reef,Mabuti,11,2,25,Cephalopholis,urodeta,Cephalopholis urodeta,2,10,229,Serranidae,0.02822,2.818,37.12,Piscivore
2016,Apo Reef,Mabuti,11,2,25,Naso,brevirostris,Naso brevirostris,1,50,665,Acanthuridae,0.0602,2.743,2753.41,Herbivore
2016,Apo Reef,Mabuti,11,2,25,Chromis,margaritifer,Chromis margaritifer,20,4,319,Pomacentridae,0.0182,3,23.3,Herbivore
2016,Apo Reef,Mabuti,11,2,25,Hemigymnus,fasciatus,Hemigymnus fasciatus,1,10,544,Labridae,0.01713,3,17.13,Benthic Invertivore
2016,Apo Reef,Mabuti,11,2,25,Labroides,dimidiatus,Labroides dimidiatus,1,6,583,Labridae,0.00447,3.13,1.22,Benthic Invertivore
2016,Apo Reef,Mabuti,11,2,25,Ctenochaetus,striatus,Ctenochaetus striatus,6,7,399,Acanthuridae,0.0137,3.083,33.14,Detritivore
2016,Apo Reef,Mabuti,11,2,25,Ctenochaetus,binotatus,Ctenochaetus binotatus,1,12,395,Acanthuridae,0.081,2.59,50.53,Detritivore
2016,Apo Reef,Mabuti,11,2,25,Epibulus,insidiator,Epibulus insidiator,1,12,446,Labridae,0.0138,3.01,24.45,Benthic Invertivore
2016,Apo Reef,Mabuti,11,2,25,Scolopsis,trilineata,Scolopsis trilineata,1,12,978,Nemipteridae,0.01202,2.99,20.26,Benthic Invertivore
2016,Apo Reef,Mabuti,11,2,25,Naso,hexacanthus,Naso hexacanthus,1,40,667,Acanthuridae,0.0424,2.854,1583.6,Omnivore
2016,Apo Reef,Mabuti,11,2,25,Naso,hexacanthus,Naso hexacanthus,1,45,667,Acanthuridae,0.0424,2.854,2216.33,Omnivore
2016,Apo Reef,Mabuti,11,2,25,Parupeneus,bifasciatus,Parupeneus bifasciatus,1,15,742,Mullidae,0.00741,3.2,42.98,Benthic Invertivore
2016,Apo Reef,Mabuti,11,2,25,Lutjanus,decussatus,Lutjanus decussatus,1,15,613,Lutjanidae,0.01413,2.98,45.17,Piscivore
2016,Apo Reef,Mabuti,11,2,25,Melichthys,vidua,Melichthys vidua,1,12,646,Balistidae,0.0058,3.554,39.7,Omnivore
2016,Apo Reef,Mabuti,11,2,25,Naso,lituratus,Naso lituratus,1,10,668,Acanthuridae,0.0497,2.839,34.3,Herbivore
2016,Apo Reef,Mabuti,11,2,25,Ctenochaetus,striatus,Ctenochaetus striatus,1,10,399,Acanthuridae,0.0137,3.083,16.59,Detritivore
2016,Apo Reef,Mabuti,11,2,25,Pterocaesio,tile,Pterocaesio tile,100,12,911,Caesionidae,0.01121,3,1937.09,Planktivore
2016,Apo Reef,Mabuti,11,2,25,Siganus,vulpinus,Siganus vulpinus,1,12,1009,Siganidae,0.0287,3,49.59,Herbivore
2016,Apo Reef,Mabuti,11,2,25,Arothron,nigropunctatus,Arothron nigropunctatus,1,10,137,Tetraodontidae,0.02655,3,26.55,Corallivore
2016,Apo Reef,Mabuti,11,2,25,Cheilinus,undulatus,Cheilinus undulatus,1,80,274,Labridae,0.01514,2.99,7419.33,Benthic Invertivore
2016,Apo Reef,Mabuti,11,3,5,Centropyge,vrolikii,Centropyge vrolikii,1,4,218,Pomacanthidae,0.0302,2.89,1.66,Corallivore
2016,Apo Reef,Mabuti,11,3,5,Chromis,margaritifer,Chromis margaritifer,28,2,319,Pomacentridae,0.0182,3,4.08,Herbivore
2016,Apo Reef,Mabuti,11,3,5,Melichthys,vidua,Melichthys vidua,1,4,646,Balistidae,0.0058,3.554,0.8,Omnivore
2016,Apo Reef,Mabuti,11,3,5,Acanthurus,japonicus,Acanthurus japonicus,2,4,20,Acanthuridae,0.02188,2.97,2.69,Herbivore
2016,Apo Reef,Mabuti,11,3,5,Acanthurus,thompsoni,Acanthurus thompsoni,30,3,32,Acanthuridae,0.01533,3,12.42,Planktivore
2016,Apo Reef,Mabuti,11,3,5,Epibulus,insidiator,Epibulus insidiator,1,10,446,Labridae,0.0138,3.01,14.12,Benthic Invertivore
2016,Apo Reef,Mabuti,11,3,5,Acanthurus,japonicus,Acanthurus japonicus,2,5,20,Acanthuridae,0.02188,2.97,5.21,Herbivore
2016,Apo Reef,Mabuti,11,3,10,Parupeneus,trifasciatus,Parupeneus trifasciatus,1,21,752,Mullidae,0.00741,3.2,126.16,Benthic Invertivore
2016,Apo Reef,Mabuti,11,3,10,Naso,brevirostris,Naso brevirostris,1,50,665,Acanthuridae,0.0602,2.743,2753.41,Herbivore
2016,Apo Reef,Mabuti,11,3,10,Scarus,quoyi,Scarus quoyi,1,20,961,Scaridae,0.00389,3.12,44.58,Herbivore
2016,Apo Reef,Mabuti,11,3,10,Melichthys,vidua,Melichthys vidua,1,10,646,Balistidae,0.0058,3.554,20.77,Omnivore
2016,Apo Reef,Mabuti,11,3,10,Zanclus,cornutus,Zanclus cornutus,1,15,1088,Zanclidae,0.0147,3.37,135.13,Omnivore
2016,Apo Reef,Mabuti,11,3,10,Acanthurus,japonicus,Acanthurus japonicus,1,6,20,Acanthuridae,0.02188,2.97,4.48,Herbivore
2016,Apo Reef,Mabuti,11,3,10,Pseudanthias,squamipinnis,Pseudanthias squamipinnis,24,2,874,Serranidae,0.0569,2.65,8.57,Planktivore
2016,Apo Reef,Mabuti,11,3,10,Chromis,margaritifer,Chromis margaritifer,21,2,319,Pomacentridae,0.0182,3,3.06,Herbivore
2016,Apo Reef,Mabuti,11,3,10,Amanses,scopas,Amanses scopas,1,10,48,Monacanthidae,0.02089,2.92,17.38,Benthic Invertivore
2016,Apo Reef,Mabuti,11,3,10,Pseudanthias,dispar,Pseudanthias dispar,15,4,866,Serranidae,0.00955,2.97,8.79,Planktivore
2016,Apo Reef,Mabuti,11,3,15,Acanthurus,japonicus,Acanthurus japonicus,2,6,20,Acanthuridae,0.02188,2.97,8.96,Herbivore
2016,Apo Reef,Mabuti,11,3,15,Amphiprion,clarkii,Amphiprion clarkii,2,4,70,Pomacentridae,0.02291,2.99,2.89,Planktivore
2016,Apo Reef,Mabuti,11,3,15,Cephalopholis,urodeta,Cephalopholis urodeta,1,4,229,Serranidae,0.02822,2.818,1.4,Piscivore
2016,Apo Reef,Mabuti,11,3,15,Macolor,macularis,Macolor macularis,1,20,629,Lutjanidae,0.01445,2.97,105.66,Piscivore
2016,Apo Reef,Mabuti,11,3,15,Chlorurus,bleekeri,Chlorurus bleekeri,1,18,288,Scaridae,0.01995,3.01,119.76,Herbivore
2016,Apo Reef,Mabuti,11,3,15,Ctenochaetus,binotatus,Ctenochaetus binotatus,1,20,395,Acanthuridae,0.081,2.59,189.74,Detritivore
2016,Apo Reef,Mabuti,11,3,15,Chromis,margaritifer,Chromis margaritifer,18,2,319,Pomacentridae,0.0182,3,2.62,Herbivore
2016,Apo Reef,Mabuti,11,3,15,Melichthys,vidua,Melichthys vidua,1,10,646,Balistidae,0.0058,3.554,20.77,Omnivore
2016,Apo Reef,Mabuti,11,3,15,Chromis,margaritifer,Chromis margaritifer,33,3,319,Pomacentridae,0.0182,3,16.22,Herbivore
2016,Apo Reef,Mabuti,11,3,15,Ctenochaetus,binotatus,Ctenochaetus binotatus,18,5,395,Acanthuridae,0.081,2.59,94.21,Detritivore
2016,Apo Reef,Mabuti,11,3,20,Sphyraena,sp.,Sphyraena sp.,3,20,1020,Sphyraenidae,0.0082,2.861,129.77,Benthic Invertivore
2016,Apo Reef,Mabuti,11,3,20,Cheilinus,undulatus,Cheilinus undulatus,1,60,274,Labridae,0.01514,2.99,3139.05,Benthic Invertivore
2016,Apo Reef,Mabuti,11,3,20,Acanthurus,japonicus,Acanthurus japonicus,2,6,20,Acanthuridae,0.02188,2.97,8.96,Herbivore
2016,Apo Reef,Mabuti,11,3,20,Chromis,margaritifer,Chromis margaritifer,15,3,319,Pomacentridae,0.0182,3,7.37,Herbivore
2016,Apo Reef,Mabuti,11,3,20,Siganus,vulpinus,Siganus vulpinus,1,20,1009,Siganidae,0.0287,3,229.6,Herbivore
2016,Apo Reef,Mabuti,11,3,20,Odonus,niger,Odonus niger,9,6,699,Balistidae,0.0119,3,23.13,Benthic Invertivore
2016,Apo Reef,Mabuti,11,3,20,Chromis,margaritifer,Chromis margaritifer,21,2,319,Pomacentridae,0.0182,3,3.06,Herbivore
2016,Apo Reef,Mabuti,11,3,20,Melichthys,vidua,Melichthys vidua,1,10,646,Balistidae,0.0058,3.554,20.77,Omnivore
2016,Apo Reef,Mabuti,11,3,20,Ctenochaetus,binotatus,Ctenochaetus binotatus,16,5,395,Acanthuridae,0.081,2.59,83.74,Detritivore
2016,Apo Reef,Mabuti,11,3,25,Chaetodon,baronessa,Chaetodon baronessa,1,8,236,Chaetodontidae,0.0448,2.828,16.04,Corallivore
2016,Apo Reef,Mabuti,11,3,25,Acanthurus,japonicus,Acanthurus japonicus,1,5,20,Acanthuridae,0.02188,2.97,2.61,Herbivore
2016,Apo Reef,Mabuti,11,3,25,Ctenochaetus,binotatus,Ctenochaetus binotatus,1,5,395,Acanthuridae,0.081,2.59,5.23,Detritivore
2016,Apo Reef,Mabuti,11,3,25,Labroides,dimidiatus,Labroides dimidiatus,1,4,583,Labridae,0.00447,3.13,0.34,Benthic Invertivore
2016,Apo Reef,Mabuti,11,3,25,Acanthurus,pyroferus,Acanthurus pyroferus,1,5,30,Acanthuridae,0.00179,3,0.22,Herbivore
2016,Apo Reef,Mabuti,11,3,25,Chromis,margaritifer,Chromis margaritifer,21,2,319,Pomacentridae,0.0182,3,3.06,Herbivore
2016,Apo Reef,Mabuti,11,3,25,Cheilinus,fasciatus,Cheilinus fasciatus,1,8,270,Labridae,0.01487,3,7.61,Benthic Invertivore
2016,Apo Reef,Mabuti,11,3,25,Chromis,margaritifer,Chromis margaritifer,16,2,319,Pomacentridae,0.0182,3,2.33,Herbivore
2016,Apo Reef,Mabuti,11,3,25,Ctenochaetus,binotatus,Ctenochaetus binotatus,24,5,395,Acanthuridae,0.081,2.59,125.61,Detritivore
2016,Apo Reef,Mabuti,11,3,25,Naso,vlamingii,Naso vlamingii,1,18,675,Acanthuridae,0.0497,2.839,182,Herbivore
2016,Apo Reef,Mabuti,11,3,25,Chlorurus,bleekeri,Chlorurus bleekeri,1,20,288,Scaridae,0.01995,3.01,164.45,Herbivore
2016,Apo Reef,Mabuti,11,3,25,Melichthys,vidua,Melichthys vidua,1,10,646,Balistidae,0.0058,3.554,20.77,Omnivore
2016,Apo Reef,South Corner,8,1,5,Amphiprion,clarkii,Amphiprion clarkii,1,12,70,Pomacentridae,0.02291,2.99,38.62,Planktivore
2016,Apo Reef,South Corner,8,1,5,Chromis,margaritifer,Chromis margaritifer,20,4,319,Pomacentridae,0.0182,3,23.3,Herbivore
2016,Apo Reef,South Corner,8,1,5,Acanthurus,thompsoni,Acanthurus thompsoni,30,6,32,Acanthuridae,0.01533,3,99.34,Planktivore
2016,Apo Reef,South Corner,8,1,5,Ctenochaetus,striatus,Ctenochaetus striatus,1,15,399,Acanthuridae,0.0137,3.083,57.89,Detritivore
2016,Apo Reef,South Corner,8,1,5,Ctenochaetus,striatus,Ctenochaetus striatus,1,16,399,Acanthuridae,0.0137,3.083,70.64,Detritivore
2016,Apo Reef,South Corner,8,1,5,Hemitaurichthys,polylepis,Hemitaurichthys polylepis,4,6,547,Chaetodontidae,0.02649,3,22.89,Planktivore
2016,Apo Reef,South Corner,8,1,5,Paracirrhites,arcatus,Paracirrhites arcatus,1,12,724,Cirrhitidae,0.00912,3.07,18.75,Benthic Invertivore
2016,Apo Reef,South Corner,8,1,5,Paracirrhites,arcatus,Paracirrhites arcatus,1,10,724,Cirrhitidae,0.00912,3.07,10.72,Benthic Invertivore
2016,Apo Reef,South Corner,8,1,5,Pseudanthias,huchtii,Pseudanthias huchtii,10,4,867,Serranidae,0.0127,3.085,9.14,Planktivore
2016,Apo Reef,South Corner,8,1,5,Melichthys,vidua,Melichthys vidua,5,15,646,Balistidae,0.0058,3.554,438.76,Omnivore
2016,Apo Reef,South Corner,8,1,5,Pomacentrus,brachialis,Pomacentrus brachialis,1,6,820,Pomacentridae,0.0116,3.387,5.01,Herbivore
2016,Apo Reef,South Corner,8,1,5,Zebrasoma,scopas,Zebrasoma scopas,2,10,1090,Acanthuridae,0.04,2.867,58.9,Herbivore
2016,Apo Reef,South Corner,8,1,5,Cantherhines,pardalis,Cantherhines pardalis,2,10,182,Monacanthidae,0.0166,2.92,27.61,Benthic Invertivore
2016,Apo Reef,South Corner,8,1,5,Chlorurus,bleekeri,Chlorurus bleekeri,1,15,288,Scaridae,0.01995,3.01,69.18,Herbivore
2016,Apo Reef,South Corner,8,1,5,Halichoeres,hortulanus,Halichoeres hortulanus,1,12,520,Labridae,0.00977,3.07,20.09,Benthic Invertivore
2016,Apo Reef,South Corner,8,1,5,Thalassoma,lunare,Thalassoma lunare,1,12,1061,Labridae,0.01072,2.96,16.77,Benthic Invertivore
2016,Apo Reef,South Corner,8,1,5,Balistapus,undulatus,Balistapus undulatus,1,15,153,Balistidae,0.0058,3.554,87.75,Omnivore
2016,Apo Reef,South Corner,8,1,5,Pseudanthias,squamipinnis,Pseudanthias squamipinnis,20,5,874,Serranidae,0.0569,2.65,80.99,Planktivore
2016,Apo Reef,South Corner,8,1,5,Pomacentrus,lepidogenys,Pomacentrus lepidogenys,1,6,830,Pomacentridae,0.0215,3.21,6.77,Herbivore
2016,Apo Reef,South Corner,8,1,5,Scarus,schlegeli,Scarus schlegeli,2,20,965,Scaridae,0.0309,2.87,334.92,Herbivore
2016,Apo Reef,South Corner,8,1,5,Oxycheilinus,unifasciatus,Oxycheilinus unifasciatus,1,12,718,Labridae,0.01687,3,29.15,Benthic Invertivore
2016,Apo Reef,South Corner,8,1,5,Pomacentrus,vaiuli,Pomacentrus vaiuli,1,6,847,Pomacentridae,0.0619,2.628,6.87,Herbivore
2016,Apo Reef,South Corner,8,1,10,Forcipiger,longirostris,Forcipiger longirostris,2,12,482,Chaetodontidae,0.01384,3,47.83,Benthic Invertivore
2016,Apo Reef,South Corner,8,1,10,Chaetodon,kleinii,Chaetodon kleinii,2,10,241,Chaetodontidae,0.0448,2.828,60.3,Herbivore
2016,Apo Reef,South Corner,8,1,10,Cephalopholis,urodeta,Cephalopholis urodeta,1,25,229,Serranidae,0.02822,2.818,245.44,Piscivore
2016,Apo Reef,South Corner,8,1,10,Chromis,xanthura,Chromis xanthura,1,12,333,Pomacentridae,0.009,2.773,8.85,Planktivore
2016,Apo Reef,South Corner,8,1,10,Hemitaurichthys,polylepis,Hemitaurichthys polylepis,1,6,547,Chaetodontidae,0.02649,3,5.72,Planktivore
2016,Apo Reef,South Corner,8,1,10,Chromis,margaritifer,Chromis margaritifer,16,4,319,Pomacentridae,0.0182,3,18.64,Herbivore
2016,Apo Reef,South Corner,8,1,10,Balistapus,undulatus,Balistapus undulatus,1,16,153,Balistidae,0.0058,3.554,110.37,Omnivore
2016,Apo Reef,South Corner,8,1,10,Ctenochaetus,striatus,Ctenochaetus striatus,3,10,399,Acanthuridae,0.0137,3.083,49.76,Detritivore
2016,Apo Reef,South Corner,8,1,10,Scarus,niger,Scarus niger,2,20,956,Scaridae,0.0316,3.09,662.06,Herbivore
2016,Apo Reef,South Corner,8,1,10,Hipposcarus,longiceps,Hipposcarus longiceps,1,12,562,Scaridae,0.01413,3.04,26.97,Herbivore
2016,Apo Reef,South Corner,8,1,10,Cephalopholis,argus,Cephalopholis argus,1,12,219,Serranidae,0.00678,3.274,23.15,Piscivore
2016,Apo Reef,South Corner,8,1,10,Zanclus,cornutus,Zanclus cornutus,3,12,1088,Zanclidae,0.0147,3.37,191.11,Omnivore
2016,Apo Reef,South Corner,8,1,10,Naso,vlamingii,Naso vlamingii,1,25,675,Acanthuridae,0.0497,2.839,462.5,Herbivore
2016,Apo Reef,South Corner,8,1,10,Pygoplites,diacanthus,Pygoplites diacanthus,1,12,918,Pomacanthidae,0.00514,3,8.88,Benthic Invertivore
2016,Apo Reef,South Corner,8,1,10,Acanthurus,pyroferus,Acanthurus pyroferus,3,12,30,Acanthuridae,0.00179,3,9.28,Herbivore
2016,Apo Reef,South Corner,8,1,10,Pomacentrus,lepidogenys,Pomacentrus lepidogenys,1,4,830,Pomacentridae,0.0215,3.21,1.84,Herbivore
2016,Apo Reef,South Corner,8,1,10,Pseudanthias,huchtii,Pseudanthias huchtii,3,6,867,Serranidae,0.0127,3.085,9.58,Planktivore
2016,Apo Reef,South Corner,8,1,10,Scarus,schlegeli,Scarus schlegeli,1,12,965,Scaridae,0.0309,2.87,38.66,Herbivore
2016,Apo Reef,South Corner,8,1,10,Pomacentrus,vaiuli,Pomacentrus vaiuli,1,5,847,Pomacentridae,0.0619,2.628,4.25,Herbivore
2016,Apo Reef,South Corner,8,1,10,Pomacentrus,vaiuli,Pomacentrus vaiuli,1,6,847,Pomacentridae,0.0619,2.628,6.87,Herbivore
2016,Apo Reef,South Corner,8,1,10,Zebrasoma,scopas,Zebrasoma scopas,1,10,1090,Acanthuridae,0.04,2.867,29.45,Herbivore
2016,Apo Reef,South Corner,8,1,10,Melichthys,vidua,Melichthys vidua,1,12,646,Balistidae,0.0058,3.554,39.7,Omnivore
2016,Apo Reef,South Corner,8,1,10,Pomacentrus,brachialis,Pomacentrus brachialis,1,2,820,Pomacentridae,0.0116,3.387,0.12,Herbivore
2016,Apo Reef,South Corner,8,1,10,Cephalopholis,urodeta,Cephalopholis urodeta,1,16,229,Serranidae,0.02822,2.818,69.79,Piscivore
2016,Apo Reef,South Corner,8,1,10,Neopomacentrus,anabatoides,Neopomacentrus anabatoides,2,6,691,Pomacentridae,0.01479,2.99,6.28,Planktivore
2016,Apo Reef,South Corner,8,1,10,Halichoeres,hortulanus,Halichoeres hortulanus,1,10,520,Labridae,0.00977,3.07,11.48,Benthic Invertivore
2016,Apo Reef,South Corner,8,1,10,Gomphosus,varius,Gomphosus varius,1,10,496,Labridae,0.00676,2.96,6.17,Benthic Invertivore
2016,Apo Reef,South Corner,8,1,15,Chromis,analis,Chromis analis,4,6,307,Pomacentridae,0.0182,3,15.72,Planktivore
2016,Apo Reef,South Corner,8,1,15,Chaetodon,kleinii,Chaetodon kleinii,2,12,241,Chaetodontidae,0.0448,2.828,100.98,Herbivore
2016,Apo Reef,South Corner,8,1,15,Melichthys,vidua,Melichthys vidua,1,12,646,Balistidae,0.0058,3.554,39.7,Omnivore
2016,Apo Reef,South Corner,8,1,15,Zebrasoma,scopas,Zebrasoma scopas,1,16,1090,Acanthuridae,0.04,2.867,113.31,Herbivore
2016,Apo Reef,South Corner,8,1,15,Paracirrhites,arcatus,Paracirrhites arcatus,1,10,724,Cirrhitidae,0.00912,3.07,10.72,Benthic Invertivore
2016,Apo Reef,South Corner,8,1,15,Scarus,quoyi,Scarus quoyi,1,30,961,Scaridae,0.00389,3.12,157.97,Herbivore
2016,Apo Reef,South Corner,8,1,15,Pomacentrus,brachialis,Pomacentrus brachialis,4,6,820,Pomacentridae,0.0116,3.387,20.05,Herbivore
2016,Apo Reef,South Corner,8,1,15,Scarus,niger,Scarus niger,1,12,956,Scaridae,0.0316,3.09,68.29,Herbivore
2016,Apo Reef,South Corner,8,1,15,Pomacentrus,vaiuli,Pomacentrus vaiuli,1,6,847,Pomacentridae,0.0619,2.628,6.87,Herbivore
2016,Apo Reef,South Corner,8,1,15,Gomphosus,varius,Gomphosus varius,1,6,496,Labridae,0.00676,2.96,1.36,Benthic Invertivore
2016,Apo Reef,South Corner,8,1,15,Ctenochaetus,striatus,Ctenochaetus striatus,1,12,399,Acanthuridae,0.0137,3.083,29.1,Detritivore
2016,Apo Reef,South Corner,8,1,15,Chaetodon,ornatissimus,Chaetodon ornatissimus,1,15,250,Chaetodontidae,0.02239,3.01,77.64,Corallivore
2016,Apo Reef,South Corner,8,1,15,Chromis,margaritifer,Chromis margaritifer,1,6,319,Pomacentridae,0.0182,3,3.93,Herbivore
2016,Apo Reef,South Corner,8,1,15,Ctenochaetus,striatus,Ctenochaetus striatus,1,6,399,Acanthuridae,0.0137,3.083,3.43,Detritivore
2016,Apo Reef,South Corner,8,1,15,Ctenochaetus,striatus,Ctenochaetus striatus,1,10,399,Acanthuridae,0.0137,3.083,16.59,Detritivore
2016,Apo Reef,South Corner,8,1,15,Scarus,ghobban,Scarus ghobban,1,12,951,Scaridae,0.0165,3.041,31.57,Herbivore
2016,Apo Reef,South Corner,8,1,15,Siganus,vulpinus,Siganus vulpinus,1,12,1009,Siganidae,0.0287,3,49.59,Herbivore
2016,Apo Reef,South Corner,8,1,15,Chaetodon,melannotus,Chaetodon melannotus,3,12,245,Chaetodontidae,0.038,2.921,161.88,Corallivore
2016,Apo Reef,South Corner,8,1,15,Epinephelus,sexfasciatus,Epinephelus sexfasciatus,2,25,465,Serranidae,0.0265,2.877,557.38,Benthic Invertivore
2016,Apo Reef,South Corner,8,1,15,Naso,brevirostris,Naso brevirostris,1,25,665,Acanthuridae,0.0602,2.743,411.29,Herbivore
2016,Apo Reef,South Corner,8,1,15,Ptereleotris,evides,Ptereleotris evides,2,6,899,Ptereleotridae,0.00389,3.12,2.08,Planktivore
2016,Apo Reef,South Corner,8,1,15,Cheilinus,fasciatus,Cheilinus fasciatus,1,12,270,Labridae,0.01487,3,25.7,Benthic Invertivore
2016,Apo Reef,South Corner,8,1,20,Balistapus,undulatus,Balistapus undulatus,1,15,153,Balistidae,0.0058,3.554,87.75,Omnivore
2016,Apo Reef,South Corner,8,1,20,Zebrasoma,scopas,Zebrasoma scopas,1,12,1090,Acanthuridae,0.04,2.867,49.67,Herbivore
2016,Apo Reef,South Corner,8,1,20,Pomacentrus,brachialis,Pomacentrus brachialis,1,6,820,Pomacentridae,0.0116,3.387,5.01,Herbivore
2016,Apo Reef,South Corner,8,1,20,Acanthurus,pyroferus,Acanthurus pyroferus,1,12,30,Acanthuridae,0.00179,3,3.09,Herbivore
2016,Apo Reef,South Corner,8,1,20,Scarus,schlegeli,Scarus schlegeli,1,12,965,Scaridae,0.0309,2.87,38.66,Herbivore
2016,Apo Reef,South Corner,8,1,20,Paracirrhites,arcatus,Paracirrhites arcatus,1,6,724,Cirrhitidae,0.00912,3.07,2.23,Benthic Invertivore
2016,Apo Reef,South Corner,8,1,20,Zanclus,cornutus,Zanclus cornutus,1,10,1088,Zanclidae,0.0147,3.37,34.46,Omnivore
2016,Apo Reef,South Corner,8,1,20,Chromis,margaritifer,Chromis margaritifer,4,6,319,Pomacentridae,0.0182,3,15.72,Herbivore
2016,Apo Reef,South Corner,8,1,20,Pomacentrus,vaiuli,Pomacentrus vaiuli,2,7,847,Pomacentridae,0.0619,2.628,20.59,Herbivore
2016,Apo Reef,South Corner,8,1,20,Pomacentrus,vaiuli,Pomacentrus vaiuli,1,15,847,Pomacentridae,0.0619,2.628,76.29,Herbivore
2016,Apo Reef,South Corner,8,1,20,Chlorurus,bleekeri,Chlorurus bleekeri,1,7,288,Scaridae,0.01995,3.01,6.98,Herbivore
2016,Apo Reef,South Corner,8,1,20,Scarus,ghobban,Scarus ghobban,1,12,951,Scaridae,0.0165,3.041,31.57,Herbivore
2016,Apo Reef,South Corner,8,1,20,Scarus,niger,Scarus niger,4,15,956,Scaridae,0.0316,3.09,544.34,Herbivore
2016,Apo Reef,South Corner,8,1,20,Chromis,margaritifer,Chromis margaritifer,1,6,319,Pomacentridae,0.0182,3,3.93,Herbivore
2016,Apo Reef,South Corner,8,1,20,Scarus,ghobban,Scarus ghobban,1,15,951,Scaridae,0.0165,3.041,62.23,Herbivore
2016,Apo Reef,South Corner,8,1,20,Zebrasoma,scopas,Zebrasoma scopas,1,10,1090,Acanthuridae,0.04,2.867,29.45,Herbivore
2016,Apo Reef,South Corner,8,1,20,Melichthys,vidua,Melichthys vidua,1,15,646,Balistidae,0.0058,3.554,87.75,Omnivore
2016,Apo Reef,South Corner,8,1,20,Chlorurus,bleekeri,Chlorurus bleekeri,1,12,288,Scaridae,0.01995,3.01,35.34,Herbivore
2016,Apo Reef,South Corner,8,1,20,Paracirrhites,arcatus,Paracirrhites arcatus,1,6,724,Cirrhitidae,0.00912,3.07,2.23,Benthic Invertivore
2016,Apo Reef,South Corner,8,1,20,Pomacentrus,vaiuli,Pomacentrus vaiuli,1,6,847,Pomacentridae,0.0619,2.628,6.87,Herbivore
2016,Apo Reef,South Corner,8,1,20,Ptereleotris,evides,Ptereleotris evides,2,6,899,Ptereleotridae,0.00389,3.12,2.08,Planktivore
2016,Apo Reef,South Corner,8,1,20,Halichoeres,hortulanus,Halichoeres hortulanus,1,6,520,Labridae,0.00977,3.07,2.39,Benthic Invertivore
2016,Apo Reef,South Corner,8,1,20,Chromis,margaritifer,Chromis margaritifer,15,6,319,Pomacentridae,0.0182,3,58.97,Herbivore
2016,Apo Reef,South Corner,8,1,20,Acanthurus,japonicus,Acanthurus japonicus,1,15,20,Acanthuridae,0.02188,2.97,68.08,Herbivore
2016,Apo Reef,South Corner,8,1,25,Ptereleotris,evides,Ptereleotris evides,2,7,899,Ptereleotridae,0.00389,3.12,3.37,Planktivore
2016,Apo Reef,South Corner,8,1,25,Melichthys,vidua,Melichthys vidua,1,15,646,Balistidae,0.0058,3.554,87.75,Omnivore
2016,Apo Reef,South Corner,8,1,25,Acanthurus,pyroferus,Acanthurus pyroferus,1,15,30,Acanthuridae,0.00179,3,6.04,Herbivore
2016,Apo Reef,South Corner,8,1,25,Balistoides,conspicillum,Balistoides conspicillum,1,25,154,Balistidae,0.02344,2.96,322,Benthic Invertivore
2016,Apo Reef,South Corner,8,1,25,Thalassoma,hardwicke,Thalassoma hardwicke,1,12,1059,Labridae,0.00977,3.04,18.65,Benthic Invertivore
2016,Apo Reef,South Corner,8,1,25,Hemigymnus,melapterus,Hemigymnus melapterus,1,15,545,Labridae,0.0123,3.06,48.84,Benthic Invertivore
2016,Apo Reef,South Corner,8,1,25,Zanclus,cornutus,Zanclus cornutus,1,10,1088,Zanclidae,0.0147,3.37,34.46,Omnivore
2016,Apo Reef,South Corner,8,1,25,Scarus,niger,Scarus niger,4,12,956,Scaridae,0.0316,3.09,273.16,Herbivore
2016,Apo Reef,South Corner,8,1,25,Ctenochaetus,striatus,Ctenochaetus striatus,1,10,399,Acanthuridae,0.0137,3.083,16.59,Detritivore
2016,Apo Reef,South Corner,8,1,25,Zebrasoma,scopas,Zebrasoma scopas,1,10,1090,Acanthuridae,0.04,2.867,29.45,Herbivore
2016,Apo Reef,South Corner,8,1,25,Plectroglyphidodon,lacrymatus,Plectroglyphidodon lacrymatus,1,6,795,Pomacentridae,0.02138,2.99,4.54,Herbivore
2016,Apo Reef,South Corner,8,1,25,Pomacentrus,vaiuli,Pomacentrus vaiuli,2,6,847,Pomacentridae,0.0619,2.628,13.73,Herbivore
2016,Apo Reef,South Corner,8,1,25,Cephalopholis,boenak,Cephalopholis boenak,1,20,220,Serranidae,0.01462,3.019,123.81,Piscivore
2016,Apo Reef,South Corner,8,1,25,Melichthys,vidua,Melichthys vidua,1,15,646,Balistidae,0.0058,3.554,87.75,Omnivore
2016,Apo Reef,South Corner,8,1,25,Chaetodon,ornatissimus,Chaetodon ornatissimus,2,15,250,Chaetodontidae,0.02239,3.01,155.28,Corallivore
2016,Apo Reef,South Corner,8,1,25,Ctenochaetus,striatus,Ctenochaetus striatus,2,12,399,Acanthuridae,0.0137,3.083,58.19,Detritivore
2016,Apo Reef,South Corner,8,1,25,Halichoeres,hortulanus,Halichoeres hortulanus,1,15,520,Labridae,0.00977,3.07,39.86,Benthic Invertivore
2016,Apo Reef,South Corner,8,1,25,Ctenochaetus,binotatus,Ctenochaetus binotatus,2,16,395,Acanthuridae,0.081,2.59,212.9,Detritivore
2016,Apo Reef,South Corner,8,1,25,Scarus,niger,Scarus niger,2,10,956,Scaridae,0.0316,3.09,77.75,Herbivore
2016,Apo Reef,South Corner,8,1,25,Chlorurus,bleekeri,Chlorurus bleekeri,1,12,288,Scaridae,0.01995,3.01,35.34,Herbivore
2016,Apo Reef,South Corner,8,1,25,Chromis,margaritifer,Chromis margaritifer,5,4,319,Pomacentridae,0.0182,3,5.82,Herbivore
2016,Apo Reef,South Corner,8,2,10,Halichoeres,nigrescens,Halichoeres nigrescens,1,12,528,Labridae,0.00977,3.07,20.09,Benthic Invertivore
2016,Apo Reef,South Corner,8,2,10,Halichoeres,nigrescens,Halichoeres nigrescens,1,16,528,Labridae,0.00977,3.07,48.59,Benthic Invertivore
2016,Apo Reef,South Corner,8,2,10,Labroides,dimidiatus,Labroides dimidiatus,1,6,583,Labridae,0.00447,3.13,1.22,Benthic Invertivore
2016,Apo Reef,South Corner,8,2,10,Amphiprion,clarkii,Amphiprion clarkii,1,12,70,Pomacentridae,0.02291,2.99,38.62,Planktivore
2016,Apo Reef,South Corner,8,2,10,Amphiprion,clarkii,Amphiprion clarkii,1,10,70,Pomacentridae,0.02291,2.99,22.39,Planktivore
2016,Apo Reef,South Corner,8,2,10,Pomacentrus,vaiuli,Pomacentrus vaiuli,2,6,847,Pomacentridae,0.0619,2.628,13.73,Herbivore
2016,Apo Reef,South Corner,8,2,10,Centropyge,vrolikii,Centropyge vrolikii,2,6,218,Pomacanthidae,0.0302,2.89,10.71,Corallivore
2016,Apo Reef,South Corner,8,2,10,Parupeneus,multifasciatus,Parupeneus multifasciatus,1,12,748,Mullidae,0.01047,3.15,26.26,Benthic Invertivore
2016,Apo Reef,South Corner,8,2,10,Chromis,margaritifer,Chromis margaritifer,3,4,319,Pomacentridae,0.0182,3,3.49,Herbivore
2016,Apo Reef,South Corner,8,2,10,Acanthurus,pyroferus,Acanthurus pyroferus,2,12,30,Acanthuridae,0.00179,3,6.19,Herbivore
2016,Apo Reef,South Corner,8,2,10,Cephalopholis,boenak,Cephalopholis boenak,1,25,220,Serranidae,0.01462,3.019,242.84,Piscivore
2016,Apo Reef,South Corner,8,2,10,Ctenochaetus,striatus,Ctenochaetus striatus,3,15,399,Acanthuridae,0.0137,3.083,173.67,Detritivore
2016,Apo Reef,South Corner,8,2,10,Scarus,niger,Scarus niger,1,20,956,Scaridae,0.0316,3.09,331.03,Herbivore
2016,Apo Reef,South Corner,8,2,10,Ptereleotris,evides,Ptereleotris evides,2,4,899,Ptereleotridae,0.00389,3.12,0.59,Planktivore
2016,Apo Reef,South Corner,8,2,10,Zebrasoma,scopas,Zebrasoma scopas,2,10,1090,Acanthuridae,0.04,2.867,58.9,Herbivore
2016,Apo Reef,South Corner,8,2,10,Dascyllus,trimaculatus,Dascyllus trimaculatus,2,10,409,Pomacentridae,0.03132,3.043,69.16,Herbivore
2016,Apo Reef,South Corner,8,2,10,Dascyllus,trimaculatus,Dascyllus trimaculatus,2,6,409,Pomacentridae,0.03132,3.043,14.61,Herbivore
2016,Apo Reef,South Corner,8,2,10,Melichthys,vidua,Melichthys vidua,1,12,646,Balistidae,0.0058,3.554,39.7,Omnivore
2016,Apo Reef,South Corner,8,2,10,Naso,vlamingii,Naso vlamingii,1,45,675,Acanthuridae,0.0497,2.839,2453.73,Herbivore
2016,Apo Reef,South Corner,8,2,10,Naso,brevirostris,Naso brevirostris,1,18,665,Acanthuridae,0.0602,2.743,167.04,Herbivore
2016,Apo Reef,South Corner,8,2,10,Naso,caeruleacauda,Naso caeruleacauda,3,40,666,Acanthuridae,0.02399,2.94,3691.54,Herbivore
2016,Apo Reef,South Corner,8,2,10,Naso,lituratus,Naso lituratus,1,12,668,Acanthuridae,0.0497,2.839,57.56,Herbivore
2016,Apo Reef,South Corner,8,2,10,Thalassoma,lunare,Thalassoma lunare,1,6,1061,Labridae,0.01072,2.96,2.16,Benthic Invertivore
2016,Apo Reef,South Corner,8,2,10,Arothron,nigropunctatus,Arothron nigropunctatus,1,10,137,Tetraodontidae,0.02655,3,26.55,Corallivore
2016,Apo Reef,South Corner,8,2,15,Cephalopholis,urodeta,Cephalopholis urodeta,1,20,229,Serranidae,0.02822,2.818,130.88,Piscivore
2016,Apo Reef,South Corner,8,2,15,Zebrasoma,scopas,Zebrasoma scopas,1,10,1090,Acanthuridae,0.04,2.867,29.45,Herbivore
2016,Apo Reef,South Corner,8,2,15,Labroides,dimidiatus,Labroides dimidiatus,1,6,583,Labridae,0.00447,3.13,1.22,Benthic Invertivore
2016,Apo Reef,South Corner,8,2,15,Pomacentrus,vaiuli,Pomacentrus vaiuli,1,6,847,Pomacentridae,0.0619,2.628,6.87,Herbivore
2016,Apo Reef,South Corner,8,2,15,Gomphosus,varius,Gomphosus varius,1,6,496,Labridae,0.00676,2.96,1.36,Benthic Invertivore
2016,Apo Reef,South Corner,8,2,15,Nemateleotris,magnifica,Nemateleotris magnifica,2,6,677,Ptereleotridae,0.00389,3.12,2.08,Planktivore
2016,Apo Reef,South Corner,8,2,15,Chromis,margaritifer,Chromis margaritifer,3,6,319,Pomacentridae,0.0182,3,11.79,Herbivore
2016,Apo Reef,South Corner,8,2,15,Ctenochaetus,striatus,Ctenochaetus striatus,1,12,399,Acanthuridae,0.0137,3.083,29.1,Detritivore
2016,Apo Reef,South Corner,8,2,15,Chlorurus,sordidus,Chlorurus sordidus,2,12,295,Scaridae,0.0319,2.927,91.96,Detritivore
2016,Apo Reef,South Corner,8,2,15,Chlorurus,sordidus,Chlorurus sordidus,1,15,295,Scaridae,0.0319,2.927,88.35,Detritivore
2016,Apo Reef,South Corner,8,2,15,Naso,brevirostris,Naso brevirostris,2,12,665,Acanthuridae,0.0602,2.743,109.86,Herbivore
2016,Apo Reef,South Corner,8,2,15,Melichthys,vidua,Melichthys vidua,1,7,646,Balistidae,0.0058,3.554,5.85,Omnivore
2016,Apo Reef,South Corner,8,2,15,Acanthurus,pyroferus,Acanthurus pyroferus,2,12,30,Acanthuridae,0.00179,3,6.19,Herbivore
2016,Apo Reef,South Corner,8,2,15,Halichoeres,hortulanus,Halichoeres hortulanus,1,12,520,Labridae,0.00977,3.07,20.09,Benthic Invertivore
2016,Apo Reef,South Corner,8,2,15,Scarus,niger,Scarus niger,1,20,956,Scaridae,0.0316,3.09,331.03,Herbivore
2016,Apo Reef,South Corner,8,2,15,Dascyllus,trimaculatus,Dascyllus trimaculatus,1,12,409,Pomacentridae,0.03132,3.043,60.22,Herbivore
2016,Apo Reef,South Corner,8,2,15,Dascyllus,trimaculatus,Dascyllus trimaculatus,1,10,409,Pomacentridae,0.03132,3.043,34.58,Herbivore
2016,Apo Reef,South Corner,8,2,15,Centropyge,vrolikii,Centropyge vrolikii,1,10,218,Pomacanthidae,0.0302,2.89,23.44,Corallivore
2016,Apo Reef,South Corner,8,2,15,Chlorurus,bleekeri,Chlorurus bleekeri,1,15,288,Scaridae,0.01995,3.01,69.18,Herbivore
2016,Apo Reef,South Corner,8,2,15,Parupeneus,multifasciatus,Parupeneus multifasciatus,1,12,748,Mullidae,0.01047,3.15,26.26,Benthic Invertivore
2016,Apo Reef,South Corner,8,2,15,Centropyge,vrolikii,Centropyge vrolikii,2,10,218,Pomacanthidae,0.0302,2.89,46.89,Corallivore
2016,Apo Reef,South Corner,8,2,15,Chromis,margaritifer,Chromis margaritifer,2,6,319,Pomacentridae,0.0182,3,7.86,Herbivore
2016,Apo Reef,South Corner,8,2,15,Chromis,margaritifer,Chromis margaritifer,7,3,319,Pomacentridae,0.0182,3,3.44,Herbivore
2016,Apo Reef,South Corner,8,2,15,Amphiprion,frenatus,Amphiprion frenatus,1,15,71,Pomacentridae,0.02291,2.99,75.26,Herbivore
2016,Apo Reef,South Corner,8,2,20,Centropyge,bispinosus,Centropyge bispinosus,1,6,208,Pomacanthidae,0.03236,2.74,4.39,Corallivore
2016,Apo Reef,South Corner,8,2,20,Centropyge,vrolikii,Centropyge vrolikii,1,10,218,Pomacanthidae,0.0302,2.89,23.44,Corallivore
2016,Apo Reef,South Corner,8,2,20,Melichthys,vidua,Melichthys vidua,1,15,646,Balistidae,0.0058,3.554,87.75,Omnivore
2016,Apo Reef,South Corner,8,2,20,Melichthys,vidua,Melichthys vidua,1,12,646,Balistidae,0.0058,3.554,39.7,Omnivore
2016,Apo Reef,South Corner,8,2,20,Zebrasoma,scopas,Zebrasoma scopas,2,10,1090,Acanthuridae,0.04,2.867,58.9,Herbivore
2016,Apo Reef,South Corner,8,2,20,Naso,brevirostris,Naso brevirostris,1,12,665,Acanthuridae,0.0602,2.743,54.93,Herbivore
2016,Apo Reef,South Corner,8,2,20,Ctenochaetus,striatus,Ctenochaetus striatus,3,12,399,Acanthuridae,0.0137,3.083,87.29,Detritivore
2016,Apo Reef,South Corner,8,2,20,Chromis,margaritifer,Chromis margaritifer,8,6,319,Pomacentridae,0.0182,3,31.45,Herbivore
2016,Apo Reef,South Corner,8,2,20,Chromis,xanthura,Chromis xanthura,2,10,333,Pomacentridae,0.009,2.773,10.67,Planktivore
2016,Apo Reef,South Corner,8,2,20,Balistapus,undulatus,Balistapus undulatus,1,10,153,Balistidae,0.0058,3.554,20.77,Omnivore
2016,Apo Reef,South Corner,8,2,20,Zebrasoma,scopas,Zebrasoma scopas,1,12,1090,Acanthuridae,0.04,2.867,49.67,Herbivore
2016,Apo Reef,South Corner,8,2,20,Zebrasoma,scopas,Zebrasoma scopas,1,10,1090,Acanthuridae,0.04,2.867,29.45,Herbivore
2016,Apo Reef,South Corner,8,2,20,Dascyllus,trimaculatus,Dascyllus trimaculatus,1,15,409,Pomacentridae,0.03132,3.043,118.76,Herbivore
2016,Apo Reef,South Corner,8,2,20,Pomacentrus,philippinus,Pomacentrus philippinus,1,9,837,Pomacentridae,0.0508,2.707,19.45,Herbivore
2016,Apo Reef,South Corner,8,2,20,Acanthurus,pyroferus,Acanthurus pyroferus,1,12,30,Acanthuridae,0.00179,3,3.09,Herbivore
2016,Apo Reef,South Corner,8,2,20,Pomacentrus,vaiuli,Pomacentrus vaiuli,1,6,847,Pomacentridae,0.0619,2.628,6.87,Herbivore
2016,Apo Reef,South Corner,8,2,20,Labroides,dimidiatus,Labroides dimidiatus,1,2,583,Labridae,0.00447,3.13,0.04,Benthic Invertivore
2016,Apo Reef,South Corner,8,2,20,Chromis,margaritifer,Chromis margaritifer,4,2,319,Pomacentridae,0.0182,3,0.58,Herbivore
2016,Apo Reef,South Corner,8,2,20,Naso,hexacanthus,Naso hexacanthus,2,60,667,Acanthuridae,0.0424,2.854,10074.87,Omnivore
2016,Apo Reef,South Corner,8,2,20,Chaetodon,lunula,Chaetodon lunula,1,12,243,Chaetodontidae,0.02239,3.01,39.66,Benthic Invertivore
2016,Apo Reef,South Corner,8,2,20,Bodianus,mesothorax,Bodianus mesothorax,1,12,167,Labridae,0.0123,3.04,23.48,Benthic Invertivore
2016,Apo Reef,South Corner,8,2,20,Amphiprion,clarkii,Amphiprion clarkii,2,10,70,Pomacentridae,0.02291,2.99,44.78,Planktivore
2016,Apo Reef,South Corner,7,2,25,Scarus,schlegeli,Scarus schlegeli,1,18,965,Scaridae,0.0309,2.87,123.76,Herbivore
2016,Apo Reef,South Corner,7,2,25,Pterocaesio,pisang,Pterocaesio pisang,80,8,907,Caesionidae,0.00743,3.15,415.73,Planktivore
2016,Apo Reef,South Corner,7,2,25,Ctenochaetus,binotatus,Ctenochaetus binotatus,1,20,395,Acanthuridae,0.081,2.59,189.74,Detritivore
2016,Apo Reef,South Corner,7,2,25,Caranx,melampygus,Caranx melampygus,1,10,204,Carangidae,0.0244,2.98,23.3,Piscivore
2016,Apo Reef,South Corner,7,2,25,Cephalopholis,argus,Cephalopholis argus,1,10,219,Serranidae,0.00678,3.274,12.74,Piscivore
2016,Apo Reef,South Corner,7,2,25,Naso,lituratus,Naso lituratus,1,14,668,Acanthuridae,0.0497,2.839,89.17,Herbivore
2016,Apo Reef,South Corner,7,2,25,Naso,lituratus,Naso lituratus,1,10,668,Acanthuridae,0.0497,2.839,34.3,Herbivore
2016,Apo Reef,South Corner,7,2,25,Chaetodon,lunulatus,Chaetodon lunulatus,1,9,244,Chaetodontidae,0.02239,3.01,16.68,Corallivore
2016,Apo Reef,South Corner,7,2,25,Acanthurus,pyroferus,Acanthurus pyroferus,1,10,30,Acanthuridae,0.00179,3,1.79,Herbivore
2016,Apo Reef,South Corner,7,2,25,Chromis,margaritifer,Chromis margaritifer,3,2,319,Pomacentridae,0.0182,3,0.44,Herbivore
2016,Apo Reef,South Corner,7,2,25,Cheilinus,fasciatus,Cheilinus fasciatus,1,4,270,Labridae,0.01487,3,0.95,Benthic Invertivore
2016,Apo Reef,South Corner,7,2,25,Chaetodon,lunulatus,Chaetodon lunulatus,1,6,244,Chaetodontidae,0.02239,3.01,4.92,Corallivore
2016,Apo Reef,South Corner,7,2,25,Scolopsis,bilineata,Scolopsis bilineata,1,10,971,Nemipteridae,0.01318,3.05,14.79,Benthic Invertivore
2016,Apo Reef,South Corner,7,2,25,Cheilinus,fasciatus,Cheilinus fasciatus,2,4,270,Labridae,0.01487,3,1.9,Benthic Invertivore
2016,Apo Reef,South Corner,7,2,25,Scarus,globiceps,Scarus globiceps,1,4,952,Scaridae,0.0155,3,0.99,Herbivore
2016,Apo Reef,South Corner,7,2,25,Ptereleotris,evides,Ptereleotris evides,2,3,899,Ptereleotridae,0.00389,3.12,0.24,Planktivore
2016,Apo Reef,South Corner,7,2,25,Chromis,margaritifer,Chromis margaritifer,3,3,319,Pomacentridae,0.0182,3,1.47,Herbivore
2016,Apo Reef,South Corner,7,2,25,Chromis,margaritifer,Chromis margaritifer,1,2,319,Pomacentridae,0.0182,3,0.15,Herbivore
2016,Apo Reef,South Corner,7,2,25,Chaetodon,melannotus,Chaetodon melannotus,1,8,245,Chaetodontidae,0.038,2.921,16.51,Corallivore
2016,Apo Reef,South Corner,7,2,20,Chromis,weberi,Chromis weberi,3,8,331,Pomacentridae,0.03906,3,60,Herbivore
2016,Apo Reef,South Corner,7,2,20,Naso,lituratus,Naso lituratus,1,17,668,Acanthuridae,0.0497,2.839,154.74,Herbivore
2016,Apo Reef,South Corner,7,2,20,Chlorurus,bleekeri,Chlorurus bleekeri,1,20,288,Scaridae,0.01995,3.01,164.45,Herbivore
2016,Apo Reef,South Corner,7,2,20,Pomacentrus,vaiuli,Pomacentrus vaiuli,1,4,847,Pomacentridae,0.0619,2.628,2.37,Herbivore
2016,Apo Reef,South Corner,7,2,20,Chromis,margaritifer,Chromis margaritifer,2,2,319,Pomacentridae,0.0182,3,0.29,Herbivore
2016,Apo Reef,South Corner,7,2,20,Chlorurus,sordidus,Chlorurus sordidus,1,18,295,Scaridae,0.0319,2.927,150.65,Detritivore
2016,Apo Reef,South Corner,7,2,20,Chromis,weberi,Chromis weberi,1,4,331,Pomacentridae,0.03906,3,2.5,Herbivore
2016,Apo Reef,South Corner,7,2,20,Chaetodon,speculum,Chaetodon speculum,1,10,259,Chaetodontidae,0.06637,2.693,32.73,Corallivore
2016,Apo Reef,South Corner,7,2,20,Cirrhilabrus,cyanopleura,Cirrhilabrus cyanopleura,3,7,350,Labridae,0.01445,2.94,13.23,Planktivore
2016,Apo Reef,South Corner,7,2,20,Chromis,margaritifer,Chromis margaritifer,8,2,319,Pomacentridae,0.0182,3,1.16,Herbivore
2016,Apo Reef,South Corner,7,2,20,Balistapus,undulatus,Balistapus undulatus,1,7,153,Balistidae,0.0058,3.554,5.85,Omnivore
2016,Apo Reef,South Corner,7,2,20,Chaetodon,kleinii,Chaetodon kleinii,1,5,241,Chaetodontidae,0.0448,2.828,4.25,Herbivore
2016,Apo Reef,South Corner,7,2,20,Nemateleotris,magnifica,Nemateleotris magnifica,1,1,677,Ptereleotridae,0.00389,3.12,0,Planktivore
2016,Apo Reef,South Corner,7,2,20,Chlorurus,sordidus,Chlorurus sordidus,1,18,295,Scaridae,0.0319,2.927,150.65,Detritivore
2016,Apo Reef,South Corner,7,2,20,Scarus,schlegeli,Scarus schlegeli,1,20,965,Scaridae,0.0309,2.87,167.46,Herbivore
2016,Apo Reef,South Corner,7,2,20,Chaetodon,melannotus,Chaetodon melannotus,1,5,245,Chaetodontidae,0.038,2.921,4.18,Corallivore
2016,Apo Reef,South Corner,7,3,25,Chromis,margaritifer,Chromis margaritifer,2,2,319,Pomacentridae,0.0182,3,0.29,Herbivore
2016,Apo Reef,South Corner,7,3,25,Chromis,margaritifer,Chromis margaritifer,1,4,319,Pomacentridae,0.0182,3,1.16,Herbivore
2016,Apo Reef,South Corner,7,3,25,Nemateleotris,magnifica,Nemateleotris magnifica,1,3,677,Ptereleotridae,0.00389,3.12,0.12,Planktivore
2016,Apo Reef,South Corner,7,3,25,Balistapus,undulatus,Balistapus undulatus,1,20,153,Balistidae,0.0058,3.554,243.94,Omnivore
2016,Apo Reef,South Corner,7,3,25,Centropyge,vrolikii,Centropyge vrolikii,1,8,218,Pomacanthidae,0.0302,2.89,12.3,Corallivore
2016,Apo Reef,South Corner,7,3,25,Forcipiger,longirostris,Forcipiger longirostris,1,10,482,Chaetodontidae,0.01384,3,13.84,Benthic Invertivore
2016,Apo Reef,South Corner,7,3,25,Chromis,weberi,Chromis weberi,3,6,331,Pomacentridae,0.03906,3,25.31,Herbivore
2016,Apo Reef,South Corner,7,3,25,Chlorurus,sordidus,Chlorurus sordidus,1,13,295,Scaridae,0.0319,2.927,58.12,Detritivore
2016,Apo Reef,South Corner,7,3,25,Acanthurus,japonicus,Acanthurus japonicus,1,5,20,Acanthuridae,0.02188,2.97,2.61,Herbivore
2016,Apo Reef,South Corner,7,3,25,Cirrhilabrus,cyanopleura,Cirrhilabrus cyanopleura,5,4,350,Labridae,0.01445,2.94,4.25,Planktivore
2016,Apo Reef,South Corner,7,3,25,Thalassoma,lunare,Thalassoma lunare,1,2,1061,Labridae,0.01072,2.96,0.08,Benthic Invertivore
2016,Apo Reef,South Corner,7,3,25,Thalassoma,lunare,Thalassoma lunare,1,7,1061,Labridae,0.01072,2.96,3.4,Benthic Invertivore
2016,Apo Reef,South Corner,7,3,25,Chaetodon,kleinii,Chaetodon kleinii,1,6,241,Chaetodontidae,0.0448,2.828,7.11,Herbivore
2016,Apo Reef,South Corner,7,3,25,Chlorurus,bleekeri,Chlorurus bleekeri,1,8,288,Scaridae,0.01995,3.01,10.43,Herbivore
2016,Apo Reef,South Corner,7,3,25,Chromis,margaritifer,Chromis margaritifer,2,3,319,Pomacentridae,0.0182,3,0.98,Herbivore
2016,Apo Reef,South Corner,7,3,25,Chlorurus,bleekeri,Chlorurus bleekeri,1,12,288,Scaridae,0.01995,3.01,35.34,Herbivore
2016,Apo Reef,South Corner,7,3,25,Chromis,weberi,Chromis weberi,1,4,331,Pomacentridae,0.03906,3,2.5,Herbivore
2016,Apo Reef,South Corner,7,3,25,Chlorurus,sordidus,Chlorurus sordidus,1,14,295,Scaridae,0.0319,2.927,72.2,Detritivore
2016,Apo Reef,South Corner,7,3,25,Chaetodon,vagabundus,Chaetodon vagabundus,1,7,264,Chaetodontidae,0.02776,2.973,9.03,Corallivore
2016,Apo Reef,South Corner,7,3,25,Naso,lituratus,Naso lituratus,1,16,668,Acanthuridae,0.0497,2.839,130.27,Herbivore
2016,Apo Reef,South Corner,7,3,25,Naso,lituratus,Naso lituratus,1,12,668,Acanthuridae,0.0497,2.839,57.56,Herbivore
2016,Apo Reef,South Corner,7,3,25,Chromis,margaritifer,Chromis margaritifer,1,3,319,Pomacentridae,0.0182,3,0.49,Herbivore
2016,Apo Reef,South Corner,7,3,25,Melichthys,vidua,Melichthys vidua,1,10,646,Balistidae,0.0058,3.554,20.77,Omnivore
2016,Apo Reef,South Corner,7,3,25,Forcipiger,longirostris,Forcipiger longirostris,2,7,482,Chaetodontidae,0.01384,3,9.49,Benthic Invertivore
2016,Apo Reef,South Corner,7,3,25,Acanthurus,dussumieri,Acanthurus dussumieri,1,13,17,Acanthuridae,0.0554,2.799,72.68,Herbivore
2016,Apo Reef,South Corner,7,3,25,Cephalopholis,argus,Cephalopholis argus,1,18,219,Serranidae,0.00678,3.274,87.3,Piscivore
2016,Apo Reef,South Corner,7,3,25,Odonus,niger,Odonus niger,1,21,699,Balistidae,0.0119,3,110.21,Benthic Invertivore
2016,Apo Reef,South Corner,7,3,25,Chromis,margaritifer,Chromis margaritifer,2,2,319,Pomacentridae,0.0182,3,0.29,Herbivore
2016,Apo Reef,South Corner,7,3,25,Chromis,margaritifer,Chromis margaritifer,1,4,319,Pomacentridae,0.0182,3,1.16,Herbivore
2016,Apo Reef,South Corner,7,3,25,Ctenochaetus,binotatus,Ctenochaetus binotatus,2,10,395,Acanthuridae,0.081,2.59,63.03,Detritivore
2016,Apo Reef,South Corner,7,3,25,Naso,lituratus,Naso lituratus,1,14,668,Acanthuridae,0.0497,2.839,89.17,Herbivore
2016,Apo Reef,South Corner,7,3,25,Scarus,ghobban,Scarus ghobban,1,12,951,Scaridae,0.0165,3.041,31.57,Herbivore
2016,Apo Reef,South Corner,7,3,20,Chaetodon,ornatissimus,Chaetodon ornatissimus,1,9,250,Chaetodontidae,0.02239,3.01,16.68,Corallivore
2016,Apo Reef,South Corner,7,3,20,Chaetodon,ornatissimus,Chaetodon ornatissimus,1,7,250,Chaetodontidae,0.02239,3.01,7.83,Corallivore
2016,Apo Reef,South Corner,7,3,20,Ctenochaetus,binotatus,Ctenochaetus binotatus,1,12,395,Acanthuridae,0.081,2.59,50.53,Detritivore
2016,Apo Reef,South Corner,7,3,20,Naso,lituratus,Naso lituratus,1,18,668,Acanthuridae,0.0497,2.839,182,Herbivore
2016,Apo Reef,South Corner,7,3,20,Labroides,dimidiatus,Labroides dimidiatus,1,4,583,Labridae,0.00447,3.13,0.34,Benthic Invertivore
2016,Apo Reef,South Corner,7,3,20,Centropyge,vrolikii,Centropyge vrolikii,1,6,218,Pomacanthidae,0.0302,2.89,5.36,Corallivore
2016,Apo Reef,South Corner,7,3,20,Chromis,margaritifer,Chromis margaritifer,1,4,319,Pomacentridae,0.0182,3,1.16,Herbivore
2016,Apo Reef,South Corner,7,3,20,Cirrhilabrus,cyanopleura,Cirrhilabrus cyanopleura,7,4,350,Labridae,0.01445,2.94,5.96,Planktivore
2016,Apo Reef,South Corner,7,3,20,Chromis,weberi,Chromis weberi,4,5,331,Pomacentridae,0.03906,3,19.53,Herbivore
2016,Apo Reef,South Corner,7,3,20,Cephalopholis,urodeta,Cephalopholis urodeta,1,12,229,Serranidae,0.02822,2.818,31.02,Piscivore
2016,Apo Reef,South Corner,7,3,20,Scarus,niger,Scarus niger,10,10,956,Scaridae,0.0316,3.09,388.76,Herbivore
2016,Apo Reef,South Corner,7,3,20,Thalassoma,amblycephalum,Thalassoma amblycephalum,20,2,1057,Labridae,0.00955,3,1.53,Planktivore
2016,Apo Reef,South Corner,7,3,20,Naso,lituratus,Naso lituratus,1,23,668,Acanthuridae,0.0497,2.839,365.01,Herbivore
2016,Apo Reef,South Corner,7,3,20,Melichthys,vidua,Melichthys vidua,2,16,646,Balistidae,0.0058,3.554,220.75,Omnivore
2016,Apo Reef,South Corner,7,3,20,Cephalopholis,argus,Cephalopholis argus,1,28,219,Serranidae,0.00678,3.274,370.87,Piscivore
2016,Apo Reef,South Corner,7,3,20,Chromis,margaritifer,Chromis margaritifer,2,2,319,Pomacentridae,0.0182,3,0.29,Herbivore
2016,Apo Reef,South Corner,7,3,20,Chaetodon,kleinii,Chaetodon kleinii,1,6,241,Chaetodontidae,0.0448,2.828,7.11,Herbivore
2016,Apo Reef,South Corner,7,3,15,Cheilinus,fasciatus,Cheilinus fasciatus,1,6,270,Labridae,0.01487,3,3.21,Benthic Invertivore
2016,Apo Reef,South Corner,7,3,15,Cheilinus,fasciatus,Cheilinus fasciatus,1,4,270,Labridae,0.01487,3,0.95,Benthic Invertivore
2016,Apo Reef,South Corner,7,3,15,Scarus,forsteni,Scarus forsteni,1,13,949,Scaridae,0.01995,3.01,44.97,Herbivore
2016,Apo Reef,South Corner,7,3,15,Melichthys,vidua,Melichthys vidua,1,11,646,Balistidae,0.0058,3.554,29.14,Omnivore
2016,Apo Reef,South Corner,7,3,15,Scarus,niger,Scarus niger,1,20,956,Scaridae,0.0316,3.09,331.03,Herbivore
2016,Apo Reef,South Corner,7,3,15,Scarus,niger,Scarus niger,1,7,956,Scaridae,0.0316,3.09,12.91,Herbivore
2016,Apo Reef,South Corner,7,3,15,Chromis,margaritifer,Chromis margaritifer,1,2,319,Pomacentridae,0.0182,3,0.15,Herbivore
2016,Apo Reef,South Corner,7,3,15,Chaetodon,kleinii,Chaetodon kleinii,1,5,241,Chaetodontidae,0.0448,2.828,4.25,Herbivore
2016,Apo Reef,South Corner,7,3,15,Chlorurus,bleekeri,Chlorurus bleekeri,1,4,288,Scaridae,0.01995,3.01,1.29,Herbivore
2016,Apo Reef,South Corner,7,3,15,Labroides,dimidiatus,Labroides dimidiatus,1,2,583,Labridae,0.00447,3.13,0.04,Benthic Invertivore
2016,Apo Reef,South Corner,7,3,15,Cephalopholis,urodeta,Cephalopholis urodeta,1,7,229,Serranidae,0.02822,2.818,6.79,Piscivore
2016,Apo Reef,South Corner,7,3,15,Odonus,niger,Odonus niger,2,21,699,Balistidae,0.0119,3,220.41,Benthic Invertivore
2016,Apo Reef,South Corner,7,3,15,Scarus,forsteni,Scarus forsteni,1,11,949,Scaridae,0.01995,3.01,27.2,Herbivore
2016,Apo Reef,South Corner,7,3,15,Cheilinus,fasciatus,Cheilinus fasciatus,2,5,270,Labridae,0.01487,3,3.72,Benthic Invertivore
2016,Apo Reef,South Corner,7,3,15,Thalassoma,lunare,Thalassoma lunare,1,7,1061,Labridae,0.01072,2.96,3.4,Benthic Invertivore
2016,Apo Reef,South Corner,7,3,15,Scarus,globiceps,Scarus globiceps,1,18,952,Scaridae,0.0155,3,90.4,Herbivore
2016,Apo Reef,South Corner,7,3,15,Acanthurus,nigrofuscus,Acanthurus nigrofuscus,1,18,27,Acanthuridae,0.0089,3.278,115.92,Herbivore
2016,Apo Reef,South Corner,7,3,15,Centropyge,vrolikii,Centropyge vrolikii,1,4,218,Pomacanthidae,0.0302,2.89,1.66,Corallivore
2016,Apo Reef,South Corner,7,3,15,Cirrhilabrus,cyanopleura,Cirrhilabrus cyanopleura,5,4,350,Labridae,0.01445,2.94,4.25,Planktivore
2016,Apo Reef,South Corner,7,3,10,Centropyge,vrolikii,Centropyge vrolikii,1,4,218,Pomacanthidae,0.0302,2.89,1.66,Corallivore
2016,Apo Reef,South Corner,7,3,10,Acanthurus,japonicus,Acanthurus japonicus,1,5,20,Acanthuridae,0.02188,2.97,2.61,Herbivore
2016,Apo Reef,South Corner,7,3,10,Scarus,forsteni,Scarus forsteni,1,5,949,Scaridae,0.01995,3.01,2.53,Herbivore
2016,Apo Reef,South Corner,7,3,10,Scarus,niger,Scarus niger,5,5,956,Scaridae,0.0316,3.09,22.83,Herbivore
2016,Apo Reef,South Corner,7,3,10,Oxycheilinus,digramma,Oxycheilinus digramma,1,10,714,Labridae,0.01449,3,14.49,Benthic Invertivore
2016,Apo Reef,South Corner,7,3,10,Macropharyngodon,meleagris,Macropharyngodon meleagris,1,4,633,Labridae,0.01,3.06,0.7,Benthic Invertivore
2016,Apo Reef,South Corner,7,3,10,Chromis,margaritifer,Chromis margaritifer,4,2,319,Pomacentridae,0.0182,3,0.58,Herbivore
2016,Apo Reef,South Corner,7,3,10,Scarus,quoyi,Scarus quoyi,1,16,961,Scaridae,0.00389,3.12,22.22,Herbivore
2016,Apo Reef,South Corner,7,3,10,Odonus,niger,Odonus niger,1,10,699,Balistidae,0.0119,3,11.9,Benthic Invertivore
2016,Apo Reef,South Corner,7,3,10,Chromis,margaritifer,Chromis margaritifer,4,2,319,Pomacentridae,0.0182,3,0.58,Herbivore
2016,Apo Reef,South Corner,7,3,10,Balistapus,undulatus,Balistapus undulatus,1,13,153,Balistidae,0.0058,3.554,52.77,Omnivore
2016,Apo Reef,South Corner,7,3,10,Scarus,forsteni,Scarus forsteni,1,18,949,Scaridae,0.01995,3.01,119.76,Herbivore
2016,Apo Reef,South Corner,7,3,10,Naso,brevirostris,Naso brevirostris,1,14,665,Acanthuridae,0.0602,2.743,83.84,Herbivore
2016,Apo Reef,South Corner,7,3,10,Ctenochaetus,binotatus,Ctenochaetus binotatus,2,7,395,Acanthuridae,0.081,2.59,25.02,Detritivore
2016,Apo Reef,South Corner,7,3,10,Nemateleotris,magnifica,Nemateleotris magnifica,2,2,677,Ptereleotridae,0.00389,3.12,0.07,Planktivore
2016,Apo Reef,South Corner,7,3,10,Cirrhilabrus,cyanopleura,Cirrhilabrus cyanopleura,2,3,350,Labridae,0.01445,2.94,0.73,Planktivore
2016,Apo Reef,South Corner,7,3,5,Zebrasoma,scopas,Zebrasoma scopas,1,7,1090,Acanthuridae,0.04,2.867,10.59,Herbivore
2016,Apo Reef,South Corner,7,3,5,Scarus,forsteni,Scarus forsteni,1,3,949,Scaridae,0.01995,3.01,0.54,Herbivore
2016,Apo Reef,South Corner,7,3,5,Acanthurus,japonicus,Acanthurus japonicus,1,5,20,Acanthuridae,0.02188,2.97,2.61,Herbivore
2016,Apo Reef,South Corner,7,3,5,Chaetodon,kleinii,Chaetodon kleinii,2,6,241,Chaetodontidae,0.0448,2.828,14.22,Herbivore
2016,Apo Reef,South Corner,7,3,5,Centropyge,vrolikii,Centropyge vrolikii,1,4,218,Pomacanthidae,0.0302,2.89,1.66,Corallivore
2016,Apo Reef,South Corner,7,3,5,Odonus,niger,Odonus niger,2,15,699,Balistidae,0.0119,3,80.33,Benthic Invertivore
2016,Apo Reef,South Corner,7,3,5,Melichthys,vidua,Melichthys vidua,1,7,646,Balistidae,0.0058,3.554,5.85,Omnivore
2016,Apo Reef,South Corner,7,3,5,Chaetodon,ornatissimus,Chaetodon ornatissimus,2,5,250,Chaetodontidae,0.02239,3.01,5.69,Corallivore
2016,Apo Reef,South Corner,7,3,5,Chromis,margaritifer,Chromis margaritifer,3,2,319,Pomacentridae,0.0182,3,0.44,Herbivore
2016,Apo Reef,South Corner,7,3,5,Nemateleotris,magnifica,Nemateleotris magnifica,3,2,677,Ptereleotridae,0.00389,3.12,0.1,Planktivore
2016,Apo Reef,South Corner,7,3,5,Stethojulis,bandanensis,Stethojulis bandanensis,1,3,1033,Labridae,0.01023,2.99,0.27,Benthic Invertivore
2016,Apo Reef,South Corner,7,3,5,Ctenochaetus,binotatus,Ctenochaetus binotatus,1,10,395,Acanthuridae,0.081,2.59,31.51,Detritivore
2016,Apo Reef,South Corner,7,3,5,Centropyge,heraldi,Centropyge heraldi,1,7,212,Pomacanthidae,0.00449,3,1.54,Corallivore
2016,Apo Reef,South Corner,7,3,5,Balistapus,undulatus,Balistapus undulatus,1,18,153,Balistidae,0.0058,3.554,167.75,Omnivore
2016,Apo Reef,South Corner,7,3,5,Ptereleotris,evides,Ptereleotris evides,2,8,899,Ptereleotridae,0.00389,3.12,5.11,Planktivore
2016,Apo Reef,South Corner,7,3,5,Chlorurus,sordidus,Chlorurus sordidus,1,15,295,Scaridae,0.0319,2.927,88.35,Detritivore
2016,Apo Reef,South Corner,7,3,5,Chromis,margaritifer,Chromis margaritifer,2,4,319,Pomacentridae,0.0182,3,2.33,Herbivore
2016,Apo Reef,South Corner,7,3,5,Odonus,niger,Odonus niger,1,6,699,Balistidae,0.0119,3,2.57,Benthic Invertivore
2016,Apo Reef,South Corner,7,3,5,Chlorurus,bleekeri,Chlorurus bleekeri,1,7,288,Scaridae,0.01995,3.01,6.98,Herbivore
2016,Apo Reef,South Corner,7,3,5,Acanthurus,pyroferus,Acanthurus pyroferus,1,17,30,Acanthuridae,0.00179,3,8.79,Herbivore
2016,Apo Reef,Shark Airport,10,1,5,Parupeneus,multifasciatus,Parupeneus multifasciatus,1,5,748,Mullidae,0.01047,3.15,1.67,Benthic Invertivore
2016,Apo Reef,Shark Airport,10,1,5,Scolopsis,bilineata,Scolopsis bilineata,1,7,971,Nemipteridae,0.01318,3.05,4.98,Benthic Invertivore
2016,Apo Reef,Shark Airport,10,1,5,Pomacentrus,vaiuli,Pomacentrus vaiuli,1,3,847,Pomacentridae,0.0619,2.628,1.11,Herbivore
2016,Apo Reef,Shark Airport,10,1,5,Cephalopholis,urodeta,Cephalopholis urodeta,1,4,229,Serranidae,0.02822,2.818,1.4,Piscivore
2016,Apo Reef,Shark Airport,10,1,5,Ctenochaetus,striatus,Ctenochaetus striatus,2,3,399,Acanthuridae,0.0137,3.083,0.81,Detritivore
2016,Apo Reef,Shark Airport,10,1,5,Acanthurus,japonicus,Acanthurus japonicus,1,4,20,Acanthuridae,0.02188,2.97,1.34,Herbivore
2016,Apo Reef,Shark Airport,10,1,5,Caesio,lunaris,Caesio lunaris,4,12,173,Caesionidae,0.01072,3.08,90.39,Planktivore
2016,Apo Reef,Shark Airport,10,1,5,Nemateleotris,magnifica,Nemateleotris magnifica,4,1,677,Ptereleotridae,0.00389,3.12,0.02,Planktivore
2016,Apo Reef,Shark Airport,10,1,5,Ctenochaetus,striatus,Ctenochaetus striatus,1,12,399,Acanthuridae,0.0137,3.083,29.1,Detritivore
2016,Apo Reef,Shark Airport,10,1,5,Ctenochaetus,striatus,Ctenochaetus striatus,2,10,399,Acanthuridae,0.0137,3.083,33.17,Detritivore
2016,Apo Reef,Shark Airport,10,1,5,Scolopsis,bilineata,Scolopsis bilineata,1,8,971,Nemipteridae,0.01318,3.05,7.49,Benthic Invertivore
2016,Apo Reef,Shark Airport,10,1,5,Chaetodon,kleinii,Chaetodon kleinii,1,4,241,Chaetodontidae,0.0448,2.828,2.26,Herbivore
2016,Apo Reef,Shark Airport,10,1,5,Acanthurus,japonicus,Acanthurus japonicus,1,4,20,Acanthuridae,0.02188,2.97,1.34,Herbivore
2016,Apo Reef,Shark Airport,10,1,5,Acanthurus,japonicus,Acanthurus japonicus,1,8,20,Acanthuridae,0.02188,2.97,10.53,Herbivore
2016,Apo Reef,Shark Airport,10,1,10,Thalassoma,amblycephalum,Thalassoma amblycephalum,2,4,1057,Labridae,0.00955,3,1.22,Planktivore
2016,Apo Reef,Shark Airport,10,1,10,Parupeneus,multifasciatus,Parupeneus multifasciatus,1,2,748,Mullidae,0.01047,3.15,0.09,Benthic Invertivore
2016,Apo Reef,Shark Airport,10,1,10,Parupeneus,multifasciatus,Parupeneus multifasciatus,1,4,748,Mullidae,0.01047,3.15,0.82,Benthic Invertivore
2016,Apo Reef,Shark Airport,10,1,10,Cephalopholis,urodeta,Cephalopholis urodeta,1,3,229,Serranidae,0.02822,2.818,0.62,Piscivore
2016,Apo Reef,Shark Airport,10,1,10,Anampses,meleagrides,Anampses meleagrides,2,5,82,Labridae,0.01,3.06,2.75,Benthic Invertivore
2016,Apo Reef,Shark Airport,10,1,10,Melichthys,vidua,Melichthys vidua,1,10,646,Balistidae,0.0058,3.554,20.77,Omnivore
2016,Apo Reef,Shark Airport,10,1,10,Cephalopholis,urodeta,Cephalopholis urodeta,1,8,229,Serranidae,0.02822,2.818,9.9,Piscivore
2016,Apo Reef,Shark Airport,10,1,10,Nemateleotris,magnifica,Nemateleotris magnifica,2,1,677,Ptereleotridae,0.00389,3.12,0.01,Planktivore
2016,Apo Reef,Shark Airport,10,1,10,Pomacentrus,vaiuli,Pomacentrus vaiuli,1,2,847,Pomacentridae,0.0619,2.628,0.38,Herbivore
2016,Apo Reef,Shark Airport,10,1,10,Monotaxis,grandoculis,Monotaxis grandoculis,2,15,649,Lethrinidae,0.02042,2.98,130.57,Benthic Invertivore
2016,Apo Reef,Shark Airport,10,1,10,Chaetodon,kleinii,Chaetodon kleinii,1,4,241,Chaetodontidae,0.0448,2.828,2.26,Herbivore
2016,Apo Reef,Shark Airport,10,1,10,Ctenochaetus,striatus,Ctenochaetus striatus,1,3,399,Acanthuridae,0.0137,3.083,0.41,Detritivore
2016,Apo Reef,Shark Airport,10,1,10,Cephalopholis,urodeta,Cephalopholis urodeta,1,10,229,Serranidae,0.02822,2.818,18.56,Piscivore
2016,Apo Reef,Shark Airport,10,1,15,Monotaxis,grandoculis,Monotaxis grandoculis,2,21,649,Lethrinidae,0.02042,2.98,355.88,Benthic Invertivore
2016,Apo Reef,Shark Airport,10,1,15,Acanthurus,pyroferus,Acanthurus pyroferus,1,10,30,Acanthuridae,0.00179,3,1.79,Herbivore
2016,Apo Reef,Shark Airport,10,1,15,Acanthurus,japonicus,Acanthurus japonicus,1,11,20,Acanthuridae,0.02188,2.97,27.1,Herbivore
2016,Apo Reef,Shark Airport,10,1,15,Acanthurus,japonicus,Acanthurus japonicus,1,5,20,Acanthuridae,0.02188,2.97,2.61,Herbivore
2016,Apo Reef,Shark Airport,10,1,15,Melichthys,vidua,Melichthys vidua,1,6,646,Balistidae,0.0058,3.554,3.38,Omnivore
2016,Apo Reef,Shark Airport,10,1,15,Chromis,margaritifer,Chromis margaritifer,1,1,319,Pomacentridae,0.0182,3,0.02,Herbivore
2016,Apo Reef,Shark Airport,10,1,15,Chaetodon,lunulatus,Chaetodon lunulatus,1,8,244,Chaetodontidae,0.02239,3.01,11.7,Corallivore
2016,Apo Reef,Shark Airport,10,1,15,Parupeneus,multifasciatus,Parupeneus multifasciatus,1,3,748,Mullidae,0.01047,3.15,0.33,Benthic Invertivore
2016,Apo Reef,Shark Airport,10,1,15,Thalassoma,amblycephalum,Thalassoma amblycephalum,2,3,1057,Labridae,0.00955,3,0.52,Planktivore
2016,Apo Reef,Shark Airport,10,1,15,Acanthurus,pyroferus,Acanthurus pyroferus,1,5,30,Acanthuridae,0.00179,3,0.22,Herbivore
2016,Apo Reef,Shark Airport,10,1,15,Chaetodon,vagabundus,Chaetodon vagabundus,2,6,264,Chaetodontidae,0.02776,2.973,11.43,Corallivore
2016,Apo Reef,Shark Airport,10,1,15,Chaetodon,kleinii,Chaetodon kleinii,1,5,241,Chaetodontidae,0.0448,2.828,4.25,Herbivore
2016,Apo Reef,Shark Airport,10,1,15,Pomacentrus,vaiuli,Pomacentrus vaiuli,1,3,847,Pomacentridae,0.0619,2.628,1.11,Herbivore
2016,Apo Reef,Shark Airport,10,1,20,Sufflamen,bursa,Sufflamen bursa,1,8,1040,Balistidae,0.02162,3,11.07,Benthic Invertivore
2016,Apo Reef,Shark Airport,10,1,20,Chromis,margaritifer,Chromis margaritifer,1,2,319,Pomacentridae,0.0182,3,0.15,Herbivore
2016,Apo Reef,Shark Airport,10,1,20,Chaetodon,kleinii,Chaetodon kleinii,2,5,241,Chaetodontidae,0.0448,2.828,8.49,Herbivore
2016,Apo Reef,Shark Airport,10,1,20,Ctenochaetus,binotatus,Ctenochaetus binotatus,1,18,395,Acanthuridae,0.081,2.59,144.42,Detritivore
2016,Apo Reef,Shark Airport,10,1,20,Ctenochaetus,binotatus,Ctenochaetus binotatus,1,15,395,Acanthuridae,0.081,2.59,90.07,Detritivore
2016,Apo Reef,Shark Airport,10,1,20,Pomacentrus,coelestis,Pomacentrus coelestis,1,1,824,Pomacentridae,0.037,2.63,0.04,Herbivore
2016,Apo Reef,Shark Airport,10,1,20,Nemateleotris,magnifica,Nemateleotris magnifica,1,1,677,Ptereleotridae,0.00389,3.12,0,Planktivore
2016,Apo Reef,Shark Airport,10,1,20,Hemigymnus,melapterus,Hemigymnus melapterus,1,8,545,Labridae,0.0123,3.06,7.13,Benthic Invertivore
2016,Apo Reef,Shark Airport,10,1,20,Acanthurus,japonicus,Acanthurus japonicus,1,5,20,Acanthuridae,0.02188,2.97,2.61,Herbivore
2016,Apo Reef,Shark Airport,10,1,20,Ctenochaetus,binotatus,Ctenochaetus binotatus,1,9,395,Acanthuridae,0.081,2.59,23.99,Detritivore
2016,Apo Reef,Shark Airport,10,1,20,Ctenochaetus,binotatus,Ctenochaetus binotatus,1,6,395,Acanthuridae,0.081,2.59,8.39,Detritivore
2016,Apo Reef,Shark Airport,10,1,20,Chaetodon,punctatofasciatus,Chaetodon punctatofasciatus,2,3,253,Chaetodontidae,0.02239,3.01,1.22,Corallivore
2016,Apo Reef,Shark Airport,10,1,20,Dascyllus,reticulatus,Dascyllus reticulatus,1,2,407,Pomacentridae,0.0612,2.747,0.41,Herbivore
2016,Apo Reef,Shark Airport,10,1,25,Ctenochaetus,striatus,Ctenochaetus striatus,2,10,399,Acanthuridae,0.0137,3.083,33.17,Detritivore
2016,Apo Reef,Shark Airport,10,1,25,Acanthurus,japonicus,Acanthurus japonicus,1,8,20,Acanthuridae,0.02188,2.97,10.53,Herbivore
2016,Apo Reef,Shark Airport,10,1,25,Pomacentrus,coelestis,Pomacentrus coelestis,2,2,824,Pomacentridae,0.037,2.63,0.46,Herbivore
2016,Apo Reef,Shark Airport,10,1,25,Pomacentrus,vaiuli,Pomacentrus vaiuli,1,2,847,Pomacentridae,0.0619,2.628,0.38,Herbivore
2016,Apo Reef,Shark Airport,10,1,25,Sufflamen,bursa,Sufflamen bursa,1,3,1040,Balistidae,0.02162,3,0.58,Benthic Invertivore
2016,Apo Reef,Shark Airport,10,1,25,Labroides,dimidiatus,Labroides dimidiatus,2,1,583,Labridae,0.00447,3.13,0.01,Benthic Invertivore
2016,Apo Reef,Shark Airport,10,1,25,Halichoeres,hortulanus,Halichoeres hortulanus,1,13,520,Labridae,0.00977,3.07,25.69,Benthic Invertivore
2016,Apo Reef,Shark Airport,10,1,25,Scolopsis,bilineata,Scolopsis bilineata,1,4,971,Nemipteridae,0.01318,3.05,0.9,Benthic Invertivore
2016,Apo Reef,Shark Airport,10,1,25,Paracirrhites,arcatus,Paracirrhites arcatus,2,3,724,Cirrhitidae,0.00912,3.07,0.53,Benthic Invertivore
2016,Apo Reef,Shark Airport,10,1,25,Thalassoma,lunare,Thalassoma lunare,3,2,1061,Labridae,0.01072,2.96,0.25,Benthic Invertivore
2016,Apo Reef,Shark Airport,10,1,25,Parupeneus,multifasciatus,Parupeneus multifasciatus,2,3,748,Mullidae,0.01047,3.15,0.67,Benthic Invertivore
2016,Apo Reef,Shark Airport,10,1,25,Chaetodon,kleinii,Chaetodon kleinii,2,5,241,Chaetodontidae,0.0448,2.828,8.49,Herbivore
2016,Apo Reef,Shark Airport,10,1,25,Thalassoma,hardwicke,Thalassoma hardwicke,1,4,1059,Labridae,0.00977,3.04,0.66,Benthic Invertivore
2016,Apo Reef,Shark Airport,10,2,25,Cephalopholis,urodeta,Cephalopholis urodeta,1,12,229,Serranidae,0.02822,2.818,31.02,Piscivore
2016,Apo Reef,Shark Airport,10,2,25,Halichoeres,nigrescens,Halichoeres nigrescens,1,12,528,Labridae,0.00977,3.07,20.09,Benthic Invertivore
2016,Apo Reef,Shark Airport,10,2,25,Zanclus,cornutus,Zanclus cornutus,2,10,1088,Zanclidae,0.0147,3.37,68.92,Omnivore
2016,Apo Reef,Shark Airport,10,2,25,Pomacentrus,vaiuli,Pomacentrus vaiuli,1,6,847,Pomacentridae,0.0619,2.628,6.87,Herbivore
2016,Apo Reef,Shark Airport,10,2,25,Pomacentrus,vaiuli,Pomacentrus vaiuli,1,8,847,Pomacentridae,0.0619,2.628,14.62,Herbivore
2016,Apo Reef,Shark Airport,10,2,25,Ctenochaetus,striatus,Ctenochaetus striatus,5,12,399,Acanthuridae,0.0137,3.083,145.48,Detritivore
2016,Apo Reef,Shark Airport,10,2,25,Centropyge,vrolikii,Centropyge vrolikii,1,4,218,Pomacanthidae,0.0302,2.89,1.66,Corallivore
2016,Apo Reef,Shark Airport,10,2,25,Chromis,margaritifer,Chromis margaritifer,2,4,319,Pomacentridae,0.0182,3,2.33,Herbivore
2016,Apo Reef,Shark Airport,10,2,25,Pygoplites,diacanthus,Pygoplites diacanthus,1,20,918,Pomacanthidae,0.00514,3,41.12,Benthic Invertivore
2016,Apo Reef,Shark Airport,10,2,25,Bodianus,diana,Bodianus diana,1,6,164,Labridae,0.0123,3.04,2.85,Benthic Invertivore
2016,Apo Reef,Shark Airport,10,2,25,Ctenochaetus,striatus,Ctenochaetus striatus,2,10,399,Acanthuridae,0.0137,3.083,33.17,Detritivore
2016,Apo Reef,Shark Airport,10,2,25,Pomacentrus,vaiuli,Pomacentrus vaiuli,1,6,847,Pomacentridae,0.0619,2.628,6.87,Herbivore
2016,Apo Reef,Shark Airport,10,2,25,Thalassoma,lunare,Thalassoma lunare,1,7,1061,Labridae,0.01072,2.96,3.4,Benthic Invertivore
2016,Apo Reef,Shark Airport,10,2,25,Thalassoma,lunare,Thalassoma lunare,1,12,1061,Labridae,0.01072,2.96,16.77,Benthic Invertivore
2016,Apo Reef,Shark Airport,10,2,25,Thalassoma,lunare,Thalassoma lunare,3,16,1061,Labridae,0.01072,2.96,117.9,Benthic Invertivore
2016,Apo Reef,Shark Airport,10,2,25,Scolopsis,bilineata,Scolopsis bilineata,1,12,971,Nemipteridae,0.01318,3.05,25.79,Benthic Invertivore
2016,Apo Reef,Shark Airport,10,2,25,Chaetodon,vagabundus,Chaetodon vagabundus,1,10,264,Chaetodontidae,0.02776,2.973,26.09,Corallivore
2016,Apo Reef,Shark Airport,10,2,25,Parupeneus,multifasciatus,Parupeneus multifasciatus,1,12,748,Mullidae,0.01047,3.15,26.26,Benthic Invertivore
2016,Apo Reef,Shark Airport,10,2,25,Halichoeres,hortulanus,Halichoeres hortulanus,1,12,520,Labridae,0.00977,3.07,20.09,Benthic Invertivore
2016,Apo Reef,Shark Airport,10,2,25,Scarus,hypselopterus,Scarus hypselopterus,1,18,953,Scaridae,0.00389,3.12,32.09,Herbivore
2016,Apo Reef,Shark Airport,10,2,25,Halichoeres,nigrescens,Halichoeres nigrescens,2,15,528,Labridae,0.00977,3.07,79.71,Benthic Invertivore
2016,Apo Reef,Shark Airport,10,2,5,Acanthurus,nigrofuscus,Acanthurus nigrofuscus,1,6,27,Acanthuridae,0.0089,3.278,3.16,Herbivore
2016,Apo Reef,Shark Airport,10,2,5,Chaetodon,punctatofasciatus,Chaetodon punctatofasciatus,1,5,253,Chaetodontidae,0.02239,3.01,2.84,Corallivore
2016,Apo Reef,Shark Airport,10,2,5,Acanthurus,japonicus,Acanthurus japonicus,1,7,20,Acanthuridae,0.02188,2.97,7.08,Herbivore
2016,Apo Reef,Shark Airport,10,2,5,Pomacentrus,vaiuli,Pomacentrus vaiuli,1,4,847,Pomacentridae,0.0619,2.628,2.37,Herbivore
2016,Apo Reef,Shark Airport,10,2,5,Nemateleotris,magnifica,Nemateleotris magnifica,3,2,677,Ptereleotridae,0.00389,3.12,0.1,Planktivore
2016,Apo Reef,Shark Airport,10,2,5,Chaetodon,kleinii,Chaetodon kleinii,1,5,241,Chaetodontidae,0.0448,2.828,4.25,Herbivore
2016,Apo Reef,Shark Airport,10,2,5,Pomacentrus,vaiuli,Pomacentrus vaiuli,1,3,847,Pomacentridae,0.0619,2.628,1.11,Herbivore
2016,Apo Reef,Shark Airport,10,2,5,Ptereleotris,evides,Ptereleotris evides,2,3,899,Ptereleotridae,0.00389,3.12,0.24,Planktivore
2016,Apo Reef,Shark Airport,10,2,5,Ctenochaetus,binotatus,Ctenochaetus binotatus,1,2,395,Acanthuridae,0.081,2.59,0.49,Detritivore
2016,Apo Reef,Shark Airport,10,2,5,Ctenochaetus,binotatus,Ctenochaetus binotatus,1,3,395,Acanthuridae,0.081,2.59,1.39,Detritivore
2016,Apo Reef,Shark Airport,10,2,5,Melichthys,vidua,Melichthys vidua,1,6,646,Balistidae,0.0058,3.554,3.38,Omnivore
2016,Apo Reef,Shark Airport,10,2,5,Thalassoma,hardwicke,Thalassoma hardwicke,1,3,1059,Labridae,0.00977,3.04,0.28,Benthic Invertivore
2016,Apo Reef,Shark Airport,10,2,10,Ctenochaetus,binotatus,Ctenochaetus binotatus,1,5,395,Acanthuridae,0.081,2.59,5.23,Detritivore
2016,Apo Reef,Shark Airport,10,2,10,Cephalopholis,urodeta,Cephalopholis urodeta,1,10,229,Serranidae,0.02822,2.818,18.56,Piscivore
2016,Apo Reef,Shark Airport,10,2,10,Pomacentrus,coelestis,Pomacentrus coelestis,2,1,824,Pomacentridae,0.037,2.63,0.07,Herbivore
2016,Apo Reef,Shark Airport,10,2,10,Acanthurus,nigrofuscus,Acanthurus nigrofuscus,2,5,27,Acanthuridae,0.0089,3.278,3.48,Herbivore
2016,Apo Reef,Shark Airport,10,2,10,Pomacentrus,vaiuli,Pomacentrus vaiuli,1,2,847,Pomacentridae,0.0619,2.628,0.38,Herbivore
2016,Apo Reef,Shark Airport,10,2,15,Pomacentrus,vaiuli,Pomacentrus vaiuli,1,4,847,Pomacentridae,0.0619,2.628,2.37,Herbivore
2016,Apo Reef,Shark Airport,10,2,15,Pomacentrus,vaiuli,Pomacentrus vaiuli,1,3,847,Pomacentridae,0.0619,2.628,1.11,Herbivore
2016,Apo Reef,Shark Airport,10,2,15,Acanthurus,japonicus,Acanthurus japonicus,2,5,20,Acanthuridae,0.02188,2.97,5.21,Herbivore
2016,Apo Reef,Shark Airport,10,2,15,Pomacentrus,coelestis,Pomacentrus coelestis,2,1,824,Pomacentridae,0.037,2.63,0.07,Herbivore
2016,Apo Reef,Shark Airport,10,2,15,Pomacentrus,vaiuli,Pomacentrus vaiuli,1,2,847,Pomacentridae,0.0619,2.628,0.38,Herbivore
2016,Apo Reef,Shark Airport,10,2,15,Acanthurus,nigrofuscus,Acanthurus nigrofuscus,1,4,27,Acanthuridae,0.0089,3.278,0.84,Herbivore
2016,Apo Reef,Shark Airport,10,2,15,Melichthys,vidua,Melichthys vidua,1,7,646,Balistidae,0.0058,3.554,5.85,Omnivore
2016,Apo Reef,Shark Airport,10,2,15,Thalassoma,hardwicke,Thalassoma hardwicke,2,3,1059,Labridae,0.00977,3.04,0.55,Benthic Invertivore
2016,Apo Reef,Shark Airport,10,2,15,Macropharyngodon,meleagris,Macropharyngodon meleagris,1,3,633,Labridae,0.01,3.06,0.29,Benthic Invertivore
2016,Apo Reef,Shark Airport,10,3,5,Parupeneus,multifasciatus,Parupeneus multifasciatus,2,10,748,Mullidae,0.01047,3.15,29.58,Benthic Invertivore
2016,Apo Reef,Shark Airport,10,3,5,Scolopsis,bilineata,Scolopsis bilineata,1,10,971,Nemipteridae,0.01318,3.05,14.79,Benthic Invertivore
2016,Apo Reef,Shark Airport,10,3,5,Ctenochaetus,striatus,Ctenochaetus striatus,1,12,399,Acanthuridae,0.0137,3.083,29.1,Detritivore
2016,Apo Reef,Shark Airport,10,3,5,Neoglyphidodon,nigroris,Neoglyphidodon nigroris,1,12,682,Pomacentridae,0.01782,3.182,48.4,Herbivore
2016,Apo Reef,Shark Airport,10,3,5,Balistoides,viridescens,Balistoides viridescens,1,30,156,Balistidae,0.02442,3.018,700.97,Corallivore
2016,Apo Reef,Shark Airport,10,3,5,Scarus,niger,Scarus niger,1,25,956,Scaridae,0.0316,3.09,659.66,Herbivore
2016,Apo Reef,Shark Airport,10,3,5,Scarus,niger,Scarus niger,5,10,956,Scaridae,0.0316,3.09,194.38,Herbivore
2016,Apo Reef,Shark Airport,10,3,5,Acanthurus,japonicus,Acanthurus japonicus,1,20,20,Acanthuridae,0.02188,2.97,159.99,Herbivore
2016,Apo Reef,Shark Airport,10,3,5,Pomacentrus,vaiuli,Pomacentrus vaiuli,1,6,847,Pomacentridae,0.0619,2.628,6.87,Herbivore
2016,Apo Reef,Shark Airport,10,3,5,Scarus,hypselopterus,Scarus hypselopterus,2,10,953,Scaridae,0.00389,3.12,10.26,Herbivore
2016,Apo Reef,Shark Airport,10,3,10,Sphyraena,barracuda,Sphyraena barracuda,13,50,1016,Sphyraenidae,0.00617,3.011,10467.12,Piscivore
2016,Apo Reef,Shark Airport,10,3,10,Chromis,xanthura,Chromis xanthura,1,12,333,Pomacentridae,0.009,2.773,8.85,Planktivore
2016,Apo Reef,Shark Airport,10,3,10,Chaetodon,kleinii,Chaetodon kleinii,1,8,241,Chaetodontidae,0.0448,2.828,16.04,Herbivore
2016,Apo Reef,Shark Airport,10,3,10,Ctenochaetus,striatus,Ctenochaetus striatus,1,8,399,Acanthuridae,0.0137,3.083,8.34,Detritivore
2016,Apo Reef,Shark Airport,10,3,10,Ctenochaetus,striatus,Ctenochaetus striatus,3,10,399,Acanthuridae,0.0137,3.083,49.76,Detritivore
2016,Apo Reef,Shark Airport,10,3,10,Balistapus,undulatus,Balistapus undulatus,1,12,153,Balistidae,0.0058,3.554,39.7,Omnivore
2016,Apo Reef,Shark Airport,10,3,10,Acanthurus,japonicus,Acanthurus japonicus,1,7,20,Acanthuridae,0.02188,2.97,7.08,Herbivore
2016,Apo Reef,Shark Airport,10,3,15,Pomacentrus,vaiuli,Pomacentrus vaiuli,2,6,847,Pomacentridae,0.0619,2.628,13.73,Herbivore
2016,Apo Reef,Shark Airport,10,3,15,Thalassoma,lunare,Thalassoma lunare,1,16,1061,Labridae,0.01072,2.96,39.3,Benthic Invertivore
2016,Apo Reef,Shark Airport,10,3,15,Halichoeres,nigrescens,Halichoeres nigrescens,1,6,528,Labridae,0.00977,3.07,2.39,Benthic Invertivore
2016,Apo Reef,Shark Airport,10,3,15,Ctenochaetus,striatus,Ctenochaetus striatus,6,10,399,Acanthuridae,0.0137,3.083,99.51,Detritivore
2016,Apo Reef,Shark Airport,10,3,15,Neopomacentrus,anabatoides,Neopomacentrus anabatoides,3,8,691,Pomacentridae,0.01479,2.99,22.25,Planktivore
2016,Apo Reef,Shark Airport,10,3,15,Thalassoma,hardwicke,Thalassoma hardwicke,2,8,1059,Labridae,0.00977,3.04,10.87,Benthic Invertivore
2016,Apo Reef,Shark Airport,10,3,15,Parupeneus,multifasciatus,Parupeneus multifasciatus,1,8,748,Mullidae,0.01047,3.15,7.32,Benthic Invertivore
2016,Apo Reef,Shark Airport,10,3,15,Scolopsis,bilineata,Scolopsis bilineata,1,12,971,Nemipteridae,0.01318,3.05,25.79,Benthic Invertivore
2016,Apo Reef,Shark Airport,10,3,20,Ptereleotris,evides,Ptereleotris evides,2,5,899,Ptereleotridae,0.00389,3.12,1.18,Planktivore
2016,Apo Reef,Shark Airport,10,3,20,Neopomacentrus,anabatoides,Neopomacentrus anabatoides,2,10,691,Pomacentridae,0.01479,2.99,28.91,Planktivore
2016,Apo Reef,Shark Airport,10,3,20,Ctenochaetus,striatus,Ctenochaetus striatus,6,6,399,Acanthuridae,0.0137,3.083,20.6,Detritivore
2016,Apo Reef,Shark Airport,10,3,25,Lethrinus,sp.,Lethrinus sp.,2,50,608,Lethrinidae,0.01413,2.95,2904.92,Piscivore
2016,Apo Reef,Shark Airport,10,3,25,Ctenochaetus,striatus,Ctenochaetus striatus,8,6,399,Acanthuridae,0.0137,3.083,27.47,Detritivore
2016,Apo Reef,Shark Airport,10,3,25,Ptereleotris,evides,Ptereleotris evides,2,10,899,Ptereleotridae,0.00389,3.12,10.26,Planktivore
2016,Apo Reef,Shark Airport,10,3,25,Neopomacentrus,anabatoides,Neopomacentrus anabatoides,3,15,691,Pomacentridae,0.01479,2.99,145.75,Planktivore
2016,Apo Reef,Shark Airport,10,3,25,Scarus,niger,Scarus niger,1,12,956,Scaridae,0.0316,3.09,68.29,Herbivore
2016,Apo Reef,Shark Airport,10,3,25,Chromis,margaritifer,Chromis margaritifer,1,6,319,Pomacentridae,0.0182,3,3.93,Herbivore
2016,Apo Reef,Shark Airport,10,3,25,Scolopsis,bilineata,Scolopsis bilineata,1,12,971,Nemipteridae,0.01318,3.05,25.79,Benthic Invertivore
2018,Apo Reef,South Corner,10,1,5,Acanthurus,japonicus,Acanthurus japonicus,1,12,20,Acanthuridae,0.02188,2.97,35.09,Herbivore
2018,Apo Reef,South Corner,10,1,5,Chaetodon,kleinii,Chaetodon kleinii,1,5,241,Chaetodontidae,0.0448,2.828,4.25,Herbivore
2018,Apo Reef,South Corner,10,1,5,Hemitaurichthys,polylepis,Hemitaurichthys polylepis,30,5,547,Chaetodontidae,0.02649,3,99.34,Planktivore
2018,Apo Reef,South Corner,10,1,5,Naso,vlamingii,Naso vlamingii,1,30,675,Acanthuridae,0.0497,2.839,776.07,Herbivore
2018,Apo Reef,South Corner,10,1,5,Acanthurus,xanthopterus,Acanthurus xanthopterus,1,30,35,Acanthuridae,0.0473,2.787,618.87,Omnivore
2018,Apo Reef,South Corner,10,1,5,Lutjanus,kasmira,Lutjanus kasmira,1,20,618,Lutjanidae,0.01349,3.05,125.36,Omnivore
2018,Apo Reef,South Corner,10,1,5,Melichthys,vidua,Melichthys vidua,2,20,646,Balistidae,0.0058,3.554,487.89,Omnivore
2018,Apo Reef,South Corner,10,1,5,Naso,unicornis,Naso unicornis,1,22,674,Acanthuridae,0.0328,2.789,181.92,Herbivore
2018,Apo Reef,South Corner,10,1,5,Macolor,macularis,Macolor macularis,1,35,629,Lutjanidae,0.01445,2.97,556.87,Piscivore
2018,Apo Reef,South Corner,10,1,10,Plectorhinchus,lineatus,Plectorhinchus lineatus,1,50,788,Haemulidae,0.01255,3.079,2136.84,Piscivore
2018,Apo Reef,South Corner,10,1,10,Chaetodon,punctatofasciatus,Chaetodon punctatofasciatus,1,5,253,Chaetodontidae,0.02239,3.01,2.84,Corallivore
2018,Apo Reef,South Corner,10,1,10,Chaetodon,lunulatus,Chaetodon lunulatus,2,6,244,Chaetodontidae,0.02239,3.01,9.85,Corallivore
2018,Apo Reef,South Corner,10,1,10,Acanthurus,japonicus,Acanthurus japonicus,1,10,20,Acanthuridae,0.02188,2.97,20.42,Herbivore
2018,Apo Reef,South Corner,10,1,10,Hemitaurichthys,polylepis,Hemitaurichthys polylepis,20,6,547,Chaetodontidae,0.02649,3,114.44,Planktivore
2018,Apo Reef,South Corner,10,1,10,Zebrasoma,scopas,Zebrasoma scopas,2,7,1090,Acanthuridae,0.04,2.867,21.18,Herbivore
2018,Apo Reef,South Corner,10,1,10,Scarus,niger,Scarus niger,1,14,956,Scaridae,0.0316,3.09,109.96,Herbivore
2018,Apo Reef,South Corner,10,1,10,Acanthurus,thompsoni,Acanthurus thompsoni,4,8,32,Acanthuridae,0.01533,3,31.4,Planktivore
2018,Apo Reef,South Corner,10,1,10,Scarus,forsteni,Scarus forsteni,1,40,949,Scaridae,0.01995,3.01,1324.78,Herbivore
2018,Apo Reef,South Corner,10,1,15,Hemitaurichthys,polylepis,Hemitaurichthys polylepis,25,6,547,Chaetodontidae,0.02649,3,143.05,Planktivore
2018,Apo Reef,South Corner,10,1,15,Lutjanus,decussatus,Lutjanus decussatus,1,20,613,Lutjanidae,0.01413,2.98,106.47,Piscivore
2018,Apo Reef,South Corner,10,1,15,Balistapus,undulatus,Balistapus undulatus,1,25,153,Balistidae,0.0058,3.554,539.15,Omnivore
2018,Apo Reef,South Corner,10,1,15,Chaetodon,punctatofasciatus,Chaetodon punctatofasciatus,2,5,253,Chaetodontidae,0.02239,3.01,5.69,Corallivore
2018,Apo Reef,South Corner,10,1,15,Arothron,nigropunctatus,Arothron nigropunctatus,1,8,137,Tetraodontidae,0.02655,3,13.59,Corallivore
2018,Apo Reef,South Corner,10,1,15,Pomacanthus,imperator,Pomacanthus imperator,1,20,807,Pomacanthidae,0.03236,2.91,197.7,Omnivore
2018,Apo Reef,South Corner,10,1,20,Chromis,xanthura,Chromis xanthura,1,7,333,Pomacentridae,0.009,2.773,1.98,Planktivore
2018,Apo Reef,South Corner,10,1,20,Arothron,nigropunctatus,Arothron nigropunctatus,2,20,137,Tetraodontidae,0.02655,3,424.8,Corallivore
2018,Apo Reef,South Corner,10,1,20,Plectorhinchus,lineatus,Plectorhinchus lineatus,1,22,788,Haemulidae,0.01255,3.079,170.59,Piscivore
2018,Apo Reef,South Corner,10,1,20,Hemitaurichthys,polylepis,Hemitaurichthys polylepis,5,6,547,Chaetodontidae,0.02649,3,28.61,Planktivore
2018,Apo Reef,South Corner,10,1,25,Cetoscarus,bicolor,Cetoscarus bicolor,1,30,230,Scaridae,0.01567,3,423.09,Herbivore
2018,Apo Reef,South Corner,10,1,25,Pterocaesio,tile,Pterocaesio tile,5,12,911,Caesionidae,0.01121,3,96.85,Planktivore
2018,Apo Reef,South Corner,10,1,25,Melichthys,vidua,Melichthys vidua,1,15,646,Balistidae,0.0058,3.554,87.75,Omnivore
2018,Apo Reef,South Corner,10,1,25,Odonus,niger,Odonus niger,15,10,699,Balistidae,0.0119,3,178.5,Benthic Invertivore
2018,Apo Reef,South Corner,10,1,25,Hemitaurichthys,polylepis,Hemitaurichthys polylepis,40,6,547,Chaetodontidae,0.02649,3,228.87,Planktivore
2018,Apo Reef,South Corner,10,2,5,Pygoplites,diacanthus,Pygoplites diacanthus,1,12,918,Pomacanthidae,0.00514,3,8.88,Benthic Invertivore
2018,Apo Reef,South Corner,10,2,5,Melichthys,vidua,Melichthys vidua,1,15,646,Balistidae,0.0058,3.554,87.75,Omnivore
2018,Apo Reef,South Corner,10,2,5,Melichthys,vidua,Melichthys vidua,1,18,646,Balistidae,0.0058,3.554,167.75,Omnivore
2018,Apo Reef,South Corner,10,2,5,Cephalopholis,urodeta,Cephalopholis urodeta,1,5,229,Serranidae,0.02822,2.818,2.63,Piscivore
2018,Apo Reef,South Corner,10,2,5,Acanthurus,pyroferus,Acanthurus pyroferus,1,20,30,Acanthuridae,0.00179,3,14.32,Herbivore
2018,Apo Reef,South Corner,10,2,5,Chaetodon,ulietensis,Chaetodon ulietensis,1,8,262,Chaetodontidae,0.03114,2.874,12.27,Corallivore
2018,Apo Reef,South Corner,10,2,5,Hemitaurichthys,polylepis,Hemitaurichthys polylepis,5,5,547,Chaetodontidae,0.02649,3,16.56,Planktivore
2018,Apo Reef,South Corner,10,2,5,Melichthys,vidua,Melichthys vidua,1,20,646,Balistidae,0.0058,3.554,243.94,Omnivore
2018,Apo Reef,South Corner,10,2,5,Chromis,margaritifer,Chromis margaritifer,2,3,319,Pomacentridae,0.0182,3,0.98,Herbivore
2018,Apo Reef,South Corner,10,2,10,Acanthurus,thompsoni,Acanthurus thompsoni,1,8,32,Acanthuridae,0.01533,3,7.85,Planktivore
2018,Apo Reef,South Corner,10,2,10,Odonus,niger,Odonus niger,5,10,699,Balistidae,0.0119,3,59.5,Benthic Invertivore
2018,Apo Reef,South Corner,10,2,10,Cheilinus,fasciatus,Cheilinus fasciatus,1,14,270,Labridae,0.01487,3,40.8,Benthic Invertivore
2018,Apo Reef,South Corner,10,2,10,Acanthurus,mata,Acanthurus mata,2,20,23,Acanthuridae,0.027,2.945,366.38,Herbivore
2018,Apo Reef,South Corner,10,2,10,Chaetodon,ornatissimus,Chaetodon ornatissimus,1,7,250,Chaetodontidae,0.02239,3.01,7.83,Corallivore
2018,Apo Reef,South Corner,10,2,10,Chromis,margaritifer,Chromis margaritifer,2,3,319,Pomacentridae,0.0182,3,0.98,Herbivore
2018,Apo Reef,South Corner,10,2,10,Cirrhilabrus,cyanopleura,Cirrhilabrus cyanopleura,2,3,350,Labridae,0.01445,2.94,0.73,Planktivore
2018,Apo Reef,South Corner,10,2,15,Pseudanthias,squamipinnis,Pseudanthias squamipinnis,50,5,874,Serranidae,0.0569,2.65,202.47,Planktivore
2018,Apo Reef,South Corner,10,2,15,Cephalopholis,urodeta,Cephalopholis urodeta,1,12,229,Serranidae,0.02822,2.818,31.02,Piscivore
2018,Apo Reef,South Corner,10,2,15,Acanthurus,nigrofuscus,Acanthurus nigrofuscus,1,9,27,Acanthuridae,0.0089,3.278,11.95,Herbivore
2018,Apo Reef,South Corner,10,2,15,Plectorhinchus,lineatus,Plectorhinchus lineatus,1,40,788,Haemulidae,0.01255,3.079,1074.95,Piscivore
2018,Apo Reef,South Corner,10,2,15,Chaetodon,ornatissimus,Chaetodon ornatissimus,1,7,250,Chaetodontidae,0.02239,3.01,7.83,Corallivore
2018,Apo Reef,South Corner,10,2,15,Lutjanus,gibbus,Lutjanus gibbus,1,21,617,Lutjanidae,0.01549,2.95,123.2,Piscivore
2018,Apo Reef,South Corner,10,2,15,Chromis,xanthura,Chromis xanthura,2,7,333,Pomacentridae,0.009,2.773,3.97,Planktivore
2018,Apo Reef,South Corner,10,2,15,Chlorurus,bowersi,Chlorurus bowersi,1,30,289,Scaridae,0.00389,3.12,157.97,Omnivore
2018,Apo Reef,South Corner,10,2,15,Naso,unicornis,Naso unicornis,1,20,674,Acanthuridae,0.0328,2.789,139.46,Herbivore
2018,Apo Reef,South Corner,10,2,20,Melichthys,vidua,Melichthys vidua,1,20,646,Balistidae,0.0058,3.554,243.94,Omnivore
2018,Apo Reef,South Corner,10,2,20,Naso,lituratus,Naso lituratus,1,20,668,Acanthuridae,0.0497,2.839,245.46,Herbivore
2018,Apo Reef,South Corner,10,2,20,Lutjanus,gibbus,Lutjanus gibbus,1,40,617,Lutjanidae,0.01549,2.95,824.38,Piscivore
2018,Apo Reef,South Corner,10,2,20,Hemitaurichthys,polylepis,Hemitaurichthys polylepis,10,8,547,Chaetodontidae,0.02649,3,135.63,Planktivore
2018,Apo Reef,South Corner,10,2,20,Chaetodon,ornatissimus,Chaetodon ornatissimus,2,8,250,Chaetodontidae,0.02239,3.01,23.41,Corallivore
2018,Apo Reef,South Corner,10,2,20,Cirrhilabrus,cyanopleura,Cirrhilabrus cyanopleura,10,3,350,Labridae,0.01445,2.94,3.65,Planktivore
2018,Apo Reef,South Corner,10,2,20,Chromis,margaritifer,Chromis margaritifer,2,3,319,Pomacentridae,0.0182,3,0.98,Herbivore
2018,Apo Reef,South Corner,10,2,25,Chromis,retrofasciata,Chromis retrofasciata,4,2,325,Pomacentridae,0.009,2.773,0.25,Herbivore
2018,Apo Reef,South Corner,10,2,25,Scarus,niger,Scarus niger,1,18,956,Scaridae,0.0316,3.09,239.04,Herbivore
2018,Apo Reef,South Corner,10,2,25,Acanthurus,nigrofuscus,Acanthurus nigrofuscus,3,12,27,Acanthuridae,0.0089,3.278,92.06,Herbivore
2018,Apo Reef,South Corner,10,2,25,Pomacentrus,vaiuli,Pomacentrus vaiuli,1,4,847,Pomacentridae,0.0619,2.628,2.37,Herbivore
2018,Apo Reef,South Corner,10,2,25,Melichthys,vidua,Melichthys vidua,1,18,646,Balistidae,0.0058,3.554,167.75,Omnivore
2018,Apo Reef,South Corner,10,2,25,Cephalopholis,urodeta,Cephalopholis urodeta,2,4,229,Serranidae,0.02822,2.818,2.81,Piscivore
2018,Apo Reef,South Corner,10,2,25,Monotaxis,grandoculis,Monotaxis grandoculis,1,18,649,Lethrinidae,0.02042,2.98,112.4,Benthic Invertivore
2018,Apo Reef,South Corner,10,3,5,Scarus,niger,Scarus niger,1,35,956,Scaridae,0.0316,3.09,1865.77,Herbivore
2018,Apo Reef,South Corner,10,3,5,Scarus,niger,Scarus niger,1,15,956,Scaridae,0.0316,3.09,136.08,Herbivore
2018,Apo Reef,South Corner,10,3,5,Balistapus,undulatus,Balistapus undulatus,1,20,153,Balistidae,0.0058,3.554,243.94,Omnivore
2018,Apo Reef,South Corner,10,3,5,Chaetodon,baronessa,Chaetodon baronessa,1,5,236,Chaetodontidae,0.0448,2.828,4.25,Corallivore
2018,Apo Reef,South Corner,10,3,5,Plectroglyphidodon,lacrymatus,Plectroglyphidodon lacrymatus,2,5,795,Pomacentridae,0.02138,2.99,5.26,Herbivore
2018,Apo Reef,South Corner,10,3,5,Cirrhilabrus,cyanopleura,Cirrhilabrus cyanopleura,6,3,350,Labridae,0.01445,2.94,2.19,Planktivore
2018,Apo Reef,South Corner,10,3,5,Melichthys,vidua,Melichthys vidua,1,14,646,Balistidae,0.0058,3.554,68.67,Omnivore
2018,Apo Reef,South Corner,10,3,10,Pseudanthias,squamipinnis,Pseudanthias squamipinnis,15,5,874,Serranidae,0.0569,2.65,60.74,Planktivore
2018,Apo Reef,South Corner,10,3,10,Pomacentrus,vaiuli,Pomacentrus vaiuli,1,4,847,Pomacentridae,0.0619,2.628,2.37,Herbivore
2018,Apo Reef,South Corner,10,3,10,Chromis,xanthura,Chromis xanthura,1,5,333,Pomacentridae,0.009,2.773,0.78,Planktivore
2018,Apo Reef,South Corner,10,3,10,Chromis,margaritifer,Chromis margaritifer,10,4,319,Pomacentridae,0.0182,3,11.65,Herbivore
2018,Apo Reef,South Corner,10,3,10,Thalassoma,lunare,Thalassoma lunare,1,3,1061,Labridae,0.01072,2.96,0.28,Benthic Invertivore
2018,Apo Reef,South Corner,10,3,10,Chlorurus,sordidus,Chlorurus sordidus,1,14,295,Scaridae,0.0319,2.927,72.2,Detritivore
2018,Apo Reef,South Corner,10,3,10,Amphiprion,clarkii,Amphiprion clarkii,2,6,70,Pomacentridae,0.02291,2.99,9.72,Planktivore
2018,Apo Reef,South Corner,10,3,10,Acanthurus,xanthopterus,Acanthurus xanthopterus,1,18,35,Acanthuridae,0.0473,2.787,149.04,Omnivore
2018,Apo Reef,South Corner,10,3,15,Acanthurus,thompsoni,Acanthurus thompsoni,1,8,32,Acanthuridae,0.01533,3,7.85,Planktivore
2018,Apo Reef,South Corner,10,3,15,Chromis,xanthura,Chromis xanthura,1,5,333,Pomacentridae,0.009,2.773,0.78,Planktivore
2018,Apo Reef,South Corner,10,3,15,Hemitaurichthys,polylepis,Hemitaurichthys polylepis,2,6,547,Chaetodontidae,0.02649,3,11.44,Planktivore
2018,Apo Reef,South Corner,10,3,15,Chaetodon,rafflesi,Chaetodon rafflesi,1,5,254,Chaetodontidae,0.02239,3.01,2.84,Corallivore
2018,Apo Reef,South Corner,10,3,15,Monotaxis,grandoculis,Monotaxis grandoculis,1,25,649,Lethrinidae,0.02042,2.98,299.17,Benthic Invertivore
2018,Apo Reef,South Corner,10,3,15,Bodianus,mesothorax,Bodianus mesothorax,1,5,167,Labridae,0.0123,3.04,1.64,Benthic Invertivore
2018,Apo Reef,South Corner,10,3,15,Myripristis,berndti,Myripristis berndti,2,12,656,Holocentridae,0.0168,3.061,67.56,Planktivore
2018,Apo Reef,South Corner,10,3,20,Chromis,xanthura,Chromis xanthura,2,7,333,Pomacentridae,0.009,2.773,3.97,Planktivore
2018,Apo Reef,South Corner,10,3,20,Acanthurus,nigrofuscus,Acanthurus nigrofuscus,3,10,27,Acanthuridae,0.0089,3.278,50.64,Herbivore
2018,Apo Reef,South Corner,10,3,20,Hemitaurichthys,polylepis,Hemitaurichthys polylepis,20,5,547,Chaetodontidae,0.02649,3,66.23,Planktivore
2018,Apo Reef,South Corner,10,3,20,Chromis,xanthura,Chromis xanthura,15,5,333,Pomacentridae,0.009,2.773,11.71,Planktivore
2018,Apo Reef,South Corner,10,3,20,Acanthurus,thompsoni,Acanthurus thompsoni,10,8,32,Acanthuridae,0.01533,3,78.49,Planktivore
2018,Apo Reef,South Corner,10,3,20,Macolor,macularis,Macolor macularis,1,40,629,Lutjanidae,0.01445,2.97,827.92,Piscivore
2018,Apo Reef,South Corner,10,3,20,Pomacentrus,brachialis,Pomacentrus brachialis,1,7,820,Pomacentridae,0.0116,3.387,8.45,Herbivore
2018,Apo Reef,South Corner,10,3,20,Pomacentrus,brachialis,Pomacentrus brachialis,2,3,820,Pomacentridae,0.0116,3.387,0.96,Herbivore
2018,Apo Reef,South Corner,10,3,25,Melichthys,vidua,Melichthys vidua,1,20,646,Balistidae,0.0058,3.554,243.94,Omnivore
2018,Apo Reef,South Corner,10,3,25,Monotaxis,grandoculis,Monotaxis grandoculis,1,20,649,Lethrinidae,0.02042,2.98,153.86,Benthic Invertivore
2018,Apo Reef,South Corner,10,3,25,Monotaxis,grandoculis,Monotaxis grandoculis,3,15,649,Lethrinidae,0.02042,2.98,195.85,Benthic Invertivore
2018,Apo Reef,South Corner,10,3,25,Acanthurus,mata,Acanthurus mata,1,18,23,Acanthuridae,0.027,2.945,134.32,Herbivore
2018,Apo Reef,South Corner,10,3,25,Pterocaesio,tile,Pterocaesio tile,25,10,911,Caesionidae,0.01121,3,280.25,Planktivore
2018,Apo Reef,South Corner,10,3,25,Pseudanthias,squamipinnis,Pseudanthias squamipinnis,10,2,874,Serranidae,0.0569,2.65,3.57,Planktivore
2018,Apo Reef,South Corner,10,3,25,Pseudanthias,tuka,Pseudanthias tuka,5,3,875,Serranidae,0.00955,2.97,1.25,Planktivore
2018,Apo Reef,South Corner,10,3,25,Amphiprion,clarkii,Amphiprion clarkii,1,5,70,Pomacentridae,0.02291,2.99,2.82,Planktivore
2018,Apo Reef,South Corner,10,3,25,Amphiprion,clarkii,Amphiprion clarkii,2,3,70,Pomacentridae,0.02291,2.99,1.22,Planktivore
2018,Apo Reef,Aladin,3,1,5,Pomacentrus,moluccensis,Pomacentrus moluccensis,1,3,832,Pomacentridae,0.0703,2.65,1.29,Herbivore
2018,Apo Reef,Aladin,3,1,5,Pomacentrus,moluccensis,Pomacentrus moluccensis,1,4,832,Pomacentridae,0.0703,2.65,2.77,Herbivore
2018,Apo Reef,Aladin,3,1,5,Coris,batuensis,Coris batuensis,1,2,376,Labridae,0.01,3.06,0.08,Benthic Invertivore
2018,Apo Reef,Aladin,3,1,5,Dascyllus,reticulatus,Dascyllus reticulatus,5,4,407,Pomacentridae,0.0612,2.747,13.79,Herbivore
2018,Apo Reef,Aladin,3,1,5,Dascyllus,reticulatus,Dascyllus reticulatus,10,3,407,Pomacentridae,0.0612,2.747,12.51,Herbivore
2018,Apo Reef,Aladin,3,1,5,Ctenochaetus,striatus,Ctenochaetus striatus,1,15,399,Acanthuridae,0.0137,3.083,57.89,Detritivore
2018,Apo Reef,Aladin,3,1,5,Ctenochaetus,striatus,Ctenochaetus striatus,1,13,399,Acanthuridae,0.0137,3.083,37.24,Detritivore
2018,Apo Reef,Aladin,3,1,5,Chaetodon,baronessa,Chaetodon baronessa,1,7,236,Chaetodontidae,0.0448,2.828,11,Corallivore
2018,Apo Reef,Aladin,3,1,5,Thalassoma,hardwicke,Thalassoma hardwicke,2,5,1059,Labridae,0.00977,3.04,2.6,Benthic Invertivore
2018,Apo Reef,Aladin,3,1,5,Chromis,viridis,Chromis viridis,5,4,330,Pomacentridae,0.0642,2.518,10.53,Herbivore
2018,Apo Reef,Aladin,3,1,5,Amblyglyphidodon,curacao,Amblyglyphidodon curacao,8,5,56,Pomacentridae,0.02512,3.06,27.67,Planktivore
2018,Apo Reef,Aladin,3,1,5,Scarus,niger,Scarus niger,1,17,956,Scaridae,0.0316,3.09,200.34,Herbivore
2018,Apo Reef,Aladin,3,1,5,Zebrasoma,scopas,Zebrasoma scopas,2,14,1090,Acanthuridae,0.04,2.867,154.54,Herbivore
2018,Apo Reef,Aladin,3,1,10,Pomacentrus,lepidogenys,Pomacentrus lepidogenys,4,4,830,Pomacentridae,0.0215,3.21,7.36,Herbivore
2018,Apo Reef,Aladin,3,1,10,Chaetodon,baronessa,Chaetodon baronessa,3,6,236,Chaetodontidae,0.0448,2.828,21.33,Corallivore
2018,Apo Reef,Aladin,3,1,10,Labroides,dimidiatus,Labroides dimidiatus,2,3,583,Labridae,0.00447,3.13,0.28,Benthic Invertivore
2018,Apo Reef,Aladin,3,1,10,Amblyglyphidodon,curacao,Amblyglyphidodon curacao,1,5,56,Pomacentridae,0.02512,3.06,3.46,Planktivore
2018,Apo Reef,Aladin,3,1,10,Pomacentrus,moluccensis,Pomacentrus moluccensis,1,3,832,Pomacentridae,0.0703,2.65,1.29,Herbivore
2018,Apo Reef,Aladin,3,1,10,Dascyllus,reticulatus,Dascyllus reticulatus,10,4,407,Pomacentridae,0.0612,2.747,27.58,Herbivore
2018,Apo Reef,Aladin,3,1,10,Thalassoma,hardwicke,Thalassoma hardwicke,1,8,1059,Labridae,0.00977,3.04,5.44,Benthic Invertivore
2018,Apo Reef,Aladin,3,1,15,Pomacentrus,lepidogenys,Pomacentrus lepidogenys,2,4,830,Pomacentridae,0.0215,3.21,3.68,Herbivore
2018,Apo Reef,Aladin,3,1,15,Chromis,viridis,Chromis viridis,25,5,330,Pomacentridae,0.0642,2.518,92.36,Herbivore
2018,Apo Reef,Aladin,3,1,15,Chaetodon,lunulatus,Chaetodon lunulatus,2,7,244,Chaetodontidae,0.02239,3.01,15.66,Corallivore
2018,Apo Reef,Aladin,3,1,15,Dascyllus,reticulatus,Dascyllus reticulatus,18,2,407,Pomacentridae,0.0612,2.747,7.4,Herbivore
2018,Apo Reef,Aladin,3,1,15,Amblyglyphidodon,curacao,Amblyglyphidodon curacao,2,5,56,Pomacentridae,0.02512,3.06,6.92,Planktivore
2018,Apo Reef,Aladin,3,1,15,Cephalopholis,argus,Cephalopholis argus,1,30,219,Serranidae,0.00678,3.274,464.86,Piscivore
2018,Apo Reef,Aladin,3,1,15,Pomacentrus,moluccensis,Pomacentrus moluccensis,2,2,832,Pomacentridae,0.0703,2.65,0.88,Herbivore
2018,Apo Reef,Aladin,3,1,15,Chaetodon,trifascialis,Chaetodon trifascialis,1,12,261,Chaetodontidae,0.0468,2.758,44.32,Corallivore
2018,Apo Reef,Aladin,3,1,20,Amblyglyphidodon,curacao,Amblyglyphidodon curacao,3,6,56,Pomacentridae,0.02512,3.06,18.13,Planktivore
2018,Apo Reef,Aladin,3,1,20,Dascyllus,reticulatus,Dascyllus reticulatus,5,4,407,Pomacentridae,0.0612,2.747,13.79,Herbivore
2018,Apo Reef,Aladin,3,1,20,Chromis,margaritifer,Chromis margaritifer,1,3,319,Pomacentridae,0.0182,3,0.49,Herbivore
2018,Apo Reef,Aladin,3,1,20,Pomacentrus,moluccensis,Pomacentrus moluccensis,7,4,832,Pomacentridae,0.0703,2.65,19.39,Herbivore
2018,Apo Reef,Aladin,3,1,20,Balistapus,undulatus,Balistapus undulatus,1,7,153,Balistidae,0.0058,3.554,5.85,Omnivore
2018,Apo Reef,Aladin,3,1,20,Chromis,viridis,Chromis viridis,50,3,330,Pomacentridae,0.0642,2.518,51.04,Herbivore
2018,Apo Reef,Aladin,3,1,20,Acanthurus,thompsoni,Acanthurus thompsoni,4,8,32,Acanthuridae,0.01533,3,31.4,Planktivore
2018,Apo Reef,Aladin,3,1,20,Plectroglyphidodon,dickii,Plectroglyphidodon dickii,1,5,792,Pomacentridae,0.0612,2.747,5.09,Corallivore
2018,Apo Reef,Aladin,3,1,20,Zebrasoma,scopas,Zebrasoma scopas,2,12,1090,Acanthuridae,0.04,2.867,99.34,Herbivore
2018,Apo Reef,Aladin,3,1,20,Forcipiger,longirostris,Forcipiger longirostris,1,6,482,Chaetodontidae,0.01384,3,2.99,Benthic Invertivore
2018,Apo Reef,Aladin,3,1,20,Labroides,bicolor,Labroides bicolor,1,3,582,Labridae,0.00447,3.13,0.14,Benthic Invertivore
2018,Apo Reef,Aladin,3,1,25,Chromis,margaritifer,Chromis margaritifer,3,3,319,Pomacentridae,0.0182,3,1.47,Herbivore
2018,Apo Reef,Aladin,3,1,25,Hemigymnus,fasciatus,Hemigymnus fasciatus,1,17,544,Labridae,0.01713,3,84.16,Benthic Invertivore
2018,Apo Reef,Aladin,3,1,25,Pomacentrus,moluccensis,Pomacentrus moluccensis,8,3,832,Pomacentridae,0.0703,2.65,10.34,Herbivore
2018,Apo Reef,Aladin,3,1,25,Scarus,forsteni,Scarus forsteni,2,22,949,Scaridae,0.01995,3.01,438.19,Herbivore
2018,Apo Reef,Aladin,3,1,25,Chromis,viridis,Chromis viridis,33,3,330,Pomacentridae,0.0642,2.518,33.69,Herbivore
2018,Apo Reef,Aladin,3,1,25,Pomacentrus,lepidogenys,Pomacentrus lepidogenys,6,3,830,Pomacentridae,0.0215,3.21,4.39,Herbivore
2018,Apo Reef,Aladin,3,1,25,Balistapus,undulatus,Balistapus undulatus,1,7,153,Balistidae,0.0058,3.554,5.85,Omnivore
2018,Apo Reef,Aladin,3,1,25,Ctenochaetus,striatus,Ctenochaetus striatus,2,14,399,Acanthuridae,0.0137,3.083,93.6,Detritivore
2018,Apo Reef,Aladin,3,2,5,Abudefduf,vaigiensis,Abudefduf vaigiensis,15,7,11,Pomacentridae,0.0195,3.03,106.36,Herbivore
2018,Apo Reef,Aladin,3,2,5,Fistularia,commersonii,Fistularia commersonii,1,14,478,Fistulariidae,0.0112,2.54,9.13,Piscivore
2018,Apo Reef,Aladin,3,2,5,Dascyllus,reticulatus,Dascyllus reticulatus,5,3,407,Pomacentridae,0.0612,2.747,6.26,Herbivore
2018,Apo Reef,Aladin,3,2,5,Chromis,weberi,Chromis weberi,50,3,331,Pomacentridae,0.03906,3,52.73,Herbivore
2018,Apo Reef,Aladin,3,2,5,Chromis,margaritifer,Chromis margaritifer,3,3,319,Pomacentridae,0.0182,3,1.47,Herbivore
2018,Apo Reef,Aladin,3,2,5,Chaetodon,trifascialis,Chaetodon trifascialis,1,8,261,Chaetodontidae,0.0468,2.758,14.49,Corallivore
2018,Apo Reef,Aladin,3,2,5,Chaetodon,ephippium,Chaetodon ephippium,2,13,240,Chaetodontidae,0.023,3.04,111.98,Corallivore
2018,Apo Reef,Aladin,3,2,10,Chromis,weberi,Chromis weberi,60,3,331,Pomacentridae,0.03906,3,63.28,Herbivore
2018,Apo Reef,Aladin,3,2,10,Chromis,viridis,Chromis viridis,20,3,330,Pomacentridae,0.0642,2.518,20.42,Herbivore
2018,Apo Reef,Aladin,3,2,10,Zanclus,cornutus,Zanclus cornutus,1,15,1088,Zanclidae,0.0147,3.37,135.13,Omnivore
2018,Apo Reef,Aladin,3,2,10,Ctenochaetus,striatus,Ctenochaetus striatus,1,20,399,Acanthuridae,0.0137,3.083,140.54,Detritivore
2018,Apo Reef,Aladin,3,2,10,Naso,lituratus,Naso lituratus,1,20,668,Acanthuridae,0.0497,2.839,245.46,Herbivore
2018,Apo Reef,Aladin,3,2,10,Dascyllus,reticulatus,Dascyllus reticulatus,13,2,407,Pomacentridae,0.0612,2.747,5.34,Herbivore
2018,Apo Reef,Aladin,3,2,10,Chaetodon,baronessa,Chaetodon baronessa,1,6,236,Chaetodontidae,0.0448,2.828,7.11,Corallivore
2018,Apo Reef,Aladin,3,2,10,Scarus,niger,Scarus niger,1,20,956,Scaridae,0.0316,3.09,331.03,Herbivore
2018,Apo Reef,Aladin,3,2,10,Cephalopholis,urodeta,Cephalopholis urodeta,1,10,229,Serranidae,0.02822,2.818,18.56,Piscivore
2018,Apo Reef,Aladin,3,2,15,Abudefduf,vaigiensis,Abudefduf vaigiensis,4,7,11,Pomacentridae,0.0195,3.03,28.36,Herbivore
2018,Apo Reef,Aladin,3,2,15,Labroides,dimidiatus,Labroides dimidiatus,2,3,583,Labridae,0.00447,3.13,0.28,Benthic Invertivore
2018,Apo Reef,Aladin,3,2,15,Gomphosus,varius,Gomphosus varius,1,10,496,Labridae,0.00676,2.96,6.17,Benthic Invertivore
2018,Apo Reef,Aladin,3,2,15,Chromis,viridis,Chromis viridis,3,3,330,Pomacentridae,0.0642,2.518,3.06,Herbivore
2018,Apo Reef,Aladin,3,2,15,Chromis,weberi,Chromis weberi,30,3,331,Pomacentridae,0.03906,3,31.64,Herbivore
2018,Apo Reef,Aladin,3,2,15,Chromis,margaritifer,Chromis margaritifer,10,3,319,Pomacentridae,0.0182,3,4.91,Herbivore
2018,Apo Reef,Aladin,3,2,15,Thalassoma,hardwicke,Thalassoma hardwicke,2,7,1059,Labridae,0.00977,3.04,7.24,Benthic Invertivore
2018,Apo Reef,Aladin,3,2,15,Pomacentrus,philippinus,Pomacentrus philippinus,1,4,837,Pomacentridae,0.0508,2.707,2.17,Herbivore
2018,Apo Reef,Aladin,3,2,20,Ctenochaetus,striatus,Ctenochaetus striatus,1,14,399,Acanthuridae,0.0137,3.083,46.8,Detritivore
2018,Apo Reef,Aladin,3,2,20,Acanthurus,nigrofuscus,Acanthurus nigrofuscus,2,20,27,Acanthuridae,0.0089,3.278,327.49,Herbivore
2018,Apo Reef,Aladin,3,2,20,Acanthurus,nigrofuscus,Acanthurus nigrofuscus,3,16,27,Acanthuridae,0.0089,3.278,236.38,Herbivore
2018,Apo Reef,Aladin,3,2,20,Chaetodon,lunulatus,Chaetodon lunulatus,2,5,244,Chaetodontidae,0.02239,3.01,5.69,Corallivore
2018,Apo Reef,Aladin,3,2,20,Chlorurus,bleekeri,Chlorurus bleekeri,1,18,288,Scaridae,0.01995,3.01,119.76,Herbivore
2018,Apo Reef,Aladin,3,2,20,Chromis,viridis,Chromis viridis,6,4,330,Pomacentridae,0.0642,2.518,12.64,Herbivore
2018,Apo Reef,Aladin,3,2,20,Chromis,weberi,Chromis weberi,10,3,331,Pomacentridae,0.03906,3,10.55,Herbivore
2018,Apo Reef,Aladin,3,2,20,Amblyglyphidodon,curacao,Amblyglyphidodon curacao,1,6,56,Pomacentridae,0.02512,3.06,6.04,Planktivore
2018,Apo Reef,Aladin,3,2,20,Chromis,margaritifer,Chromis margaritifer,2,3,319,Pomacentridae,0.0182,3,0.98,Herbivore
2018,Apo Reef,Aladin,3,2,25,Pomacentrus,moluccensis,Pomacentrus moluccensis,3,3,832,Pomacentridae,0.0703,2.65,3.88,Herbivore
2018,Apo Reef,Aladin,3,2,25,Chaetodon,baronessa,Chaetodon baronessa,1,6,236,Chaetodontidae,0.0448,2.828,7.11,Corallivore
2018,Apo Reef,Aladin,3,2,25,Chromis,viridis,Chromis viridis,50,3,330,Pomacentridae,0.0642,2.518,51.04,Herbivore
2018,Apo Reef,Aladin,3,2,25,Chromis,weberi,Chromis weberi,30,3,331,Pomacentridae,0.03906,3,31.64,Herbivore
2018,Apo Reef,Aladin,3,2,25,Pterocaesio,tile,Pterocaesio tile,40,9,911,Caesionidae,0.01121,3,326.88,Planktivore
2018,Apo Reef,Aladin,3,2,25,Caesio,teres,Caesio teres,1,20,175,Caesionidae,0.01072,3.08,108.99,Planktivore
2018,Apo Reef,Aladin,3,2,25,Acanthurus,nigrofuscus,Acanthurus nigrofuscus,1,10,27,Acanthuridae,0.0089,3.278,16.88,Herbivore
2018,Apo Reef,Aladin,3,2,25,Scarus,niger,Scarus niger,1,18,956,Scaridae,0.0316,3.09,239.04,Herbivore
2018,Apo Reef,Aladin,3,2,25,Ctenochaetus,striatus,Ctenochaetus striatus,1,20,399,Acanthuridae,0.0137,3.083,140.54,Detritivore
2018,Apo Reef,Aladin,3,3,5,Oxycheilinus,digramma,Oxycheilinus digramma,1,12,714,Labridae,0.01449,3,25.04,Benthic Invertivore
2018,Apo Reef,Aladin,3,3,5,Chaetodon,lunulatus,Chaetodon lunulatus,2,6,244,Chaetodontidae,0.02239,3.01,9.85,Corallivore
2018,Apo Reef,Aladin,3,3,5,Chromis,viridis,Chromis viridis,80,3,330,Pomacentridae,0.0642,2.518,81.66,Herbivore
2018,Apo Reef,Aladin,3,3,5,Chromis,weberi,Chromis weberi,50,3,331,Pomacentridae,0.03906,3,52.73,Herbivore
2018,Apo Reef,Aladin,3,3,5,Acanthurus,thompsoni,Acanthurus thompsoni,5,13,32,Acanthuridae,0.01533,3,168.4,Planktivore
2018,Apo Reef,Aladin,3,3,5,Chromis,margaritifer,Chromis margaritifer,3,3,319,Pomacentridae,0.0182,3,1.47,Herbivore
2018,Apo Reef,Aladin,3,3,5,Dascyllus,reticulatus,Dascyllus reticulatus,1,3,407,Pomacentridae,0.0612,2.747,1.25,Herbivore
2018,Apo Reef,Aladin,3,3,5,Pomacentrus,moluccensis,Pomacentrus moluccensis,10,4,832,Pomacentridae,0.0703,2.65,27.7,Herbivore
2018,Apo Reef,Aladin,3,3,5,Plectroglyphidodon,lacrymatus,Plectroglyphidodon lacrymatus,1,5,795,Pomacentridae,0.02138,2.99,2.63,Herbivore
2018,Apo Reef,Aladin,3,3,5,Naso,vlamingii,Naso vlamingii,1,15,675,Acanthuridae,0.0497,2.839,108.46,Herbivore
2018,Apo Reef,Aladin,3,3,10,Cephalopholis,urodeta,Cephalopholis urodeta,1,13,229,Serranidae,0.02822,2.818,38.87,Piscivore
2018,Apo Reef,Aladin,3,3,10,Cetoscarus,bicolor,Cetoscarus bicolor,1,30,230,Scaridae,0.01567,3,423.09,Herbivore
2018,Apo Reef,Aladin,3,3,10,Pomacentrus,lepidogenys,Pomacentrus lepidogenys,2,3,830,Pomacentridae,0.0215,3.21,1.46,Herbivore
2018,Apo Reef,Aladin,3,3,10,Chromis,weberi,Chromis weberi,2,3,331,Pomacentridae,0.03906,3,2.11,Herbivore
2018,Apo Reef,Aladin,3,3,10,Chromis,viridis,Chromis viridis,20,3,330,Pomacentridae,0.0642,2.518,20.42,Herbivore
2018,Apo Reef,Aladin,3,3,10,Plectroglyphidodon,lacrymatus,Plectroglyphidodon lacrymatus,1,6,795,Pomacentridae,0.02138,2.99,4.54,Herbivore
2018,Apo Reef,Aladin,3,3,10,Chromis,margaritifer,Chromis margaritifer,7,3,319,Pomacentridae,0.0182,3,3.44,Herbivore
2018,Apo Reef,Aladin,3,3,10,Gomphosus,varius,Gomphosus varius,1,5,496,Labridae,0.00676,2.96,0.79,Benthic Invertivore
2018,Apo Reef,Aladin,3,3,10,Chaetodon,trifascialis,Chaetodon trifascialis,1,8,261,Chaetodontidae,0.0468,2.758,14.49,Corallivore
2018,Apo Reef,Aladin,3,3,15,Chromis,retrofasciata,Chromis retrofasciata,2,3,325,Pomacentridae,0.009,2.773,0.38,Herbivore
2018,Apo Reef,Aladin,3,3,15,Chromis,margaritifer,Chromis margaritifer,18,3,319,Pomacentridae,0.0182,3,8.85,Herbivore
2018,Apo Reef,Aladin,3,3,15,Labroides,dimidiatus,Labroides dimidiatus,1,4,583,Labridae,0.00447,3.13,0.34,Benthic Invertivore
2018,Apo Reef,Aladin,3,3,15,Chromis,weberi,Chromis weberi,40,3,331,Pomacentridae,0.03906,3,42.18,Herbivore
2018,Apo Reef,Aladin,3,3,15,Pseudanthias,huchtii,Pseudanthias huchtii,30,3,867,Serranidae,0.0127,3.085,11.29,Planktivore
2018,Apo Reef,Aladin,3,3,15,Kyphosus,cinerascens,Kyphosus cinerascens,10,25,574,Kyphosidae,0.0179,3,2796.88,Herbivore
2018,Apo Reef,Aladin,3,3,15,Pomacentrus,moluccensis,Pomacentrus moluccensis,2,3,832,Pomacentridae,0.0703,2.65,2.58,Herbivore
2018,Apo Reef,Aladin,3,3,15,Ctenochaetus,striatus,Ctenochaetus striatus,1,20,399,Acanthuridae,0.0137,3.083,140.54,Detritivore
2018,Apo Reef,Aladin,3,3,20,Cephalopholis,urodeta,Cephalopholis urodeta,1,13,229,Serranidae,0.02822,2.818,38.87,Piscivore
2018,Apo Reef,Aladin,3,3,20,Thalassoma,lunare,Thalassoma lunare,1,15,1061,Labridae,0.01072,2.96,32.47,Benthic Invertivore
2018,Apo Reef,Aladin,3,3,20,Chaetodon,ulietensis,Chaetodon ulietensis,1,12,262,Chaetodontidae,0.03114,2.874,39.34,Corallivore
2018,Apo Reef,Aladin,3,3,20,Chromis,weberi,Chromis weberi,3,3,331,Pomacentridae,0.03906,3,3.16,Herbivore
2018,Apo Reef,Aladin,3,3,20,Pomacentrus,vaiuli,Pomacentrus vaiuli,1,3,847,Pomacentridae,0.0619,2.628,1.11,Herbivore
2018,Apo Reef,Aladin,3,3,20,Kyphosus,cinerascens,Kyphosus cinerascens,2,25,574,Kyphosidae,0.0179,3,559.38,Herbivore
2018,Apo Reef,Aladin,3,3,20,Oxycheilinus,digramma,Oxycheilinus digramma,1,14,714,Labridae,0.01449,3,39.76,Benthic Invertivore
2018,Apo Reef,Aladin,3,3,20,Chromis,weberi,Chromis weberi,10,3,331,Pomacentridae,0.03906,3,10.55,Herbivore
2018,Apo Reef,Aladin,3,3,20,Pomacentrus,moluccensis,Pomacentrus moluccensis,3,3,832,Pomacentridae,0.0703,2.65,3.88,Herbivore
2018,Apo Reef,Aladin,3,3,20,Melichthys,vidua,Melichthys vidua,1,15,646,Balistidae,0.0058,3.554,87.75,Omnivore
2018,Apo Reef,Aladin,3,3,20,Chaetodon,lunulatus,Chaetodon lunulatus,2,6,244,Chaetodontidae,0.02239,3.01,9.85,Corallivore
2018,Apo Reef,Aladin,3,3,20,Abudefduf,vaigiensis,Abudefduf vaigiensis,4,5,11,Pomacentridae,0.0195,3.03,10.23,Herbivore
2018,Apo Reef,Aladin,3,3,25,Dascyllus,reticulatus,Dascyllus reticulatus,10,3,407,Pomacentridae,0.0612,2.747,12.51,Herbivore
2018,Apo Reef,Aladin,3,3,25,Chromis,margaritifer,Chromis margaritifer,7,3,319,Pomacentridae,0.0182,3,3.44,Herbivore
2018,Apo Reef,Aladin,3,3,25,Pterocaesio,tile,Pterocaesio tile,40,12,911,Caesionidae,0.01121,3,774.84,Planktivore
2018,Apo Reef,Aladin,3,3,25,Pomacentrus,moluccensis,Pomacentrus moluccensis,3,3,832,Pomacentridae,0.0703,2.65,3.88,Herbivore
2018,Apo Reef,Aladin,3,3,25,Zebrasoma,scopas,Zebrasoma scopas,1,10,1090,Acanthuridae,0.04,2.867,29.45,Herbivore
2018,Apo Reef,Aladin,3,3,25,Scarus,niger,Scarus niger,1,7,956,Scaridae,0.0316,3.09,12.91,Herbivore
2018,Apo Reef,Aladin,3,3,25,Pomacentrus,brachialis,Pomacentrus brachialis,10,5,820,Pomacentridae,0.0116,3.387,27.03,Herbivore
2018,Apo Reef,Aladin,3,3,25,Chaetodon,lunulatus,Chaetodon lunulatus,1,6,244,Chaetodontidae,0.02239,3.01,4.92,Corallivore
2018,Apo Reef,Aladin,3,3,25,Pomacentrus,philippinus,Pomacentrus philippinus,1,3,837,Pomacentridae,0.0508,2.707,0.99,Herbivore
2018,Apo Reef,Aladin,3,3,25,Kyphosus,cinerascens,Kyphosus cinerascens,10,25,574,Kyphosidae,0.0179,3,2796.88,Herbivore
2018,Apo Reef,Aladin,3,3,25,Siganus,vulpinus,Siganus vulpinus,1,20,1009,Siganidae,0.0287,3,229.6,Herbivore
2018,Apo Reef,Aladin,12,1,5,Amblyglyphidodon,leucogaster,Amblyglyphidodon leucogaster,1,6,57,Pomacentridae,0.0195,2.97,3.99,Planktivore
2018,Apo Reef,Aladin,12,1,5,Chromis,retrofasciata,Chromis retrofasciata,4,3,325,Pomacentridae,0.009,2.773,0.76,Herbivore
2018,Apo Reef,Aladin,12,1,5,Cirrhilabrus,cyanopleura,Cirrhilabrus cyanopleura,15,3,350,Labridae,0.01445,2.94,5.48,Planktivore
2018,Apo Reef,Aladin,12,1,5,Acanthurus,thompsoni,Acanthurus thompsoni,11,13,32,Acanthuridae,0.01533,3,370.48,Planktivore
2018,Apo Reef,Aladin,12,1,5,Chromis,atripes,Chromis atripes,4,5,310,Pomacentridae,0.00484,3,2.42,Herbivore
2018,Apo Reef,Aladin,12,1,5,Chromis,margaritifer,Chromis margaritifer,3,4,319,Pomacentridae,0.0182,3,3.49,Herbivore
2018,Apo Reef,Aladin,12,1,5,Bodianus,mesothorax,Bodianus mesothorax,1,15,167,Labridae,0.0123,3.04,46.26,Benthic Invertivore
2018,Apo Reef,Aladin,12,1,10,Amblyglyphidodon,aureus,Amblyglyphidodon aureus,3,6,54,Pomacentridae,0.02138,2.99,13.61,Planktivore
2018,Apo Reef,Aladin,12,1,10,Amblyglyphidodon,aureus,Amblyglyphidodon aureus,1,8,54,Pomacentridae,0.02138,2.99,10.72,Planktivore
2018,Apo Reef,Aladin,12,1,10,Chromis,atripes,Chromis atripes,1,4,310,Pomacentridae,0.00484,3,0.31,Herbivore
2018,Apo Reef,Aladin,12,1,10,Naso,vlamingii,Naso vlamingii,1,20,675,Acanthuridae,0.0497,2.839,245.46,Herbivore
2018,Apo Reef,Aladin,12,1,10,Chromis,retrofasciata,Chromis retrofasciata,2,3,325,Pomacentridae,0.009,2.773,0.38,Herbivore
2018,Apo Reef,Aladin,12,1,10,Pomacentrus,brachialis,Pomacentrus brachialis,2,4,820,Pomacentridae,0.0116,3.387,2.54,Herbivore
2018,Apo Reef,Aladin,12,1,10,Acanthurus,thompsoni,Acanthurus thompsoni,11,10,32,Acanthuridae,0.01533,3,168.63,Planktivore
2018,Apo Reef,Aladin,12,1,15,Chromis,weberi,Chromis weberi,1,6,331,Pomacentridae,0.03906,3,8.44,Herbivore
2018,Apo Reef,Aladin,12,1,15,Amblyglyphidodon,leucogaster,Amblyglyphidodon leucogaster,1,7,57,Pomacentridae,0.0195,2.97,6.31,Planktivore
2018,Apo Reef,Aladin,12,1,15,Acanthurus,pyroferus,Acanthurus pyroferus,1,22,30,Acanthuridae,0.00179,3,19.06,Herbivore
2018,Apo Reef,Aladin,12,1,15,Acanthurus,thompsoni,Acanthurus thompsoni,30,10,32,Acanthuridae,0.01533,3,459.9,Planktivore
2018,Apo Reef,Aladin,12,1,15,Amblyglyphidodon,curacao,Amblyglyphidodon curacao,10,7,56,Pomacentridae,0.02512,3.06,96.83,Planktivore
2018,Apo Reef,Aladin,12,1,15,Amblyglyphidodon,leucogaster,Amblyglyphidodon leucogaster,1,6,57,Pomacentridae,0.0195,2.97,3.99,Planktivore
2018,Apo Reef,Aladin,12,1,15,Pomacentrus,brachialis,Pomacentrus brachialis,1,8,820,Pomacentridae,0.0116,3.387,13.28,Herbivore
2018,Apo Reef,Aladin,12,1,15,Chaetodon,ornatissimus,Chaetodon ornatissimus,2,5,250,Chaetodontidae,0.02239,3.01,5.69,Corallivore
2018,Apo Reef,Aladin,12,1,15,Chaetodon,baronessa,Chaetodon baronessa,1,5,236,Chaetodontidae,0.0448,2.828,4.25,Corallivore
2018,Apo Reef,Aladin,12,1,15,Cephalopholis,argus,Cephalopholis argus,1,10,219,Serranidae,0.00678,3.274,12.74,Piscivore
2018,Apo Reef,Aladin,12,1,20,Chromis,retrofasciata,Chromis retrofasciata,1,2,325,Pomacentridae,0.009,2.773,0.06,Herbivore
2018,Apo Reef,Aladin,12,1,20,Chromis,atripes,Chromis atripes,5,3,310,Pomacentridae,0.00484,3,0.65,Herbivore
2018,Apo Reef,Aladin,12,1,20,Zanclus,cornutus,Zanclus cornutus,1,14,1088,Zanclidae,0.0147,3.37,107.09,Omnivore
2018,Apo Reef,Aladin,12,1,20,Pygoplites,diacanthus,Pygoplites diacanthus,1,10,918,Pomacanthidae,0.00514,3,5.14,Benthic Invertivore
2018,Apo Reef,Aladin,12,1,20,Aulostomus,chinensis,Aulostomus chinensis,1,18,148,Aulostomidae,0.001,3.793,57.71,Benthic Invertivore
2018,Apo Reef,Aladin,12,1,25,Chaetodon,ornatissimus,Chaetodon ornatissimus,1,10,250,Chaetodontidae,0.02239,3.01,22.91,Corallivore
2018,Apo Reef,Aladin,12,1,25,Chaetodon,baronessa,Chaetodon baronessa,1,6,236,Chaetodontidae,0.0448,2.828,7.11,Corallivore
2018,Apo Reef,Aladin,12,1,25,Dascyllus,reticulatus,Dascyllus reticulatus,4,4,407,Pomacentridae,0.0612,2.747,11.03,Herbivore
2018,Apo Reef,Aladin,12,1,25,Dascyllus,reticulatus,Dascyllus reticulatus,10,2,407,Pomacentridae,0.0612,2.747,4.11,Herbivore
2018,Apo Reef,Aladin,12,1,25,Chromis,retrofasciata,Chromis retrofasciata,2,3,325,Pomacentridae,0.009,2.773,0.38,Herbivore
2018,Apo Reef,Aladin,12,1,25,Balistoides,viridescens,Balistoides viridescens,1,30,156,Balistidae,0.02442,3.018,700.97,Corallivore
2018,Apo Reef,Aladin,12,1,25,Acanthurus,thompsoni,Acanthurus thompsoni,5,10,32,Acanthuridae,0.01533,3,76.65,Planktivore
2018,Apo Reef,Aladin,12,1,25,Chromis,atripes,Chromis atripes,5,4,310,Pomacentridae,0.00484,3,1.55,Herbivore
2018,Apo Reef,Aladin,12,2,5,Amblyglyphidodon,leucogaster,Amblyglyphidodon leucogaster,1,6,57,Pomacentridae,0.0195,2.97,3.99,Planktivore
2018,Apo Reef,Aladin,12,2,5,Pomacentrus,brachialis,Pomacentrus brachialis,2,6,820,Pomacentridae,0.0116,3.387,10.03,Herbivore
2018,Apo Reef,Aladin,12,2,5,Chromis,atripes,Chromis atripes,2,5,310,Pomacentridae,0.00484,3,1.21,Herbivore
2018,Apo Reef,Aladin,12,2,5,Chaetodon,lunulatus,Chaetodon lunulatus,2,6,244,Chaetodontidae,0.02239,3.01,9.85,Corallivore
2018,Apo Reef,Aladin,12,2,5,Balistoides,conspicillum,Balistoides conspicillum,1,20,154,Balistidae,0.02344,2.96,166.34,Benthic Invertivore
2018,Apo Reef,Aladin,12,2,5,Pygoplites,diacanthus,Pygoplites diacanthus,1,8,918,Pomacanthidae,0.00514,3,2.63,Benthic Invertivore
2018,Apo Reef,Aladin,12,2,5,Acanthurus,pyroferus,Acanthurus pyroferus,2,13,30,Acanthuridae,0.00179,3,7.87,Herbivore
2018,Apo Reef,Aladin,12,2,5,Pseudanthias,tuka,Pseudanthias tuka,5,4,875,Serranidae,0.00955,2.97,2.93,Planktivore
2018,Apo Reef,Aladin,12,2,5,Dascyllus,reticulatus,Dascyllus reticulatus,5,4,407,Pomacentridae,0.0612,2.747,13.79,Herbivore
2018,Apo Reef,Aladin,12,2,5,Myripristis,berndti,Myripristis berndti,1,18,656,Holocentridae,0.0168,3.061,116.87,Planktivore
2018,Apo Reef,Aladin,12,2,10,Melichthys,vidua,Melichthys vidua,1,15,646,Balistidae,0.0058,3.554,87.75,Omnivore
2018,Apo Reef,Aladin,12,2,10,Dascyllus,reticulatus,Dascyllus reticulatus,2,3,407,Pomacentridae,0.0612,2.747,2.5,Herbivore
2018,Apo Reef,Aladin,12,2,10,Pygoplites,diacanthus,Pygoplites diacanthus,1,18,918,Pomacanthidae,0.00514,3,29.98,Benthic Invertivore
2018,Apo Reef,Aladin,12,2,10,Amblyglyphidodon,leucogaster,Amblyglyphidodon leucogaster,1,7,57,Pomacentridae,0.0195,2.97,6.31,Planktivore
2018,Apo Reef,Aladin,12,2,10,Acanthurus,thompsoni,Acanthurus thompsoni,20,10,32,Acanthuridae,0.01533,3,306.6,Planktivore
2018,Apo Reef,Aladin,12,2,10,Chromis,weberi,Chromis weberi,2,5,331,Pomacentridae,0.03906,3,9.77,Herbivore
2018,Apo Reef,Aladin,12,2,10,Cephalopholis,argus,Cephalopholis argus,1,22,219,Serranidae,0.00678,3.274,168.39,Piscivore
2018,Apo Reef,Aladin,12,2,10,Pygoplites,diacanthus,Pygoplites diacanthus,1,20,918,Pomacanthidae,0.00514,3,41.12,Benthic Invertivore
2018,Apo Reef,Aladin,12,2,15,Naso,vlamingii,Naso vlamingii,1,22,675,Acanthuridae,0.0497,2.839,321.73,Herbivore
2018,Apo Reef,Aladin,12,2,15,Chaetodon,ornatissimus,Chaetodon ornatissimus,1,7,250,Chaetodontidae,0.02239,3.01,7.83,Corallivore
2018,Apo Reef,Aladin,12,2,15,Amblyglyphidodon,aureus,Amblyglyphidodon aureus,2,6,54,Pomacentridae,0.02138,2.99,9.07,Planktivore
2018,Apo Reef,Aladin,12,2,15,Pomacentrus,vaiuli,Pomacentrus vaiuli,2,3,847,Pomacentridae,0.0619,2.628,2.22,Herbivore
2018,Apo Reef,Aladin,12,2,15,Chromis,margaritifer,Chromis margaritifer,1,3,319,Pomacentridae,0.0182,3,0.49,Herbivore
2018,Apo Reef,Aladin,12,2,15,Chromis,weberi,Chromis weberi,1,4,331,Pomacentridae,0.03906,3,2.5,Herbivore
2018,Apo Reef,Aladin,12,2,20,Chromis,atripes,Chromis atripes,3,3,310,Pomacentridae,0.00484,3,0.39,Herbivore
2018,Apo Reef,Aladin,12,2,20,Chromis,retrofasciata,Chromis retrofasciata,6,3,325,Pomacentridae,0.009,2.773,1.14,Herbivore
2018,Apo Reef,Aladin,12,2,20,Macolor,macularis,Macolor macularis,2,35,629,Lutjanidae,0.01445,2.97,1113.73,Piscivore
2018,Apo Reef,Aladin,12,2,20,Epibulus,insidiator,Epibulus insidiator,1,15,446,Labridae,0.0138,3.01,47.85,Benthic Invertivore
2018,Apo Reef,Aladin,12,2,20,Myripristis,berndti,Myripristis berndti,2,18,656,Holocentridae,0.0168,3.061,233.74,Planktivore
2018,Apo Reef,Aladin,12,2,25,Amblyglyphidodon,leucogaster,Amblyglyphidodon leucogaster,1,6,57,Pomacentridae,0.0195,2.97,3.99,Planktivore
2018,Apo Reef,Aladin,12,2,25,Chromis,atripes,Chromis atripes,2,4,310,Pomacentridae,0.00484,3,0.62,Herbivore
2018,Apo Reef,Aladin,12,2,25,Chromis,retrofasciata,Chromis retrofasciata,7,3,325,Pomacentridae,0.009,2.773,1.33,Herbivore
2018,Apo Reef,Aladin,12,2,25,Pomacentrus,lepidogenys,Pomacentrus lepidogenys,1,4,830,Pomacentridae,0.0215,3.21,1.84,Herbivore
2018,Apo Reef,Aladin,12,2,25,Acanthurus,thompsoni,Acanthurus thompsoni,10,8,32,Acanthuridae,0.01533,3,78.49,Planktivore
2018,Apo Reef,Aladin,12,2,25,Cephalopholis,argus,Cephalopholis argus,1,40,219,Serranidae,0.00678,3.274,1192.27,Piscivore
2018,Apo Reef,Aladin,12,3,5,Dascyllus,reticulatus,Dascyllus reticulatus,7,3,407,Pomacentridae,0.0612,2.747,8.76,Herbivore
2018,Apo Reef,Aladin,12,3,5,Amblyglyphidodon,aureus,Amblyglyphidodon aureus,2,6,54,Pomacentridae,0.02138,2.99,9.07,Planktivore
2018,Apo Reef,Aladin,12,3,5,Chromis,atripes,Chromis atripes,4,3,310,Pomacentridae,0.00484,3,0.52,Herbivore
2018,Apo Reef,Aladin,12,3,5,Zanclus,cornutus,Zanclus cornutus,2,14,1088,Zanclidae,0.0147,3.37,214.19,Omnivore
2018,Apo Reef,Aladin,12,3,5,Myripristis,berndti,Myripristis berndti,1,20,656,Holocentridae,0.0168,3.061,161.35,Planktivore
2018,Apo Reef,Aladin,12,3,5,Pomacentrus,brachialis,Pomacentrus brachialis,1,3,820,Pomacentridae,0.0116,3.387,0.48,Herbivore
2018,Apo Reef,Aladin,12,3,10,Amblyglyphidodon,aureus,Amblyglyphidodon aureus,2,6,54,Pomacentridae,0.02138,2.99,9.07,Planktivore
2018,Apo Reef,Aladin,12,3,10,Forcipiger,longirostris,Forcipiger longirostris,1,5,482,Chaetodontidae,0.01384,3,1.73,Benthic Invertivore
2018,Apo Reef,Aladin,12,3,10,Centropyge,vrolikii,Centropyge vrolikii,1,3,218,Pomacanthidae,0.0302,2.89,0.72,Corallivore
2018,Apo Reef,Aladin,12,3,10,Abudefduf,sexfasciatus,Abudefduf sexfasciatus,1,5,8,Pomacentridae,0.02291,3.04,3.05,Herbivore
2018,Apo Reef,Aladin,12,3,10,Naso,vlamingii,Naso vlamingii,1,25,675,Acanthuridae,0.0497,2.839,462.5,Herbivore
2018,Apo Reef,Aladin,12,3,10,Labroides,dimidiatus,Labroides dimidiatus,1,4,583,Labridae,0.00447,3.13,0.34,Benthic Invertivore
2018,Apo Reef,Aladin,12,3,10,Pomacentrus,vaiuli,Pomacentrus vaiuli,1,4,847,Pomacentridae,0.0619,2.628,2.37,Herbivore
2018,Apo Reef,Aladin,12,3,15,Dascyllus,reticulatus,Dascyllus reticulatus,1,2,407,Pomacentridae,0.0612,2.747,0.41,Herbivore
2018,Apo Reef,Aladin,12,3,15,Hemitaurichthys,polylepis,Hemitaurichthys polylepis,10,5,547,Chaetodontidae,0.02649,3,33.11,Planktivore
2018,Apo Reef,Aladin,12,3,15,Amblyglyphidodon,aureus,Amblyglyphidodon aureus,1,4,54,Pomacentridae,0.02138,2.99,1.35,Planktivore
2018,Apo Reef,Aladin,12,3,15,Chromis,weberi,Chromis weberi,1,4,331,Pomacentridae,0.03906,3,2.5,Herbivore
2018,Apo Reef,Aladin,12,3,15,Melichthys,vidua,Melichthys vidua,1,15,646,Balistidae,0.0058,3.554,87.75,Omnivore
2018,Apo Reef,Aladin,12,3,15,Pygoplites,diacanthus,Pygoplites diacanthus,1,20,918,Pomacanthidae,0.00514,3,41.12,Benthic Invertivore
2018,Apo Reef,Aladin,12,3,15,Pomacentrus,brachialis,Pomacentrus brachialis,1,8,820,Pomacentridae,0.0116,3.387,13.28,Herbivore
2018,Apo Reef,Aladin,12,3,15,Chaetodon,auriga,Chaetodon auriga,1,13,235,Chaetodontidae,0.0312,2.953,60.76,Benthic Invertivore
2018,Apo Reef,Aladin,12,3,15,Centropyge,vrolikii,Centropyge vrolikii,1,4,218,Pomacanthidae,0.0302,2.89,1.66,Corallivore
2018,Apo Reef,Aladin,12,3,20,Dascyllus,reticulatus,Dascyllus reticulatus,10,3,407,Pomacentridae,0.0612,2.747,12.51,Herbivore
2018,Apo Reef,Aladin,12,3,20,Chromis,xanthura,Chromis xanthura,15,6,333,Pomacentridae,0.009,2.773,19.42,Planktivore
2018,Apo Reef,Aladin,12,3,20,Chromis,margaritifer,Chromis margaritifer,5,3,319,Pomacentridae,0.0182,3,2.46,Herbivore
2018,Apo Reef,Aladin,12,3,20,Amblyglyphidodon,aureus,Amblyglyphidodon aureus,15,5,54,Pomacentridae,0.02138,2.99,39.45,Planktivore
2018,Apo Reef,Aladin,12,3,25,Acanthurus,nigrofuscus,Acanthurus nigrofuscus,2,8,27,Acanthuridae,0.0089,3.278,16.25,Herbivore
2018,Apo Reef,Aladin,12,3,25,Chromis,retrofasciata,Chromis retrofasciata,10,3,325,Pomacentridae,0.009,2.773,1.89,Herbivore
2018,Apo Reef,Aladin,12,3,25,Chromis,margaritifer,Chromis margaritifer,10,4,319,Pomacentridae,0.0182,3,11.65,Herbivore
2018,Apo Reef,Aladin,12,3,25,Chromis,atripes,Chromis atripes,3,3,310,Pomacentridae,0.00484,3,0.39,Herbivore
2018,Apo Reef,Shark Airport,12,1,5,Acanthurus,japonicus,Acanthurus japonicus,2,15,20,Acanthuridae,0.02188,2.97,136.17,Herbivore
2018,Apo Reef,Shark Airport,12,1,5,Melichthys,vidua,Melichthys vidua,1,20,646,Balistidae,0.0058,3.554,243.94,Omnivore
2018,Apo Reef,Shark Airport,12,1,5,Pomacentrus,brachialis,Pomacentrus brachialis,1,2,820,Pomacentridae,0.0116,3.387,0.12,Herbivore
2018,Apo Reef,Shark Airport,12,1,5,Pomacentrus,brachialis,Pomacentrus brachialis,1,6,820,Pomacentridae,0.0116,3.387,5.01,Herbivore
2018,Apo Reef,Shark Airport,12,1,5,Parupeneus,bifasciatus,Parupeneus bifasciatus,1,14,742,Mullidae,0.00741,3.2,34.47,Benthic Invertivore
2018,Apo Reef,Shark Airport,12,1,5,Bodianus,mesothorax,Bodianus mesothorax,1,12,167,Labridae,0.0123,3.04,23.48,Benthic Invertivore
2018,Apo Reef,Shark Airport,12,1,5,Ctenochaetus,striatus,Ctenochaetus striatus,1,15,399,Acanthuridae,0.0137,3.083,57.89,Detritivore
2018,Apo Reef,Shark Airport,12,1,10,Chaetodon,vagabundus,Chaetodon vagabundus,2,15,264,Chaetodontidae,0.02776,2.973,174.17,Corallivore
2018,Apo Reef,Shark Airport,12,1,10,Pomacentrus,brachialis,Pomacentrus brachialis,3,5,820,Pomacentridae,0.0116,3.387,8.11,Herbivore
2018,Apo Reef,Shark Airport,12,1,10,Acanthurus,nigrofuscus,Acanthurus nigrofuscus,2,10,27,Acanthuridae,0.0089,3.278,33.76,Herbivore
2018,Apo Reef,Shark Airport,12,1,10,Parupeneus,bifasciatus,Parupeneus bifasciatus,1,12,742,Mullidae,0.00741,3.2,21.05,Benthic Invertivore
2018,Apo Reef,Shark Airport,12,1,10,Scarus,niger,Scarus niger,2,10,956,Scaridae,0.0316,3.09,77.75,Herbivore
2018,Apo Reef,Shark Airport,12,1,10,Acanthurus,thompsoni,Acanthurus thompsoni,6,20,32,Acanthuridae,0.01533,3,735.84,Planktivore
2018,Apo Reef,Shark Airport,12,1,15,Melichthys,vidua,Melichthys vidua,1,20,646,Balistidae,0.0058,3.554,243.94,Omnivore
2018,Apo Reef,Shark Airport,12,1,15,Acanthurus,nigrofuscus,Acanthurus nigrofuscus,2,9,27,Acanthuridae,0.0089,3.278,23.9,Herbivore
2018,Apo Reef,Shark Airport,12,1,15,Acanthurus,xanthopterus,Acanthurus xanthopterus,1,15,35,Acanthuridae,0.0473,2.787,89.67,Omnivore
2018,Apo Reef,Shark Airport,12,1,15,Pomacentrus,philippinus,Pomacentrus philippinus,1,3,837,Pomacentridae,0.0508,2.707,0.99,Herbivore
2018,Apo Reef,Shark Airport,12,1,15,Cephalopholis,urodeta,Cephalopholis urodeta,1,14,229,Serranidae,0.02822,2.818,47.9,Piscivore
2018,Apo Reef,Shark Airport,12,1,15,Pomacentrus,vaiuli,Pomacentrus vaiuli,2,5,847,Pomacentridae,0.0619,2.628,8.5,Herbivore
2018,Apo Reef,Shark Airport,12,1,20,Acanthurus,pyroferus,Acanthurus pyroferus,1,25,30,Acanthuridae,0.00179,3,27.97,Herbivore
2018,Apo Reef,Shark Airport,12,1,20,Monotaxis,grandoculis,Monotaxis grandoculis,1,20,649,Lethrinidae,0.02042,2.98,153.86,Benthic Invertivore
2018,Apo Reef,Shark Airport,12,1,20,Cephalopholis,argus,Cephalopholis argus,1,10,219,Serranidae,0.00678,3.274,12.74,Piscivore
2018,Apo Reef,Shark Airport,12,1,20,Acanthurus,japonicus,Acanthurus japonicus,2,18,20,Acanthuridae,0.02188,2.97,234.01,Herbivore
2018,Apo Reef,Shark Airport,12,1,20,Labroides,dimidiatus,Labroides dimidiatus,2,5,583,Labridae,0.00447,3.13,1.38,Benthic Invertivore
2018,Apo Reef,Shark Airport,12,1,20,Chlorurus,capistratoides,Chlorurus capistratoides,1,23,290,Scaridae,0.01413,3.04,194.89,Herbivore
2018,Apo Reef,Shark Airport,12,1,20,Chlorurus,microrhinos,Chlorurus microrhinos,1,40,294,Scaridae,0.0273,2.93,1349.58,Herbivore
2018,Apo Reef,Shark Airport,12,1,20,Pomacentrus,philippinus,Pomacentrus philippinus,1,4,837,Pomacentridae,0.0508,2.707,2.17,Herbivore
2018,Apo Reef,Shark Airport,12,1,20,Chlorurus,bleekeri,Chlorurus bleekeri,1,30,288,Scaridae,0.01995,3.01,557.29,Herbivore
2018,Apo Reef,Shark Airport,12,1,25,Acanthurus,nigrofuscus,Acanthurus nigrofuscus,3,12,27,Acanthuridae,0.0089,3.278,92.06,Herbivore
2018,Apo Reef,Shark Airport,12,1,25,Acanthurus,pyroferus,Acanthurus pyroferus,1,20,30,Acanthuridae,0.00179,3,14.32,Herbivore
2018,Apo Reef,Shark Airport,12,1,25,Dascyllus,reticulatus,Dascyllus reticulatus,2,3,407,Pomacentridae,0.0612,2.747,2.5,Herbivore
2018,Apo Reef,Shark Airport,12,1,25,Amphiprion,clarkii,Amphiprion clarkii,2,7,70,Pomacentridae,0.02291,2.99,15.41,Planktivore
2018,Apo Reef,Shark Airport,12,1,25,Zanclus,cornutus,Zanclus cornutus,2,14,1088,Zanclidae,0.0147,3.37,214.19,Omnivore
2018,Apo Reef,Shark Airport,12,1,25,Bodianus,mesothorax,Bodianus mesothorax,1,10,167,Labridae,0.0123,3.04,13.49,Benthic Invertivore
2018,Apo Reef,Shark Airport,12,1,25,Chromis,margaritifer,Chromis margaritifer,2,3,319,Pomacentridae,0.0182,3,0.98,Herbivore
2018,Apo Reef,Shark Airport,12,1,25,Acanthurus,japonicus,Acanthurus japonicus,1,15,20,Acanthuridae,0.02188,2.97,68.08,Herbivore
2018,Apo Reef,Shark Airport,12,2,5,Acanthurus,nigrofuscus,Acanthurus nigrofuscus,3,20,27,Acanthuridae,0.0089,3.278,491.23,Herbivore
2018,Apo Reef,Shark Airport,12,2,5,Scarus,niger,Scarus niger,1,15,956,Scaridae,0.0316,3.09,136.08,Herbivore
2018,Apo Reef,Shark Airport,12,2,5,Ctenochaetus,striatus,Ctenochaetus striatus,1,12,399,Acanthuridae,0.0137,3.083,29.1,Detritivore
2018,Apo Reef,Shark Airport,12,2,5,Acanthurus,thompsoni,Acanthurus thompsoni,10,12,32,Acanthuridae,0.01533,3,264.9,Planktivore
2018,Apo Reef,Shark Airport,12,2,10,Ctenochaetus,striatus,Ctenochaetus striatus,4,15,399,Acanthuridae,0.0137,3.083,231.56,Detritivore
2018,Apo Reef,Shark Airport,12,2,10,Chlorurus,capistratoides,Chlorurus capistratoides,1,22,290,Scaridae,0.01413,3.04,170.26,Herbivore
2018,Apo Reef,Shark Airport,12,2,10,Acanthurus,japonicus,Acanthurus japonicus,1,10,20,Acanthuridae,0.02188,2.97,20.42,Herbivore
2018,Apo Reef,Shark Airport,12,2,15,Zanclus,cornutus,Zanclus cornutus,1,14,1088,Zanclidae,0.0147,3.37,107.09,Omnivore
2018,Apo Reef,Shark Airport,12,2,15,Scarus,forsteni,Scarus forsteni,1,13,949,Scaridae,0.01995,3.01,44.97,Herbivore
2018,Apo Reef,Shark Airport,12,2,15,Siganus,argenteus,Siganus argenteus,1,14,993,Siganidae,0.0109,3.154,44.91,Herbivore
2018,Apo Reef,Shark Airport,12,2,15,Myripristis,berndti,Myripristis berndti,4,15,656,Holocentridae,0.0168,3.061,267.54,Planktivore
2018,Apo Reef,Shark Airport,12,2,15,Cheilinus,fasciatus,Cheilinus fasciatus,1,15,270,Labridae,0.01487,3,50.19,Benthic Invertivore
2018,Apo Reef,Shark Airport,12,2,20,Acanthurus,nigrofuscus,Acanthurus nigrofuscus,4,16,27,Acanthuridae,0.0089,3.278,315.18,Herbivore
2018,Apo Reef,Shark Airport,12,2,20,Cetoscarus,bicolor,Cetoscarus bicolor,2,20,230,Scaridae,0.01567,3,250.72,Herbivore
2018,Apo Reef,Shark Airport,12,2,20,Scarus,niger,Scarus niger,1,25,956,Scaridae,0.0316,3.09,659.66,Herbivore
2018,Apo Reef,Shark Airport,12,2,20,Cheilinus,fasciatus,Cheilinus fasciatus,1,14,270,Labridae,0.01487,3,40.8,Benthic Invertivore
2018,Apo Reef,Shark Airport,12,2,20,Chromis,weberi,Chromis weberi,1,5,331,Pomacentridae,0.03906,3,4.88,Herbivore
2018,Apo Reef,Shark Airport,12,2,25,Chaetodon,kleinii,Chaetodon kleinii,1,6,241,Chaetodontidae,0.0448,2.828,7.11,Herbivore
2018,Apo Reef,Shark Airport,12,2,25,Pomacentrus,brachialis,Pomacentrus brachialis,3,5,820,Pomacentridae,0.0116,3.387,8.11,Herbivore
2018,Apo Reef,Shark Airport,12,2,25,Ctenochaetus,striatus,Ctenochaetus striatus,1,23,399,Acanthuridae,0.0137,3.083,216.24,Detritivore
2018,Apo Reef,Shark Airport,12,2,25,Ctenochaetus,striatus,Ctenochaetus striatus,3,12,399,Acanthuridae,0.0137,3.083,87.29,Detritivore
2018,Apo Reef,Shark Airport,12,2,25,Melichthys,vidua,Melichthys vidua,1,20,646,Balistidae,0.0058,3.554,243.94,Omnivore
2018,Apo Reef,Shark Airport,12,2,25,Chromis,xanthura,Chromis xanthura,2,8,333,Pomacentridae,0.009,2.773,5.75,Planktivore
2018,Apo Reef,Shark Airport,12,2,25,Epibulus,insidiator,Epibulus insidiator,1,8,446,Labridae,0.0138,3.01,7.21,Benthic Invertivore
2018,Apo Reef,Shark Airport,12,2,5,Acanthurus,nigrofuscus,Acanthurus nigrofuscus,10,14,27,Acanthuridae,0.0089,3.278,508.63,Herbivore
2018,Apo Reef,Shark Airport,12,2,5,Scarus,forsteni,Scarus forsteni,1,20,949,Scaridae,0.01995,3.01,164.45,Herbivore
2018,Apo Reef,Shark Airport,12,2,5,Chaetodon,kleinii,Chaetodon kleinii,1,6,241,Chaetodontidae,0.0448,2.828,7.11,Herbivore
2018,Apo Reef,Shark Airport,12,2,5,Bodianus,mesothorax,Bodianus mesothorax,1,5,167,Labridae,0.0123,3.04,1.64,Benthic Invertivore
2018,Apo Reef,Shark Airport,12,2,5,Zebrasoma,scopas,Zebrasoma scopas,1,6,1090,Acanthuridae,0.04,2.867,6.81,Herbivore
2018,Apo Reef,Shark Airport,12,2,5,Heniochus,chrysostomus,Heniochus chrysostomus,1,14,550,Chaetodontidae,0.0132,3.369,95.91,Corallivore
2018,Apo Reef,Shark Airport,12,2,5,Chlorurus,capistratoides,Chlorurus capistratoides,1,13,290,Scaridae,0.01413,3.04,34.4,Herbivore
2018,Apo Reef,Shark Airport,12,2,5,Cheilinus,fasciatus,Cheilinus fasciatus,1,6,270,Labridae,0.01487,3,3.21,Benthic Invertivore
2018,Apo Reef,Shark Airport,12,2,10,Pomacentrus,brachialis,Pomacentrus brachialis,1,5,820,Pomacentridae,0.0116,3.387,2.7,Herbivore
2018,Apo Reef,Shark Airport,12,2,10,Cephalopholis,argus,Cephalopholis argus,1,30,219,Serranidae,0.00678,3.274,464.86,Piscivore
2018,Apo Reef,Shark Airport,12,2,10,Cheilinus,fasciatus,Cheilinus fasciatus,1,8,270,Labridae,0.01487,3,7.61,Benthic Invertivore
2018,Apo Reef,Shark Airport,12,2,10,Acanthurus,pyroferus,Acanthurus pyroferus,1,20,30,Acanthuridae,0.00179,3,14.32,Herbivore
2018,Apo Reef,Shark Airport,12,2,10,Pygoplites,diacanthus,Pygoplites diacanthus,1,15,918,Pomacanthidae,0.00514,3,17.35,Benthic Invertivore
2018,Apo Reef,Shark Airport,12,2,10,Balistoides,viridescens,Balistoides viridescens,1,40,156,Balistidae,0.02442,3.018,1670.18,Corallivore
2018,Apo Reef,Shark Airport,12,2,10,Naso,lituratus,Naso lituratus,1,18,668,Acanthuridae,0.0497,2.839,182,Herbivore
2018,Apo Reef,Shark Airport,12,2,15,Scarus,forsteni,Scarus forsteni,1,19,949,Scaridae,0.01995,3.01,140.93,Herbivore
2018,Apo Reef,Shark Airport,12,2,15,Melichthys,vidua,Melichthys vidua,1,20,646,Balistidae,0.0058,3.554,243.94,Omnivore
2018,Apo Reef,Shark Airport,12,2,15,Zebrasoma,scopas,Zebrasoma scopas,1,10,1090,Acanthuridae,0.04,2.867,29.45,Herbivore
2018,Apo Reef,Shark Airport,12,2,15,Zebrasoma,scopas,Zebrasoma scopas,1,13,1090,Acanthuridae,0.04,2.867,62.48,Herbivore
2018,Apo Reef,Shark Airport,12,2,15,Cephalopholis,urodeta,Cephalopholis urodeta,1,8,229,Serranidae,0.02822,2.818,9.9,Piscivore
2018,Apo Reef,Shark Airport,12,2,15,Pomacentrus,vaiuli,Pomacentrus vaiuli,1,3,847,Pomacentridae,0.0619,2.628,1.11,Herbivore
2018,Apo Reef,Shark Airport,12,2,15,Cheilinus,undulatus,Cheilinus undulatus,1,100,274,Labridae,0.01514,2.99,14458.59,Benthic Invertivore
2018,Apo Reef,Shark Airport,12,2,20,Cephalopholis,urodeta,Cephalopholis urodeta,1,8,229,Serranidae,0.02822,2.818,9.9,Piscivore
2018,Apo Reef,Shark Airport,12,2,20,Pomacentrus,brachialis,Pomacentrus brachialis,3,4,820,Pomacentridae,0.0116,3.387,3.81,Herbivore
2018,Apo Reef,Shark Airport,12,2,20,Balistapus,undulatus,Balistapus undulatus,1,8,153,Balistidae,0.0058,3.554,9.4,Omnivore
2018,Apo Reef,Shark Airport,12,2,20,Acanthurus,nigrofuscus,Acanthurus nigrofuscus,5,6,27,Acanthuridae,0.0089,3.278,15.82,Herbivore
2018,Apo Reef,Shark Airport,12,2,20,Chromis,weberi,Chromis weberi,1,5,331,Pomacentridae,0.03906,3,4.88,Herbivore
2018,Apo Reef,Shark Airport,12,2,20,Pygoplites,diacanthus,Pygoplites diacanthus,1,6,918,Pomacanthidae,0.00514,3,1.11,Benthic Invertivore
2018,Apo Reef,Shark Airport,12,2,20,Chlorurus,bleekeri,Chlorurus bleekeri,1,25,288,Scaridae,0.01995,3.01,321.92,Herbivore
2018,Apo Reef,Shark Airport,12,2,25,Acanthurus,japonicus,Acanthurus japonicus,2,14,20,Acanthuridae,0.02188,2.97,110.94,Herbivore
2018,Apo Reef,Shark Airport,12,2,25,Cetoscarus,bicolor,Cetoscarus bicolor,1,23,230,Scaridae,0.01567,3,190.66,Herbivore
2018,Apo Reef,Shark Airport,12,2,25,Chromis,weberi,Chromis weberi,1,5,331,Pomacentridae,0.03906,3,4.88,Herbivore
2018,Apo Reef,Shark Airport,12,2,25,Scarus,niger,Scarus niger,5,13,956,Scaridae,0.0316,3.09,437.26,Herbivore
2018,Apo Reef,Shark Airport,12,2,25,Chaetodon,lunulatus,Chaetodon lunulatus,1,3,244,Chaetodontidae,0.02239,3.01,0.61,Corallivore
2018,Apo Reef,Shark Airport,12,2,25,Chlorurus,bleekeri,Chlorurus bleekeri,1,40,288,Scaridae,0.01995,3.01,1324.78,Herbivore
2018,Apo Reef,Shark Airport,12,2,25,Scarus,niger,Scarus niger,2,24,956,Scaridae,0.0316,3.09,1162.97,Herbivore
2018,Apo Reef,Shark Airport,12,2,25,Heniochus,chrysostomus,Heniochus chrysostomus,1,14,550,Chaetodontidae,0.0132,3.369,95.91,Corallivore
2018,Apo Reef,Mabuti,13,2,25,Pomacentrus,brachialis,Pomacentrus brachialis,1,5,820,Pomacentridae,0.0116,3.387,2.7,Herbivore
2018,Apo Reef,Mabuti,13,2,25,Zebrasoma,scopas,Zebrasoma scopas,1,7,1090,Acanthuridae,0.04,2.867,10.59,Herbivore
2018,Apo Reef,Mabuti,13,2,25,Melichthys,vidua,Melichthys vidua,3,18,646,Balistidae,0.0058,3.554,503.25,Omnivore
2018,Apo Reef,Mabuti,13,2,25,Pomacentrus,vaiuli,Pomacentrus vaiuli,1,3,847,Pomacentridae,0.0619,2.628,1.11,Herbivore
2018,Apo Reef,Mabuti,13,2,25,Acanthurus,japonicus,Acanthurus japonicus,1,7,20,Acanthuridae,0.02188,2.97,7.08,Herbivore
2018,Apo Reef,Mabuti,13,2,25,Chromis,weberi,Chromis weberi,20,5,331,Pomacentridae,0.03906,3,97.65,Herbivore
2018,Apo Reef,Mabuti,13,2,25,Acanthurus,nigrofuscus,Acanthurus nigrofuscus,1,8,27,Acanthuridae,0.0089,3.278,8.12,Herbivore
2018,Apo Reef,Mabuti,13,2,25,Chromis,margaritifer,Chromis margaritifer,30,5,319,Pomacentridae,0.0182,3,68.25,Herbivore
2018,Apo Reef,Mabuti,13,3,5,Chlorurus,microrhinos,Chlorurus microrhinos,1,40,294,Scaridae,0.0273,2.93,1349.58,Herbivore
2018,Apo Reef,Mabuti,13,3,5,Acanthurus,thompsoni,Acanthurus thompsoni,50,8,32,Acanthuridae,0.01533,3,392.45,Planktivore
2018,Apo Reef,Mabuti,13,3,5,Chromis,weberi,Chromis weberi,10,6,331,Pomacentridae,0.03906,3,84.37,Herbivore
2018,Apo Reef,Mabuti,13,3,5,Hemitaurichthys,polylepis,Hemitaurichthys polylepis,1,5,547,Chaetodontidae,0.02649,3,3.31,Planktivore
2018,Apo Reef,Mabuti,13,3,5,Chromis,xanthura,Chromis xanthura,2,7,333,Pomacentridae,0.009,2.773,3.97,Planktivore
2018,Apo Reef,Mabuti,13,3,5,Parupeneus,bifasciatus,Parupeneus bifasciatus,1,10,742,Mullidae,0.00741,3.2,11.74,Benthic Invertivore
2018,Apo Reef,Mabuti,13,3,5,Bodianus,mesothorax,Bodianus mesothorax,1,5,167,Labridae,0.0123,3.04,1.64,Benthic Invertivore
2018,Apo Reef,Mabuti,13,3,10,Amblyglyphidodon,leucogaster,Amblyglyphidodon leucogaster,1,6,57,Pomacentridae,0.0195,2.97,3.99,Planktivore
2018,Apo Reef,Mabuti,13,3,10,Chaetodon,baronessa,Chaetodon baronessa,1,7,236,Chaetodontidae,0.0448,2.828,11,Corallivore
2018,Apo Reef,Mabuti,13,3,10,Pygoplites,diacanthus,Pygoplites diacanthus,2,10,918,Pomacanthidae,0.00514,3,10.28,Benthic Invertivore
2018,Apo Reef,Mabuti,13,3,10,Chromis,margaritifer,Chromis margaritifer,10,3,319,Pomacentridae,0.0182,3,4.91,Herbivore
2018,Apo Reef,Mabuti,13,3,10,Zanclus,cornutus,Zanclus cornutus,1,14,1088,Zanclidae,0.0147,3.37,107.09,Omnivore
2018,Apo Reef,Mabuti,13,3,10,Macolor,macularis,Macolor macularis,1,30,629,Lutjanidae,0.01445,2.97,352.3,Piscivore
2018,Apo Reef,Mabuti,13,3,10,Chlorurus,microrhinos,Chlorurus microrhinos,1,40,294,Scaridae,0.0273,2.93,1349.58,Herbivore
2018,Apo Reef,Mabuti,13,3,10,Melichthys,vidua,Melichthys vidua,1,10,646,Balistidae,0.0058,3.554,20.77,Omnivore
2018,Apo Reef,Mabuti,13,3,10,Chlorurus,sordidus,Chlorurus sordidus,1,10,295,Scaridae,0.0319,2.927,26.96,Detritivore
2018,Apo Reef,Mabuti,13,3,15,Chromis,margaritifer,Chromis margaritifer,10,3,319,Pomacentridae,0.0182,3,4.91,Herbivore
2018,Apo Reef,Mabuti,13,3,15,Acanthurus,pyroferus,Acanthurus pyroferus,1,18,30,Acanthuridae,0.00179,3,10.44,Herbivore
2018,Apo Reef,Mabuti,13,3,15,Zebrasoma,scopas,Zebrasoma scopas,1,14,1090,Acanthuridae,0.04,2.867,77.27,Herbivore
2018,Apo Reef,Mabuti,13,3,15,Acanthurus,thompsoni,Acanthurus thompsoni,10,10,32,Acanthuridae,0.01533,3,153.3,Planktivore
2018,Apo Reef,Mabuti,13,3,15,Chaetodon,kleinii,Chaetodon kleinii,2,6,241,Chaetodontidae,0.0448,2.828,14.22,Herbivore
2018,Apo Reef,Mabuti,13,3,15,Chromis,margaritifer,Chromis margaritifer,1,3,319,Pomacentridae,0.0182,3,0.49,Herbivore
2018,Apo Reef,Mabuti,13,3,15,Chaetodon,lunulatus,Chaetodon lunulatus,2,6,244,Chaetodontidae,0.02239,3.01,9.85,Corallivore
2018,Apo Reef,Mabuti,13,3,15,Pomacentrus,vaiuli,Pomacentrus vaiuli,1,4,847,Pomacentridae,0.0619,2.628,2.37,Herbivore
2018,Apo Reef,Mabuti,13,3,15,Chaetodon,punctatofasciatus,Chaetodon punctatofasciatus,1,6,253,Chaetodontidae,0.02239,3.01,4.92,Corallivore
2018,Apo Reef,Mabuti,13,3,20,Amblyglyphidodon,leucogaster,Amblyglyphidodon leucogaster,1,6,57,Pomacentridae,0.0195,2.97,3.99,Planktivore
2018,Apo Reef,Mabuti,13,3,20,Melichthys,vidua,Melichthys vidua,1,15,646,Balistidae,0.0058,3.554,87.75,Omnivore
2018,Apo Reef,Mabuti,13,3,20,Melichthys,vidua,Melichthys vidua,1,20,646,Balistidae,0.0058,3.554,243.94,Omnivore
2018,Apo Reef,Mabuti,13,3,20,Acanthurus,pyroferus,Acanthurus pyroferus,1,20,30,Acanthuridae,0.00179,3,14.32,Herbivore
2018,Apo Reef,Mabuti,13,3,20,Chromis,margaritifer,Chromis margaritifer,10,3,319,Pomacentridae,0.0182,3,4.91,Herbivore
2018,Apo Reef,Mabuti,13,3,20,Naso,lituratus,Naso lituratus,1,12,668,Acanthuridae,0.0497,2.839,57.56,Herbivore
2018,Apo Reef,Mabuti,13,3,20,Centropyge,vrolikii,Centropyge vrolikii,1,4,218,Pomacanthidae,0.0302,2.89,1.66,Corallivore
2018,Apo Reef,Mabuti,13,3,20,Naso,unicornis,Naso unicornis,1,20,674,Acanthuridae,0.0328,2.789,139.46,Herbivore
2018,Apo Reef,Mabuti,13,3,25,Chromis,margaritifer,Chromis margaritifer,4,4,319,Pomacentridae,0.0182,3,4.66,Herbivore
2018,Apo Reef,Mabuti,13,3,25,Balistapus,undulatus,Balistapus undulatus,1,8,153,Balistidae,0.0058,3.554,9.4,Omnivore
2018,Apo Reef,Mabuti,13,3,25,Zebrasoma,veliferum,Zebrasoma veliferum,1,20,1092,Acanthuridae,0.03425,2.866,183.41,Herbivore
2018,Apo Reef,Mabuti,13,3,25,Anampses,twistii,Anampses twistii,1,12,86,Labridae,0.01466,3,25.33,Benthic Invertivore
2018,Apo Reef,Mabuti,13,3,25,Anampses,twistii,Anampses twistii,1,8,86,Labridae,0.01466,3,7.51,Benthic Invertivore
2018,Apo Reef,Mabuti,13,3,25,Anampses,twistii,Anampses twistii,1,5,86,Labridae,0.01466,3,1.83,Benthic Invertivore
2018,Apo Reef,Mabuti,13,3,25,Plectroglyphidodon,lacrymatus,Plectroglyphidodon lacrymatus,1,5,795,Pomacentridae,0.02138,2.99,2.63,Herbivore
2018,Apo Reef,Mabuti,13,3,25,Cephalopholis,urodeta,Cephalopholis urodeta,1,5,229,Serranidae,0.02822,2.818,2.63,Piscivore
2018,Apo Reef,Mabuti,13,3,25,Paracirrhites,arcatus,Paracirrhites arcatus,1,5,724,Cirrhitidae,0.00912,3.07,1.28,Benthic Invertivore
2018,Apo Reef,Mabuti,13,1,5,Acanthurus,nigrofuscus,Acanthurus nigrofuscus,2,10,27,Acanthuridae,0.0089,3.278,33.76,Herbivore
2018,Apo Reef,Mabuti,13,1,5,Chromis,margaritifer,Chromis margaritifer,2,3,319,Pomacentridae,0.0182,3,0.98,Herbivore
2018,Apo Reef,Mabuti,13,1,5,Pomacentrus,brachialis,Pomacentrus brachialis,1,2,820,Pomacentridae,0.0116,3.387,0.12,Herbivore
2018,Apo Reef,Mabuti,13,1,5,Chlorurus,bleekeri,Chlorurus bleekeri,1,30,288,Scaridae,0.01995,3.01,557.29,Herbivore
2018,Apo Reef,Mabuti,13,1,5,Acanthurus,pyroferus,Acanthurus pyroferus,1,12,30,Acanthuridae,0.00179,3,3.09,Herbivore
2018,Apo Reef,Mabuti,13,1,5,Melichthys,vidua,Melichthys vidua,2,10,646,Balistidae,0.0058,3.554,41.54,Omnivore
2018,Apo Reef,Mabuti,13,1,5,Stethojulis,bandanensis,Stethojulis bandanensis,1,8,1033,Labridae,0.01023,2.99,5.13,Benthic Invertivore
2018,Apo Reef,Mabuti,13,1,5,Labroides,dimidiatus,Labroides dimidiatus,2,4,583,Labridae,0.00447,3.13,0.69,Benthic Invertivore
2018,Apo Reef,Mabuti,13,1,10,Acanthurus,nigrofuscus,Acanthurus nigrofuscus,2,13,27,Acanthuridae,0.0089,3.278,79.79,Herbivore
2018,Apo Reef,Mabuti,13,1,10,Acanthurus,nigrofuscus,Acanthurus nigrofuscus,3,10,27,Acanthuridae,0.0089,3.278,50.64,Herbivore
2018,Apo Reef,Mabuti,13,1,10,Pomacentrus,vaiuli,Pomacentrus vaiuli,1,3,847,Pomacentridae,0.0619,2.628,1.11,Herbivore
2018,Apo Reef,Mabuti,13,1,10,Centropyge,bispinosus,Centropyge bispinosus,2,6,208,Pomacanthidae,0.03236,2.74,8.77,Corallivore
2018,Apo Reef,Mabuti,13,1,10,Chaetodon,ornatissimus,Chaetodon ornatissimus,1,10,250,Chaetodontidae,0.02239,3.01,22.91,Corallivore
2018,Apo Reef,Mabuti,13,1,10,Acanthurus,japonicus,Acanthurus japonicus,1,10,20,Acanthuridae,0.02188,2.97,20.42,Herbivore
2018,Apo Reef,Mabuti,13,1,10,Pygoplites,diacanthus,Pygoplites diacanthus,1,12,918,Pomacanthidae,0.00514,3,8.88,Benthic Invertivore
2018,Apo Reef,Mabuti,13,1,10,Zebrasoma,scopas,Zebrasoma scopas,1,10,1090,Acanthuridae,0.04,2.867,29.45,Herbivore
2018,Apo Reef,Mabuti,13,1,15,Acanthurus,japonicus,Acanthurus japonicus,1,10,20,Acanthuridae,0.02188,2.97,20.42,Herbivore
2018,Apo Reef,Mabuti,13,1,15,Pomacentrus,brachialis,Pomacentrus brachialis,1,4,820,Pomacentridae,0.0116,3.387,1.27,Herbivore
2018,Apo Reef,Mabuti,13,1,15,Acanthurus,nigrofuscus,Acanthurus nigrofuscus,2,7,27,Acanthuridae,0.0089,3.278,10.49,Herbivore
2018,Apo Reef,Mabuti,13,1,15,Acanthurus,nigrofuscus,Acanthurus nigrofuscus,1,10,27,Acanthuridae,0.0089,3.278,16.88,Herbivore
2018,Apo Reef,Mabuti,13,1,15,Chaetodon,punctatofasciatus,Chaetodon punctatofasciatus,1,5,253,Chaetodontidae,0.02239,3.01,2.84,Corallivore
2018,Apo Reef,Mabuti,13,1,15,Cheilinus,fasciatus,Cheilinus fasciatus,1,10,270,Labridae,0.01487,3,14.87,Benthic Invertivore
2018,Apo Reef,Mabuti,13,1,15,Pomacentrus,vaiuli,Pomacentrus vaiuli,1,4,847,Pomacentridae,0.0619,2.628,2.37,Herbivore
2018,Apo Reef,Mabuti,13,1,15,Chlorurus,sordidus,Chlorurus sordidus,1,5,295,Scaridae,0.0319,2.927,3.55,Detritivore
2018,Apo Reef,Mabuti,13,1,15,Gomphosus,varius,Gomphosus varius,1,7,496,Labridae,0.00676,2.96,2.15,Benthic Invertivore
2018,Apo Reef,Mabuti,13,1,20,Chlorurus,bleekeri,Chlorurus bleekeri,1,20,288,Scaridae,0.01995,3.01,164.45,Herbivore
2018,Apo Reef,Mabuti,13,1,20,Chromis,margaritifer,Chromis margaritifer,2,5,319,Pomacentridae,0.0182,3,4.55,Herbivore
2018,Apo Reef,Mabuti,13,1,20,Chromis,weberi,Chromis weberi,5,5,331,Pomacentridae,0.03906,3,24.41,Herbivore
2018,Apo Reef,Mabuti,13,1,20,Anampses,twistii,Anampses twistii,1,18,86,Labridae,0.01466,3,85.5,Benthic Invertivore
2018,Apo Reef,Mabuti,13,1,20,Acanthurus,nigrofuscus,Acanthurus nigrofuscus,1,8,27,Acanthuridae,0.0089,3.278,8.12,Herbivore
2018,Apo Reef,Mabuti,13,1,20,Acanthurus,nigrofuscus,Acanthurus nigrofuscus,1,6,27,Acanthuridae,0.0089,3.278,3.16,Herbivore
2018,Apo Reef,Mabuti,13,1,20,Acanthurus,japonicus,Acanthurus japonicus,1,8,20,Acanthuridae,0.02188,2.97,10.53,Herbivore
2018,Apo Reef,Mabuti,13,1,25,Forcipiger,longirostris,Forcipiger longirostris,1,7,482,Chaetodontidae,0.01384,3,4.75,Benthic Invertivore
2018,Apo Reef,Mabuti,13,1,25,Chaetodon,punctatofasciatus,Chaetodon punctatofasciatus,1,3,253,Chaetodontidae,0.02239,3.01,0.61,Corallivore
2018,Apo Reef,Mabuti,13,1,25,Hemigymnus,fasciatus,Hemigymnus fasciatus,1,9,544,Labridae,0.01713,3,12.49,Benthic Invertivore
2018,Apo Reef,Mabuti,13,1,25,Centropyge,vrolikii,Centropyge vrolikii,1,6,218,Pomacanthidae,0.0302,2.89,5.36,Corallivore
2018,Apo Reef,Mabuti,13,1,25,Acanthurus,pyroferus,Acanthurus pyroferus,1,15,30,Acanthuridae,0.00179,3,6.04,Herbivore
2018,Apo Reef,Mabuti,13,1,25,Scarus,niger,Scarus niger,1,13,956,Scaridae,0.0316,3.09,87.45,Herbivore
2018,Apo Reef,Mabuti,13,1,25,Zebrasoma,scopas,Zebrasoma scopas,1,6,1090,Acanthuridae,0.04,2.867,6.81,Herbivore
2018,Apo Reef,Mabuti,13,1,25,Melichthys,vidua,Melichthys vidua,1,20,646,Balistidae,0.0058,3.554,243.94,Omnivore
2018,Apo Reef,Mabuti,13,1,25,Melichthys,vidua,Melichthys vidua,1,12,646,Balistidae,0.0058,3.554,39.7,Omnivore
2018,Apo Reef,Mabuti,13,1,25,Chlorurus,bowersi,Chlorurus bowersi,1,30,289,Scaridae,0.00389,3.12,157.97,Omnivore
2018,Apo Reef,Mabuti,13,2,5,Chlorurus,bleekeri,Chlorurus bleekeri,1,15,288,Scaridae,0.01995,3.01,69.18,Herbivore
2018,Apo Reef,Mabuti,13,2,5,Melichthys,vidua,Melichthys vidua,1,17,646,Balistidae,0.0058,3.554,136.91,Omnivore
2018,Apo Reef,Mabuti,13,2,5,Zanclus,cornutus,Zanclus cornutus,1,14,1088,Zanclidae,0.0147,3.37,107.09,Omnivore
2018,Apo Reef,Mabuti,13,2,5,Zanclus,cornutus,Zanclus cornutus,1,12,1088,Zanclidae,0.0147,3.37,63.7,Omnivore
2018,Apo Reef,Mabuti,13,2,5,Chromis,weberi,Chromis weberi,3,5,331,Pomacentridae,0.03906,3,14.65,Herbivore
2018,Apo Reef,Mabuti,13,2,5,Acanthurus,pyroferus,Acanthurus pyroferus,1,10,30,Acanthuridae,0.00179,3,1.79,Herbivore
2018,Apo Reef,Mabuti,13,2,5,Pygoplites,diacanthus,Pygoplites diacanthus,1,10,918,Pomacanthidae,0.00514,3,5.14,Benthic Invertivore
2018,Apo Reef,Mabuti,13,2,5,Chromis,margaritifer,Chromis margaritifer,3,4,319,Pomacentridae,0.0182,3,3.49,Herbivore
2018,Apo Reef,Mabuti,13,2,5,Pomacentrus,vaiuli,Pomacentrus vaiuli,1,4,847,Pomacentridae,0.0619,2.628,2.37,Herbivore
2018,Apo Reef,Mabuti,13,2,5,Chromis,margaritifer,Chromis margaritifer,1,3,319,Pomacentridae,0.0182,3,0.49,Herbivore
2018,Apo Reef,Mabuti,13,2,10,Chromis,margaritifer,Chromis margaritifer,40,4,319,Pomacentridae,0.0182,3,46.59,Herbivore
2018,Apo Reef,Mabuti,13,2,10,Chaetodon,kleinii,Chaetodon kleinii,2,5,241,Chaetodontidae,0.0448,2.828,8.49,Herbivore
2018,Apo Reef,Mabuti,13,2,10,Pomacentrus,vaiuli,Pomacentrus vaiuli,1,2,847,Pomacentridae,0.0619,2.628,0.38,Herbivore
2018,Apo Reef,Mabuti,13,2,10,Chaetodon,melannotus,Chaetodon melannotus,1,6,245,Chaetodontidae,0.038,2.921,7.12,Corallivore
2018,Apo Reef,Mabuti,13,2,10,Acanthurus,pyroferus,Acanthurus pyroferus,1,15,30,Acanthuridae,0.00179,3,6.04,Herbivore
2018,Apo Reef,Mabuti,13,2,10,Pomacentrus,vaiuli,Pomacentrus vaiuli,1,4,847,Pomacentridae,0.0619,2.628,2.37,Herbivore
2018,Apo Reef,Mabuti,13,2,10,Naso,lituratus,Naso lituratus,1,15,668,Acanthuridae,0.0497,2.839,108.46,Herbivore
2018,Apo Reef,Mabuti,13,2,10,Cheilinus,fasciatus,Cheilinus fasciatus,1,6,270,Labridae,0.01487,3,3.21,Benthic Invertivore
2018,Apo Reef,Mabuti,13,2,15,Chaetodon,punctatofasciatus,Chaetodon punctatofasciatus,1,5,253,Chaetodontidae,0.02239,3.01,2.84,Corallivore
2018,Apo Reef,Mabuti,13,2,15,Chromis,margaritifer,Chromis margaritifer,15,3,319,Pomacentridae,0.0182,3,7.37,Herbivore
2018,Apo Reef,Mabuti,13,2,15,Chaetodon,rafflesi,Chaetodon rafflesi,2,10,254,Chaetodontidae,0.02239,3.01,45.82,Corallivore
2018,Apo Reef,Mabuti,13,2,15,Naso,lituratus,Naso lituratus,1,15,668,Acanthuridae,0.0497,2.839,108.46,Herbivore
2018,Apo Reef,Mabuti,13,2,15,Chlorurus,microrhinos,Chlorurus microrhinos,1,40,294,Scaridae,0.0273,2.93,1349.58,Herbivore
2018,Apo Reef,Mabuti,13,2,15,Aphareus,furca,Aphareus furca,1,20,88,Lutjanidae,0.01048,3,83.84,Piscivore
2018,Apo Reef,Mabuti,13,2,15,Chaetodon,ornatissimus,Chaetodon ornatissimus,1,6,250,Chaetodontidae,0.02239,3.01,4.92,Corallivore
2018,Apo Reef,Mabuti,13,2,15,Pomacentrus,brachialis,Pomacentrus brachialis,2,5,820,Pomacentridae,0.0116,3.387,5.41,Herbivore
2018,Apo Reef,Mabuti,13,2,15,Melichthys,vidua,Melichthys vidua,1,10,646,Balistidae,0.0058,3.554,20.77,Omnivore
2018,Apo Reef,Mabuti,13,2,15,Balistapus,undulatus,Balistapus undulatus,1,12,153,Balistidae,0.0058,3.554,39.7,Omnivore
2018,Apo Reef,Mabuti,13,2,20,Pygoplites,diacanthus,Pygoplites diacanthus,1,18,918,Pomacanthidae,0.00514,3,29.98,Benthic Invertivore
2018,Apo Reef,Mabuti,13,2,20,Acanthurus,japonicus,Acanthurus japonicus,1,5,20,Acanthuridae,0.02188,2.97,2.61,Herbivore
2018,Apo Reef,Mabuti,13,2,20,Melichthys,vidua,Melichthys vidua,2,15,646,Balistidae,0.0058,3.554,175.5,Omnivore
2018,Apo Reef,Mabuti,13,2,20,Chromis,margaritifer,Chromis margaritifer,13,4,319,Pomacentridae,0.0182,3,15.14,Herbivore
2018,Apo Reef,Mabuti,13,2,20,Pomacentrus,lepidogenys,Pomacentrus lepidogenys,1,5,830,Pomacentridae,0.0215,3.21,3.77,Herbivore
2018,Apo Reef,Mabuti,13,2,20,Centropyge,vrolikii,Centropyge vrolikii,1,4,218,Pomacanthidae,0.0302,2.89,1.66,Corallivore
2018,Apo Reef,Ego Wall,12,1,5,Amphiprion,frenatus,Amphiprion frenatus,1,7,71,Pomacentridae,0.02291,2.99,7.71,Herbivore
2018,Apo Reef,Ego Wall,12,1,5,Chromis,margaritifer,Chromis margaritifer,1,5,319,Pomacentridae,0.0182,3,2.28,Herbivore
2018,Apo Reef,Ego Wall,12,1,5,Chromis,margaritifer,Chromis margaritifer,5,5,319,Pomacentridae,0.0182,3,11.38,Herbivore
2018,Apo Reef,Ego Wall,12,1,5,Chaetodon,ornatissimus,Chaetodon ornatissimus,1,7,250,Chaetodontidae,0.02239,3.01,7.83,Corallivore
2018,Apo Reef,Ego Wall,12,1,5,Scarus,niger,Scarus niger,1,18,956,Scaridae,0.0316,3.09,239.04,Herbivore
2018,Apo Reef,Ego Wall,12,1,5,Pterocaesio,tile,Pterocaesio tile,10,6,911,Caesionidae,0.01121,3,24.21,Planktivore
2018,Apo Reef,Ego Wall,12,1,5,Bodianus,diana,Bodianus diana,1,7,164,Labridae,0.0123,3.04,4.56,Benthic Invertivore
2018,Apo Reef,Ego Wall,12,1,5,Hemiglyphidodon,plagiometopon,Hemiglyphidodon plagiometopon,2,6,542,Pomacentridae,0.02138,2.99,9.07,Herbivore
2018,Apo Reef,Ego Wall,12,1,5,Centropyge,vrolikii,Centropyge vrolikii,1,7,218,Pomacanthidae,0.0302,2.89,8.36,Corallivore
2018,Apo Reef,Ego Wall,12,1,10,Zebrasoma,scopas,Zebrasoma scopas,3,6,1090,Acanthuridae,0.04,2.867,20.42,Herbivore
2018,Apo Reef,Ego Wall,12,1,10,Heniochus,varius,Heniochus varius,1,6,557,Chaetodontidae,0.02502,3,5.4,Corallivore
2018,Apo Reef,Ego Wall,12,1,10,Heniochus,varius,Heniochus varius,1,8,557,Chaetodontidae,0.02502,3,12.81,Corallivore
2018,Apo Reef,Ego Wall,12,1,10,Balistapus,undulatus,Balistapus undulatus,1,8,153,Balistidae,0.0058,3.554,9.4,Omnivore
2018,Apo Reef,Ego Wall,12,1,10,Pomacentrus,vaiuli,Pomacentrus vaiuli,1,5,847,Pomacentridae,0.0619,2.628,4.25,Herbivore
2018,Apo Reef,Ego Wall,12,1,10,Chaetodon,melannotus,Chaetodon melannotus,1,3,245,Chaetodontidae,0.038,2.921,0.94,Corallivore
2018,Apo Reef,Ego Wall,12,1,10,Caranx,melampygus,Caranx melampygus,1,120,204,Carangidae,0.0244,2.98,38313.33,Piscivore
2018,Apo Reef,Ego Wall,12,1,10,Naso,vlamingii,Naso vlamingii,2,20,675,Acanthuridae,0.0497,2.839,490.92,Herbivore
2018,Apo Reef,Ego Wall,12,1,10,Chromis,margaritifer,Chromis margaritifer,3,4,319,Pomacentridae,0.0182,3,3.49,Herbivore
2018,Apo Reef,Ego Wall,12,1,10,Cephalopholis,argus,Cephalopholis argus,1,20,219,Serranidae,0.00678,3.274,123.25,Piscivore
2018,Apo Reef,Ego Wall,12,1,15,Chromis,margaritifer,Chromis margaritifer,10,4,319,Pomacentridae,0.0182,3,11.65,Herbivore
2018,Apo Reef,Ego Wall,12,1,15,Balistapus,undulatus,Balistapus undulatus,1,10,153,Balistidae,0.0058,3.554,20.77,Omnivore
2018,Apo Reef,Ego Wall,12,1,15,Acanthurus,japonicus,Acanthurus japonicus,1,5,20,Acanthuridae,0.02188,2.97,2.61,Herbivore
2018,Apo Reef,Ego Wall,12,1,15,Nemateleotris,magnifica,Nemateleotris magnifica,2,3,677,Ptereleotridae,0.00389,3.12,0.24,Planktivore
2018,Apo Reef,Ego Wall,12,1,15,Pomacentrus,vaiuli,Pomacentrus vaiuli,1,5,847,Pomacentridae,0.0619,2.628,4.25,Herbivore
2018,Apo Reef,Ego Wall,12,1,15,Heniochus,singularius,Heniochus singularius,1,15,555,Chaetodontidae,0.03009,3,101.55,Corallivore
2018,Apo Reef,Ego Wall,12,1,15,Amblyglyphidodon,curacao,Amblyglyphidodon curacao,12,5,56,Pomacentridae,0.02512,3.06,41.5,Planktivore
2018,Apo Reef,Ego Wall,12,1,15,Odonus,niger,Odonus niger,1,15,699,Balistidae,0.0119,3,40.16,Benthic Invertivore
2018,Apo Reef,Ego Wall,12,1,15,Pomacentrus,brachialis,Pomacentrus brachialis,12,5,820,Pomacentridae,0.0116,3.387,32.44,Herbivore
2018,Apo Reef,Ego Wall,12,1,15,Acanthurus,pyroferus,Acanthurus pyroferus,1,10,30,Acanthuridae,0.00179,3,1.79,Herbivore
2018,Apo Reef,Ego Wall,12,1,20,Chlorurus,bleekeri,Chlorurus bleekeri,1,20,288,Scaridae,0.01995,3.01,164.45,Herbivore
2018,Apo Reef,Ego Wall,12,1,20,Naso,lituratus,Naso lituratus,1,20,668,Acanthuridae,0.0497,2.839,245.46,Herbivore
2018,Apo Reef,Ego Wall,12,1,20,Chromis,margaritifer,Chromis margaritifer,4,4,319,Pomacentridae,0.0182,3,4.66,Herbivore
2018,Apo Reef,Ego Wall,12,1,20,Pseudanthias,squamipinnis,Pseudanthias squamipinnis,10,4,874,Serranidae,0.0569,2.65,22.42,Planktivore
2018,Apo Reef,Ego Wall,12,1,20,Balistapus,undulatus,Balistapus undulatus,1,18,153,Balistidae,0.0058,3.554,167.75,Omnivore
2018,Apo Reef,Ego Wall,12,1,20,Hemitaurichthys,polylepis,Hemitaurichthys polylepis,3,5,547,Chaetodontidae,0.02649,3,9.93,Planktivore
2018,Apo Reef,Ego Wall,12,1,20,Heniochus,varius,Heniochus varius,2,7,557,Chaetodontidae,0.02502,3,17.16,Corallivore
2018,Apo Reef,Ego Wall,12,1,20,Pomacentrus,brachialis,Pomacentrus brachialis,4,6,820,Pomacentridae,0.0116,3.387,20.05,Herbivore
2018,Apo Reef,Ego Wall,12,1,25,Heniochus,varius,Heniochus varius,1,6,557,Chaetodontidae,0.02502,3,5.4,Corallivore
2018,Apo Reef,Ego Wall,12,1,25,Chromis,margaritifer,Chromis margaritifer,12,4,319,Pomacentridae,0.0182,3,13.98,Herbivore
2018,Apo Reef,Ego Wall,12,1,25,Pterocaesio,tile,Pterocaesio tile,10,5,911,Caesionidae,0.01121,3,14.01,Planktivore
2018,Apo Reef,Ego Wall,12,1,25,Naso,caeruleacauda,Naso caeruleacauda,2,40,666,Acanthuridae,0.02399,2.94,2461.03,Herbivore
2018,Apo Reef,Ego Wall,12,1,25,Chlorurus,microrhinos,Chlorurus microrhinos,1,35,294,Scaridae,0.0273,2.93,912.6,Herbivore
2018,Apo Reef,Ego Wall,12,1,25,Hemitaurichthys,polylepis,Hemitaurichthys polylepis,18,5,547,Chaetodontidae,0.02649,3,59.6,Planktivore
2018,Apo Reef,Ego Wall,12,1,25,Odonus,niger,Odonus niger,2,10,699,Balistidae,0.0119,3,23.8,Benthic Invertivore
2018,Apo Reef,Ego Wall,12,2,5,Hemitaurichthys,polylepis,Hemitaurichthys polylepis,11,5,547,Chaetodontidae,0.02649,3,36.42,Planktivore
2018,Apo Reef,Ego Wall,12,2,5,Zanclus,cornutus,Zanclus cornutus,1,5,1088,Zanclidae,0.0147,3.37,3.33,Omnivore
2018,Apo Reef,Ego Wall,12,2,5,Cheilinus,undulatus,Cheilinus undulatus,1,200,274,Labridae,0.01514,2.99,114869.72,Benthic Invertivore
2018,Apo Reef,Ego Wall,12,2,5,Pterocaesio,tile,Pterocaesio tile,50,7,911,Caesionidae,0.01121,3,192.25,Planktivore
2018,Apo Reef,Ego Wall,12,2,5,Acanthurus,thompsoni,Acanthurus thompsoni,1,4,32,Acanthuridae,0.01533,3,0.98,Planktivore
2018,Apo Reef,Ego Wall,12,2,5,Acanthurus,thompsoni,Acanthurus thompsoni,2,6,32,Acanthuridae,0.01533,3,6.62,Planktivore
2018,Apo Reef,Ego Wall,12,2,5,Chromis,margaritifer,Chromis margaritifer,10,3,319,Pomacentridae,0.0182,3,4.91,Herbivore
2018,Apo Reef,Ego Wall,12,2,5,Lutjanus,decussatus,Lutjanus decussatus,1,10,613,Lutjanidae,0.01413,2.98,13.49,Piscivore
2018,Apo Reef,Ego Wall,12,2,5,Balistapus,undulatus,Balistapus undulatus,1,6,153,Balistidae,0.0058,3.554,3.38,Omnivore
2018,Apo Reef,Ego Wall,12,2,10,Chromis,margaritifer,Chromis margaritifer,20,3,319,Pomacentridae,0.0182,3,9.83,Herbivore
2018,Apo Reef,Ego Wall,12,2,10,Chromis,weberi,Chromis weberi,4,5,331,Pomacentridae,0.03906,3,19.53,Herbivore
2018,Apo Reef,Ego Wall,12,2,10,Hemitaurichthys,polylepis,Hemitaurichthys polylepis,20,5,547,Chaetodontidae,0.02649,3,66.23,Planktivore
2018,Apo Reef,Ego Wall,12,2,10,Chaetodon,ornatissimus,Chaetodon ornatissimus,2,8,250,Chaetodontidae,0.02239,3.01,23.41,Corallivore
2018,Apo Reef,Ego Wall,12,2,10,Cheilinus,undulatus,Cheilinus undulatus,1,30,274,Labridae,0.01514,2.99,395.11,Benthic Invertivore
2018,Apo Reef,Ego Wall,12,2,10,Parupeneus,multifasciatus,Parupeneus multifasciatus,1,15,748,Mullidae,0.01047,3.15,53.04,Benthic Invertivore
2018,Apo Reef,Ego Wall,12,2,10,Acanthurus,thompsoni,Acanthurus thompsoni,4,5,32,Acanthuridae,0.01533,3,7.67,Planktivore
2018,Apo Reef,Ego Wall,12,2,10,Cheilinus,fasciatus,Cheilinus fasciatus,1,20,270,Labridae,0.01487,3,118.96,Benthic Invertivore
2018,Apo Reef,Ego Wall,12,2,15,Chromis,weberi,Chromis weberi,10,3,331,Pomacentridae,0.03906,3,10.55,Herbivore
2018,Apo Reef,Ego Wall,12,2,15,Acanthurus,thompsoni,Acanthurus thompsoni,1,8,32,Acanthuridae,0.01533,3,7.85,Planktivore
2018,Apo Reef,Ego Wall,12,2,15,Hemitaurichthys,polylepis,Hemitaurichthys polylepis,17,5,547,Chaetodontidae,0.02649,3,56.29,Planktivore
2018,Apo Reef,Ego Wall,12,2,15,Pygoplites,diacanthus,Pygoplites diacanthus,1,20,918,Pomacanthidae,0.00514,3,41.12,Benthic Invertivore
2018,Apo Reef,Ego Wall,12,2,15,Monotaxis,grandoculis,Monotaxis grandoculis,1,15,649,Lethrinidae,0.02042,2.98,65.28,Benthic Invertivore
2018,Apo Reef,Ego Wall,12,2,15,Chlorurus,bleekeri,Chlorurus bleekeri,1,20,288,Scaridae,0.01995,3.01,164.45,Herbivore
2018,Apo Reef,Ego Wall,12,2,15,Acanthurus,pyroferus,Acanthurus pyroferus,2,20,30,Acanthuridae,0.00179,3,28.64,Herbivore
2018,Apo Reef,Ego Wall,12,2,20,Pterocaesio,tile,Pterocaesio tile,20,5,911,Caesionidae,0.01121,3,28.03,Planktivore
2018,Apo Reef,Ego Wall,12,2,20,Hemitaurichthys,polylepis,Hemitaurichthys polylepis,17,5,547,Chaetodontidae,0.02649,3,56.29,Planktivore
2018,Apo Reef,Ego Wall,12,2,20,Cheilinus,undulatus,Cheilinus undulatus,1,150,274,Labridae,0.01514,2.99,48600.28,Benthic Invertivore
2018,Apo Reef,Ego Wall,12,2,20,Naso,vlamingii,Naso vlamingii,1,20,675,Acanthuridae,0.0497,2.839,245.46,Herbivore
2018,Apo Reef,Ego Wall,12,2,20,Naso,vlamingii,Naso vlamingii,1,30,675,Acanthuridae,0.0497,2.839,776.07,Herbivore
2018,Apo Reef,Ego Wall,12,2,20,Aphareus,furca,Aphareus furca,1,30,88,Lutjanidae,0.01048,3,282.96,Piscivore
2018,Apo Reef,Ego Wall,12,2,20,Zebrasoma,scopas,Zebrasoma scopas,1,4,1090,Acanthuridae,0.04,2.867,2.13,Herbivore
2018,Apo Reef,Ego Wall,12,2,20,Amphiprion,frenatus,Amphiprion frenatus,1,5,71,Pomacentridae,0.02291,2.99,2.82,Herbivore
2018,Apo Reef,Ego Wall,12,2,20,Chromis,margaritifer,Chromis margaritifer,10,4,319,Pomacentridae,0.0182,3,11.65,Herbivore
2018,Apo Reef,Ego Wall,12,2,25,Chromis,margaritifer,Chromis margaritifer,7,4,319,Pomacentridae,0.0182,3,8.15,Herbivore
2018,Apo Reef,Ego Wall,12,2,25,Hemitaurichthys,polylepis,Hemitaurichthys polylepis,12,5,547,Chaetodontidae,0.02649,3,39.74,Planktivore
2018,Apo Reef,Ego Wall,12,2,25,Macolor,macularis,Macolor macularis,1,20,629,Lutjanidae,0.01445,2.97,105.66,Piscivore
2018,Apo Reef,Ego Wall,12,2,25,Odonus,niger,Odonus niger,2,10,699,Balistidae,0.0119,3,23.8,Benthic Invertivore
2018,Apo Reef,Ego Wall,12,2,25,Centropyge,vrolikii,Centropyge vrolikii,1,3,218,Pomacanthidae,0.0302,2.89,0.72,Corallivore
2018,Apo Reef,Ego Wall,12,2,25,Naso,lituratus,Naso lituratus,1,20,668,Acanthuridae,0.0497,2.839,245.46,Herbivore
2018,Apo Reef,Ego Wall,12,2,25,Chromis,xanthura,Chromis xanthura,1,6,333,Pomacentridae,0.009,2.773,1.29,Planktivore
2018,Apo Reef,Ego Wall,12,3,5,Odonus,niger,Odonus niger,1,10,699,Balistidae,0.0119,3,11.9,Benthic Invertivore
2018,Apo Reef,Ego Wall,12,3,5,Naso,lituratus,Naso lituratus,1,20,668,Acanthuridae,0.0497,2.839,245.46,Herbivore
2018,Apo Reef,Ego Wall,12,3,5,Chromis,weberi,Chromis weberi,10,5,331,Pomacentridae,0.03906,3,48.83,Herbivore
2018,Apo Reef,Ego Wall,12,3,5,Siganus,virgatus,Siganus virgatus,1,10,1008,Siganidae,0.01288,3.14,17.78,Herbivore
2018,Apo Reef,Ego Wall,12,3,5,Chromis,xanthura,Chromis xanthura,1,5,333,Pomacentridae,0.009,2.773,0.78,Planktivore
2018,Apo Reef,Ego Wall,12,3,5,Caesio,teres,Caesio teres,5,20,175,Caesionidae,0.01072,3.08,544.93,Planktivore
2018,Apo Reef,Ego Wall,12,3,10,Melichthys,vidua,Melichthys vidua,1,15,646,Balistidae,0.0058,3.554,87.75,Omnivore
2018,Apo Reef,Ego Wall,12,3,10,Acanthurus,xanthopterus,Acanthurus xanthopterus,6,20,35,Acanthuridae,0.0473,2.787,1199.45,Omnivore
2018,Apo Reef,Ego Wall,12,3,10,Hemitaurichthys,polylepis,Hemitaurichthys polylepis,14,5,547,Chaetodontidae,0.02649,3,46.36,Planktivore
2018,Apo Reef,Ego Wall,12,3,10,Chromis,xanthura,Chromis xanthura,6,5,333,Pomacentridae,0.009,2.773,4.68,Planktivore
2018,Apo Reef,Ego Wall,12,3,10,Chromis,margaritifer,Chromis margaritifer,10,5,319,Pomacentridae,0.0182,3,22.75,Herbivore
2018,Apo Reef,Ego Wall,12,3,10,Cephalopholis,urodeta,Cephalopholis urodeta,1,15,229,Serranidae,0.02822,2.818,58.18,Piscivore
2018,Apo Reef,Ego Wall,12,3,10,Pomacanthus,imperator,Pomacanthus imperator,1,30,807,Pomacanthidae,0.03236,2.91,643.33,Omnivore
2018,Apo Reef,Ego Wall,12,3,15,Odonus,niger,Odonus niger,13,15,699,Balistidae,0.0119,3,522.11,Benthic Invertivore
2018,Apo Reef,Ego Wall,12,3,15,Hemitaurichthys,polylepis,Hemitaurichthys polylepis,12,5,547,Chaetodontidae,0.02649,3,39.74,Planktivore
2018,Apo Reef,Ego Wall,12,3,15,Chromis,margaritifer,Chromis margaritifer,7,5,319,Pomacentridae,0.0182,3,15.93,Herbivore
2018,Apo Reef,Ego Wall,12,3,15,Pomacentrus,brachialis,Pomacentrus brachialis,1,5,820,Pomacentridae,0.0116,3.387,2.7,Herbivore
2018,Apo Reef,Ego Wall,12,3,15,Chromis,xanthura,Chromis xanthura,2,5,333,Pomacentridae,0.009,2.773,1.56,Planktivore
2018,Apo Reef,Ego Wall,12,3,20,Naso,lituratus,Naso lituratus,1,20,668,Acanthuridae,0.0497,2.839,245.46,Herbivore
2018,Apo Reef,Ego Wall,12,3,20,Chromis,margaritifer,Chromis margaritifer,5,4,319,Pomacentridae,0.0182,3,5.82,Herbivore
2018,Apo Reef,Ego Wall,12,3,20,Balistapus,undulatus,Balistapus undulatus,1,5,153,Balistidae,0.0058,3.554,1.77,Omnivore
2018,Apo Reef,Ego Wall,12,3,20,Naso,vlamingii,Naso vlamingii,1,30,675,Acanthuridae,0.0497,2.839,776.07,Herbivore
2018,Apo Reef,Ego Wall,12,3,20,Pseudanthias,tuka,Pseudanthias tuka,20,6,875,Serranidae,0.00955,2.97,39.1,Planktivore
2018,Apo Reef,Ego Wall,12,3,20,Hemitaurichthys,polylepis,Hemitaurichthys polylepis,10,5,547,Chaetodontidae,0.02649,3,33.11,Planktivore
2018,Apo Reef,Ego Wall,12,3,25,Chaetodon,melannotus,Chaetodon melannotus,1,5,245,Chaetodontidae,0.038,2.921,4.18,Corallivore
2018,Apo Reef,Ego Wall,12,3,25,Chromis,margaritifer,Chromis margaritifer,5,3,319,Pomacentridae,0.0182,3,2.46,Herbivore
2018,Apo Reef,Ego Wall,12,3,25,Naso,vlamingii,Naso vlamingii,3,30,675,Acanthuridae,0.0497,2.839,2328.22,Herbivore
2018,Apo Reef,Ego Wall,12,3,25,Odonus,niger,Odonus niger,4,3,699,Balistidae,0.0119,3,1.29,Benthic Invertivore
2018,Apo Reef,Ego Wall,12,3,25,Macolor,macularis,Macolor macularis,1,30,629,Lutjanidae,0.01445,2.97,352.3,Piscivore
2019,Apo Reef,Ego Wall,,1,5,Sargocentron,caudimaculatum,Sargocentron caudimaculatum,2,11,932,Holocentridae,0.01514,2.98,38.42,Benthic Invertivore
2019,Apo Reef,Ego Wall,,1,5,Plectroglyphidodon,lacrymatus,Plectroglyphidodon lacrymatus,1,7,795,Pomacentridae,0.02138,2.99,7.19,Herbivore
2019,Apo Reef,Ego Wall,,1,5,Balistapus,undulatus,Balistapus undulatus,3,8,153,Balistidae,0.0058,3.554,28.19,Omnivore
2019,Apo Reef,Ego Wall,,1,5,Acanthurus,pyroferus,Acanthurus pyroferus,1,11,30,Acanthuridae,0.00179,3,2.38,Herbivore
2019,Apo Reef,Ego Wall,,1,5,Amblyglyphidodon,aureus,Amblyglyphidodon aureus,1,8,54,Pomacentridae,0.02138,2.99,10.72,Planktivore
2019,Apo Reef,Ego Wall,,1,5,Hemitaurichthys,polylepis,Hemitaurichthys polylepis,20,9,547,Chaetodontidae,0.02649,3,386.22,Planktivore
2019,Apo Reef,Ego Wall,,1,5,Acanthochromis,polyacanthus,Acanthochromis polyacanthus,1,8,12,Pomacentridae,0.02188,3.01,11.44,Planktivore
2019,Apo Reef,Ego Wall,,1,5,Chromis,xanthura,Chromis xanthura,1,9,333,Pomacentridae,0.009,2.773,3.98,Planktivore
2019,Apo Reef,Ego Wall,,1,5,Naso,vlamingii,Naso vlamingii,1,30,675,Acanthuridae,0.0497,2.839,776.07,Herbivore
2019,Apo Reef,Ego Wall,,1,5,Naso,vlamingii,Naso vlamingii,1,20,675,Acanthuridae,0.0497,2.839,245.46,Herbivore
2019,Apo Reef,Ego Wall,,1,5,Zebrasoma,scopas,Zebrasoma scopas,4,8,1090,Acanthuridae,0.04,2.867,62.13,Herbivore
2019,Apo Reef,Ego Wall,,1,5,Pterocaesio,tile,Pterocaesio tile,6,13,911,Caesionidae,0.01121,3,147.77,Planktivore
2019,Apo Reef,Ego Wall,,1,5,Centropyge,vrolikii,Centropyge vrolikii,2,6,218,Pomacanthidae,0.0302,2.89,10.71,Corallivore
2019,Apo Reef,Ego Wall,,1,5,Centropyge,vrolikii,Centropyge vrolikii,1,5,218,Pomacanthidae,0.0302,2.89,3.16,Corallivore
2019,Apo Reef,Ego Wall,,1,5,Plectropomus,oligacanthus,Plectropomus oligacanthus,1,35,804,Serranidae,0.0132,3,565.95,Piscivore
2019,Apo Reef,Ego Wall,,1,5,Melichthys,vidua,Melichthys vidua,1,13,646,Balistidae,0.0058,3.554,52.77,Omnivore
2019,Apo Reef,Ego Wall,,1,5,Zanclus,cornutus,Zanclus cornutus,1,10,1088,Zanclidae,0.0147,3.37,34.46,Omnivore
2019,Apo Reef,Ego Wall,,1,5,Cephalopholis,urodeta,Cephalopholis urodeta,1,10,229,Serranidae,0.02822,2.818,18.56,Piscivore
2019,Apo Reef,Ego Wall,,1,5,Cephalopholis,urodeta,Cephalopholis urodeta,3,11,229,Serranidae,0.02822,2.818,72.83,Piscivore
2019,Apo Reef,Ego Wall,,1,5,Pseudanthias,huchtii,Pseudanthias huchtii,50,5,867,Serranidae,0.0127,3.085,91.01,Planktivore
2019,Apo Reef,Ego Wall,,1,5,Thalassoma,lunare,Thalassoma lunare,1,8,1061,Labridae,0.01072,2.96,5.05,Benthic Invertivore
2019,Apo Reef,Ego Wall,,1,5,Odonus,niger,Odonus niger,3,15,699,Balistidae,0.0119,3,120.49,Benthic Invertivore
2019,Apo Reef,Ego Wall,,1,5,Naso,lituratus,Naso lituratus,1,18,668,Acanthuridae,0.0497,2.839,182,Herbivore
2019,Apo Reef,Ego Wall,,1,5,Scarus,psittacus,Scarus psittacus,1,15,960,Scaridae,0.0258,2.903,66.96,Herbivore
2019,Apo Reef,Ego Wall,,1,5,Cheilinus,undulatus,Cheilinus undulatus,1,25,274,Labridae,0.01514,2.99,229.07,Benthic Invertivore
2019,Apo Reef,Ego Wall,,1,5,Pygoplites,diacanthus,Pygoplites diacanthus,1,11,918,Pomacanthidae,0.00514,3,6.84,Benthic Invertivore
2019,Apo Reef,Ego Wall,,1,5,Macolor,niger,Macolor niger,1,20,630,Lutjanidae,0.01453,3,116.24,Piscivore
2019,Apo Reef,Ego Wall,,1,5,Naso,lituratus,Naso lituratus,1,12,668,Acanthuridae,0.0497,2.839,57.56,Herbivore
2019,Apo Reef,Ego Wall,,1,5,Hemitaurichthys,polylepis,Hemitaurichthys polylepis,20,8,547,Chaetodontidae,0.02649,3,271.26,Planktivore
2019,Apo Reef,Ego Wall,,1,5,Cephalopholis,urodeta,Cephalopholis urodeta,1,8,229,Serranidae,0.02822,2.818,9.9,Piscivore
2019,Apo Reef,Ego Wall,,1,5,Scarus,niger,Scarus niger,1,10,956,Scaridae,0.0316,3.09,38.88,Herbivore
2019,Apo Reef,Ego Wall,,1,5,Myripristis,murdjan,Myripristis murdjan,5,10,661,Holocentridae,0.0193,3.034,104.36,Benthic Invertivore
2019,Apo Reef,Ego Wall,,1,5,Cephalopholis,argus,Cephalopholis argus,1,11,219,Serranidae,0.00678,3.274,17.41,Piscivore
2019,Apo Reef,Ego Wall,,1,5,Scarus,quoyi,Scarus quoyi,1,15,961,Scaridae,0.00389,3.12,18.17,Herbivore
2019,Apo Reef,Ego Wall,,1,5,Heniochus,chrysostomus,Heniochus chrysostomus,1,8,550,Chaetodontidae,0.0132,3.369,14.56,Corallivore
2019,Apo Reef,Ego Wall,,1,5,Zanclus,cornutus,Zanclus cornutus,1,9,1088,Zanclidae,0.0147,3.37,24.16,Omnivore
2019,Apo Reef,Ego Wall,,1,5,Naso,vlamingii,Naso vlamingii,2,20,675,Acanthuridae,0.0497,2.839,490.92,Herbivore
2019,Apo Reef,Ego Wall,,1,5,Melichthys,vidua,Melichthys vidua,1,12,646,Balistidae,0.0058,3.554,39.7,Omnivore
2019,Apo Reef,Ego Wall,,1,5,Odonus,niger,Odonus niger,10,15,699,Balistidae,0.0119,3,401.63,Benthic Invertivore
2019,Apo Reef,Ego Wall,,1,5,Gomphosus,varius,Gomphosus varius,1,7,496,Labridae,0.00676,2.96,2.15,Benthic Invertivore
2019,Apo Reef,Ego Wall,,1,5,Siganus,vulpinus,Siganus vulpinus,1,13,1009,Siganidae,0.0287,3,63.05,Herbivore
2019,Apo Reef,Ego Wall,,1,5,Chaetodon,lunulatus,Chaetodon lunulatus,2,8,244,Chaetodontidae,0.02239,3.01,23.41,Corallivore
2019,Apo Reef,Ego Wall,,1,5,Zebrasoma,scopas,Zebrasoma scopas,2,8,1090,Acanthuridae,0.04,2.867,31.06,Herbivore
2019,Apo Reef,Ego Wall,,1,10,Lutjanus,decussatus,Lutjanus decussatus,1,13,613,Lutjanidae,0.01413,2.98,29.49,Piscivore
2019,Apo Reef,Ego Wall,,1,10,Pterocaesio,tile,Pterocaesio tile,20,12,911,Caesionidae,0.01121,3,387.42,Planktivore
2019,Apo Reef,Ego Wall,,1,10,Pterocaesio,tile,Pterocaesio tile,30,14,911,Caesionidae,0.01121,3,922.81,Planktivore
2019,Apo Reef,Ego Wall,,1,10,Siganus,vulpinus,Siganus vulpinus,1,12,1009,Siganidae,0.0287,3,49.59,Herbivore
2019,Apo Reef,Ego Wall,,1,10,Aphareus,furca,Aphareus furca,1,15,88,Lutjanidae,0.01048,3,35.37,Piscivore
2019,Apo Reef,Ego Wall,,1,10,Naso,vlamingii,Naso vlamingii,1,18,675,Acanthuridae,0.0497,2.839,182,Herbivore
2019,Apo Reef,Ego Wall,,1,10,Chlorurus,sordidus,Chlorurus sordidus,1,11,295,Scaridae,0.0319,2.927,35.64,Detritivore
2019,Apo Reef,Ego Wall,,1,10,Amanses,scopas,Amanses scopas,1,9,48,Monacanthidae,0.02089,2.92,12.77,Benthic Invertivore
2019,Apo Reef,Ego Wall,,1,10,Balistapus,undulatus,Balistapus undulatus,1,10,153,Balistidae,0.0058,3.554,20.77,Omnivore
2019,Apo Reef,Ego Wall,,1,10,Zebrasoma,scopas,Zebrasoma scopas,1,10,1090,Acanthuridae,0.04,2.867,29.45,Herbivore
2019,Apo Reef,Ego Wall,,1,10,Zebrasoma,scopas,Zebrasoma scopas,1,8,1090,Acanthuridae,0.04,2.867,15.53,Herbivore
2019,Apo Reef,Ego Wall,,1,10,Pseudanthias,huchtii,Pseudanthias huchtii,30,4,867,Serranidae,0.0127,3.085,27.43,Planktivore
2019,Apo Reef,Ego Wall,,1,10,Cirrhilabrus,cyanopleura,Cirrhilabrus cyanopleura,2,6,350,Labridae,0.01445,2.94,5.61,Planktivore
2019,Apo Reef,Ego Wall,,1,10,Scarus,forsteni,Scarus forsteni,1,6,949,Scaridae,0.01995,3.01,4.39,Herbivore
2019,Apo Reef,Ego Wall,,1,10,Hemigymnus,melapterus,Hemigymnus melapterus,1,25,545,Labridae,0.0123,3.06,233.13,Benthic Invertivore
2019,Apo Reef,Ego Wall,,1,10,Chaetodon,ornatissimus,Chaetodon ornatissimus,2,9,250,Chaetodontidae,0.02239,3.01,33.37,Corallivore
2019,Apo Reef,Ego Wall,,1,10,Pygoplites,diacanthus,Pygoplites diacanthus,1,11,918,Pomacanthidae,0.00514,3,6.84,Benthic Invertivore
2019,Apo Reef,Ego Wall,,1,10,Pygoplites,diacanthus,Pygoplites diacanthus,3,9,918,Pomacanthidae,0.00514,3,11.24,Benthic Invertivore
2019,Apo Reef,Ego Wall,,1,10,Pygoplites,diacanthus,Pygoplites diacanthus,1,10,918,Pomacanthidae,0.00514,3,5.14,Benthic Invertivore
2019,Apo Reef,Ego Wall,,1,10,Chromis,xanthura,Chromis xanthura,4,8,333,Pomacentridae,0.009,2.773,11.5,Planktivore
2019,Apo Reef,Ego Wall,,1,10,Cephalopholis,urodeta,Cephalopholis urodeta,1,9,229,Serranidae,0.02822,2.818,13.79,Piscivore
2019,Apo Reef,Ego Wall,,1,10,Melichthys,vidua,Melichthys vidua,1,13,646,Balistidae,0.0058,3.554,52.77,Omnivore
2019,Apo Reef,Ego Wall,,1,15,Odonus,niger,Odonus niger,4,13,699,Balistidae,0.0119,3,104.58,Benthic Invertivore
2019,Apo Reef,Ego Wall,,1,15,Ctenochaetus,striatus,Ctenochaetus striatus,1,10,399,Acanthuridae,0.0137,3.083,16.59,Detritivore
2019,Apo Reef,Ego Wall,,1,15,Ctenochaetus,striatus,Ctenochaetus striatus,1,8,399,Acanthuridae,0.0137,3.083,8.34,Detritivore
2019,Apo Reef,Ego Wall,,1,15,Cephalopholis,urodeta,Cephalopholis urodeta,3,10,229,Serranidae,0.02822,2.818,55.68,Piscivore
2019,Apo Reef,Ego Wall,,1,15,Pomacentrus,vaiuli,Pomacentrus vaiuli,1,4,847,Pomacentridae,0.0619,2.628,2.37,Herbivore
2019,Apo Reef,Ego Wall,,1,15,Chromis,analis,Chromis analis,5,8,307,Pomacentridae,0.0182,3,46.59,Planktivore
2019,Apo Reef,Ego Wall,,1,15,Melichthys,vidua,Melichthys vidua,3,12,646,Balistidae,0.0058,3.554,119.11,Omnivore
2019,Apo Reef,Ego Wall,,1,15,Zebrasoma,scopas,Zebrasoma scopas,1,8,1090,Acanthuridae,0.04,2.867,15.53,Herbivore
2019,Apo Reef,Ego Wall,,1,15,Zebrasoma,scopas,Zebrasoma scopas,1,7,1090,Acanthuridae,0.04,2.867,10.59,Herbivore
2019,Apo Reef,Ego Wall,,1,15,Pseudocheilinus,evanidus,Pseudocheilinus evanidus,1,6,879,Labridae,0.00488,3.51,2.63,Benthic Invertivore
2019,Apo Reef,Ego Wall,,1,15,Cirrhilabrus,cyanopleura,Cirrhilabrus cyanopleura,1,6,350,Labridae,0.01445,2.94,2.8,Planktivore
2019,Apo Reef,Ego Wall,,1,15,Chromis,margaritifer,Chromis margaritifer,15,4,319,Pomacentridae,0.0182,3,17.47,Herbivore
2019,Apo Reef,Ego Wall,,1,20,Acanthurus,pyroferus,Acanthurus pyroferus,3,12,30,Acanthuridae,0.00179,3,9.28,Herbivore
2019,Apo Reef,Ego Wall,,1,20,Naso,lituratus,Naso lituratus,1,18,668,Acanthuridae,0.0497,2.839,182,Herbivore
2019,Apo Reef,Ego Wall,,1,20,Hemitaurichthys,polylepis,Hemitaurichthys polylepis,8,9,547,Chaetodontidae,0.02649,3,154.49,Planktivore
2019,Apo Reef,Ego Wall,,1,20,Ctenochaetus,striatus,Ctenochaetus striatus,1,11,399,Acanthuridae,0.0137,3.083,22.25,Detritivore
2019,Apo Reef,Ego Wall,,1,20,Balistapus,undulatus,Balistapus undulatus,1,11,153,Balistidae,0.0058,3.554,29.14,Omnivore
2019,Apo Reef,Ego Wall,,1,20,Naso,vlamingii,Naso vlamingii,1,15,675,Acanthuridae,0.0497,2.839,108.46,Herbivore
2019,Apo Reef,Ego Wall,,1,20,Zanclus,cornutus,Zanclus cornutus,1,9,1088,Zanclidae,0.0147,3.37,24.16,Omnivore
2019,Apo Reef,Ego Wall,,1,20,Pygoplites,diacanthus,Pygoplites diacanthus,1,9,918,Pomacanthidae,0.00514,3,3.75,Benthic Invertivore
2019,Apo Reef,Ego Wall,,1,20,Gymnothorax,javanicus,Gymnothorax javanicus,1,100,509,Muraenidae,0.0035,3,3500,Piscivore
2019,Apo Reef,Ego Wall,,1,25,Balistapus,undulatus,Balistapus undulatus,1,11,153,Balistidae,0.0058,3.554,29.14,Omnivore
2019,Apo Reef,Ego Wall,,1,25,Myripristis,murdjan,Myripristis murdjan,3,11,661,Holocentridae,0.0193,3.034,83.61,Benthic Invertivore
2019,Apo Reef,Ego Wall,,1,25,Ctenochaetus,striatus,Ctenochaetus striatus,2,10,399,Acanthuridae,0.0137,3.083,33.17,Detritivore
2019,Apo Reef,Ego Wall,,1,25,Scarus,niger,Scarus niger,1,10,956,Scaridae,0.0316,3.09,38.88,Herbivore
2019,Apo Reef,Ego Wall,,1,25,Zanclus,cornutus,Zanclus cornutus,1,9,1088,Zanclidae,0.0147,3.37,24.16,Omnivore
2019,Apo Reef,Ego Wall,,1,25,Pseudobalistes,flavimarginatus,Pseudobalistes flavimarginatus,1,25,876,Balistidae,0.02344,2.96,322,Benthic Invertivore
2019,Apo Reef,Ego Wall,,1,25,Zebrasoma,scopas,Zebrasoma scopas,2,8,1090,Acanthuridae,0.04,2.867,31.06,Herbivore
2019,Apo Reef,Ego Wall,,1,25,Naso,vlamingii,Naso vlamingii,1,15,675,Acanthuridae,0.0497,2.839,108.46,Herbivore
2019,Apo Reef,Ego Wall,,1,25,Melichthys,vidua,Melichthys vidua,1,15,646,Balistidae,0.0058,3.554,87.75,Omnivore
2019,Apo Reef,Ego Wall,,2,5,Chromis,xanthura,Chromis xanthura,5,8,333,Pomacentridae,0.009,2.773,14.37,Planktivore
2019,Apo Reef,Ego Wall,,2,5,Odonus,niger,Odonus niger,10,13,699,Balistidae,0.0119,3,261.44,Benthic Invertivore
2019,Apo Reef,Ego Wall,,2,5,Naso,lopezi,Naso lopezi,1,35,669,Acanthuridae,0.02399,2.94,830.98,Omnivore
2019,Apo Reef,Ego Wall,,2,5,Pseudobalistes,flavimarginatus,Pseudobalistes flavimarginatus,1,20,876,Balistidae,0.02344,2.96,166.34,Benthic Invertivore
2019,Apo Reef,Ego Wall,,2,5,Naso,lituratus,Naso lituratus,1,12,668,Acanthuridae,0.0497,2.839,57.56,Herbivore
2019,Apo Reef,Ego Wall,,2,5,Acanthurus,pyroferus,Acanthurus pyroferus,1,12,30,Acanthuridae,0.00179,3,3.09,Herbivore
2019,Apo Reef,Ego Wall,,2,5,Pygoplites,diacanthus,Pygoplites diacanthus,1,9,918,Pomacanthidae,0.00514,3,3.75,Benthic Invertivore
2019,Apo Reef,Ego Wall,,2,5,Hemitaurichthys,polylepis,Hemitaurichthys polylepis,10,8,547,Chaetodontidae,0.02649,3,135.63,Planktivore
2019,Apo Reef,Ego Wall,,2,5,Cephalopholis,argus,Cephalopholis argus,1,15,219,Serranidae,0.00678,3.274,48.06,Piscivore
2019,Apo Reef,Ego Wall,,2,5,Ctenochaetus,binotatus,Ctenochaetus binotatus,2,8,395,Acanthuridae,0.081,2.59,35.36,Detritivore
2019,Apo Reef,Ego Wall,,2,5,Ctenochaetus,binotatus,Ctenochaetus binotatus,3,7,395,Acanthuridae,0.081,2.59,37.53,Detritivore
2019,Apo Reef,Ego Wall,,2,5,Zanclus,cornutus,Zanclus cornutus,1,9,1088,Zanclidae,0.0147,3.37,24.16,Omnivore
2019,Apo Reef,Ego Wall,,2,5,Parupeneus,multifasciatus,Parupeneus multifasciatus,1,9,748,Mullidae,0.01047,3.15,10.61,Benthic Invertivore
2019,Apo Reef,Ego Wall,,2,5,Scarus,niger,Scarus niger,1,8,956,Scaridae,0.0316,3.09,19.51,Herbivore
2019,Apo Reef,Ego Wall,,2,5,Naso,lopezi,Naso lopezi,1,12,669,Acanthuridae,0.02399,2.94,35.71,Omnivore
2019,Apo Reef,Ego Wall,,2,5,Balistapus,undulatus,Balistapus undulatus,1,10,153,Balistidae,0.0058,3.554,20.77,Omnivore
2019,Apo Reef,Ego Wall,,2,5,Chromis,margaritifer,Chromis margaritifer,20,4,319,Pomacentridae,0.0182,3,23.3,Herbivore
2019,Apo Reef,Ego Wall,,2,5,Pseudanthias,huchtii,Pseudanthias huchtii,20,5,867,Serranidae,0.0127,3.085,36.4,Planktivore
2019,Apo Reef,Ego Wall,,2,5,Cirrhilabrus,cyanopleura,Cirrhilabrus cyanopleura,20,4,350,Labridae,0.01445,2.94,17.02,Planktivore
2019,Apo Reef,Ego Wall,,2,5,Zebrasoma,scopas,Zebrasoma scopas,1,8,1090,Acanthuridae,0.04,2.867,15.53,Herbivore
2019,Apo Reef,Ego Wall,,2,5,Zebrasoma,scopas,Zebrasoma scopas,1,7,1090,Acanthuridae,0.04,2.867,10.59,Herbivore
2019,Apo Reef,Ego Wall,,2,5,Chromis,weberi,Chromis weberi,20,6,331,Pomacentridae,0.03906,3,168.74,Herbivore
2019,Apo Reef,Ego Wall,,2,5,Heniochus,varius,Heniochus varius,2,9,557,Chaetodontidae,0.02502,3,36.48,Corallivore
2019,Apo Reef,Ego Wall,,2,10,Chromis,ternatensis,Chromis ternatensis,20,6,328,Pomacentridae,0.043,2.889,152.26,Planktivore
2019,Apo Reef,Ego Wall,,2,10,Monotaxis,heterodon,Monotaxis heterodon,1,12,650,no record,no record,no record,#VALUE!,no record
2019,Apo Reef,Ego Wall,,2,10,Hemitaurichthys,polylepis,Hemitaurichthys polylepis,20,9,547,Chaetodontidae,0.02649,3,386.22,Planktivore
2019,Apo Reef,Ego Wall,,2,10,Macolor,niger,Macolor niger,1,12,630,Lutjanidae,0.01453,3,25.11,Piscivore
2019,Apo Reef,Ego Wall,,2,10,Melichthys,vidua,Melichthys vidua,1,12,646,Balistidae,0.0058,3.554,39.7,Omnivore
2019,Apo Reef,Ego Wall,,2,10,Acanthurus,pyroferus,Acanthurus pyroferus,1,12,30,Acanthuridae,0.00179,3,3.09,Herbivore
2019,Apo Reef,Ego Wall,,2,10,Balistapus,undulatus,Balistapus undulatus,2,7,153,Balistidae,0.0058,3.554,11.69,Omnivore
2019,Apo Reef,Ego Wall,,2,10,Sargocentron,caudimaculatum,Sargocentron caudimaculatum,1,25,932,Holocentridae,0.01514,2.98,221.81,Benthic Invertivore
2019,Apo Reef,Ego Wall,,2,15,Cheilinus,fasciatus,Cheilinus fasciatus,1,8,270,Labridae,0.01487,3,7.61,Benthic Invertivore
2019,Apo Reef,Ego Wall,,2,15,Myripristis,murdjan,Myripristis murdjan,3,10,661,Holocentridae,0.0193,3.034,62.62,Benthic Invertivore
2019,Apo Reef,Ego Wall,,2,15,Myripristis,violacea,Myripristis violacea,3,12,663,Holocentridae,0.0364,2.94,162.56,Benthic Invertivore
2019,Apo Reef,Ego Wall,,2,15,Myripristis,adusta,Myripristis adusta,1,13,655,Holocentridae,0.01514,3.09,41.9,Planktivore
2019,Apo Reef,Ego Wall,,2,15,Cephalopholis,argus,Cephalopholis argus,1,12,219,Serranidae,0.00678,3.274,23.15,Piscivore
2019,Apo Reef,Ego Wall,,2,15,Acanthurus,pyroferus,Acanthurus pyroferus,1,11,30,Acanthuridae,0.00179,3,2.38,Herbivore
2019,Apo Reef,Ego Wall,,2,15,Hemitaurichthys,polylepis,Hemitaurichthys polylepis,10,8,547,Chaetodontidae,0.02649,3,135.63,Planktivore
2019,Apo Reef,Ego Wall,,2,15,Scarus,niger,Scarus niger,1,12,956,Scaridae,0.0316,3.09,68.29,Herbivore
2019,Apo Reef,Ego Wall,,2,15,Balistapus,undulatus,Balistapus undulatus,1,10,153,Balistidae,0.0058,3.554,20.77,Omnivore
2019,Apo Reef,Ego Wall,,2,15,Odonus,niger,Odonus niger,1,15,699,Balistidae,0.0119,3,40.16,Benthic Invertivore
2019,Apo Reef,Ego Wall,,2,15,Naso,lituratus,Naso lituratus,2,12,668,Acanthuridae,0.0497,2.839,115.13,Herbivore
2019,Apo Reef,Ego Wall,,2,20,Macolor,niger,Macolor niger,1,12,630,Lutjanidae,0.01453,3,25.11,Piscivore
2019,Apo Reef,Ego Wall,,2,20,Odonus,niger,Odonus niger,1,13,699,Balistidae,0.0119,3,26.14,Benthic Invertivore
2019,Apo Reef,Ego Wall,,2,20,Odonus,niger,Odonus niger,1,12,699,Balistidae,0.0119,3,20.56,Benthic Invertivore
2019,Apo Reef,Ego Wall,,2,20,Melichthys,vidua,Melichthys vidua,2,13,646,Balistidae,0.0058,3.554,105.54,Omnivore
2019,Apo Reef,Ego Wall,,2,20,Ctenochaetus,binotatus,Ctenochaetus binotatus,3,9,395,Acanthuridae,0.081,2.59,71.96,Detritivore
2019,Apo Reef,Ego Wall,,2,20,Ctenochaetus,binotatus,Ctenochaetus binotatus,2,8,395,Acanthuridae,0.081,2.59,35.36,Detritivore
2019,Apo Reef,Ego Wall,,2,20,Pseudocheilinus,evanidus,Pseudocheilinus evanidus,1,4,879,Labridae,0.00488,3.51,0.63,Benthic Invertivore
2019,Apo Reef,Ego Wall,,2,20,Centropyge,vrolikii,Centropyge vrolikii,1,6,218,Pomacanthidae,0.0302,2.89,5.36,Corallivore
2019,Apo Reef,Ego Wall,,2,20,Hemitaurichthys,polylepis,Hemitaurichthys polylepis,40,8,547,Chaetodontidae,0.02649,3,542.52,Planktivore
2019,Apo Reef,Ego Wall,,2,25,Amanses,scopas,Amanses scopas,1,10,48,Monacanthidae,0.02089,2.92,17.38,Benthic Invertivore
2019,Apo Reef,Ego Wall,,2,25,Balistoides,conspicillum,Balistoides conspicillum,1,18,154,Balistidae,0.02344,2.96,121.78,Benthic Invertivore
2019,Apo Reef,Ego Wall,,2,25,Scarus,schlegeli,Scarus schlegeli,1,12,965,Scaridae,0.0309,2.87,38.66,Herbivore
2019,Apo Reef,Ego Wall,,2,25,Melichthys,vidua,Melichthys vidua,2,12,646,Balistidae,0.0058,3.554,79.41,Omnivore
2019,Apo Reef,Ego Wall,,2,25,Ctenochaetus,striatus,Ctenochaetus striatus,2,9,399,Acanthuridae,0.0137,3.083,23.97,Detritivore
2019,Apo Reef,Ego Wall,,2,25,Zanclus,cornutus,Zanclus cornutus,1,9,1088,Zanclidae,0.0147,3.37,24.16,Omnivore
2019,Apo Reef,Ego Wall,,2,25,Scarus,niger,Scarus niger,1,13,956,Scaridae,0.0316,3.09,87.45,Herbivore
2019,Apo Reef,Ego Wall,,2,25,Scarus,forsteni,Scarus forsteni,1,11,949,Scaridae,0.01995,3.01,27.2,Herbivore
2019,Apo Reef,Ego Wall,,2,25,Pygoplites,diacanthus,Pygoplites diacanthus,1,12,918,Pomacanthidae,0.00514,3,8.88,Benthic Invertivore
2019,Apo Reef,Ego Wall,,2,25,Pygoplites,diacanthus,Pygoplites diacanthus,2,11,918,Pomacanthidae,0.00514,3,13.68,Benthic Invertivore
2019,Apo Reef,Ego Wall,,2,25,Siganus,vulpinus,Siganus vulpinus,2,11,1009,Siganidae,0.0287,3,76.4,Herbivore
2019,Apo Reef,Ego Wall,,2,25,Macolor,niger,Macolor niger,1,15,630,Lutjanidae,0.01453,3,49.04,Piscivore
2019,Apo Reef,Ego Wall,,2,25,Acanthurus,pyroferus,Acanthurus pyroferus,1,11,30,Acanthuridae,0.00179,3,2.38,Herbivore
2019,Apo Reef,Ego Wall,,2,25,Naso,lituratus,Naso lituratus,1,18,668,Acanthuridae,0.0497,2.839,182,Herbivore
2019,Apo Reef,Ego Wall,,2,25,Cetoscarus,bicolor,Cetoscarus bicolor,1,14,230,Scaridae,0.01567,3,43,Herbivore
2019,Apo Reef,Ego Wall,,2,25,Ctenochaetus,binotatus,Ctenochaetus binotatus,2,8,395,Acanthuridae,0.081,2.59,35.36,Detritivore
2019,Apo Reef,Ego Wall,,2,25,Bodianus,sp.,Bodianus sp.,1,8,168,Labridae,0.0123,3.04,6.84,Benthic Invertivore
2019,Apo Reef,Ego Wall,,3,5,Chlorurus,sordidus,Chlorurus sordidus,1,11,295,Scaridae,0.0319,2.927,35.64,Detritivore
2019,Apo Reef,Ego Wall,,3,5,Chlorurus,sordidus,Chlorurus sordidus,1,10,295,Scaridae,0.0319,2.927,26.96,Detritivore
2019,Apo Reef,Ego Wall,,3,5,Chlorurus,sordidus,Chlorurus sordidus,1,9,295,Scaridae,0.0319,2.927,19.81,Detritivore
2019,Apo Reef,Ego Wall,,3,5,Cirrhilabrus,cyanopleura,Cirrhilabrus cyanopleura,20,6,350,Labridae,0.01445,2.94,56.06,Planktivore
2019,Apo Reef,Ego Wall,,3,5,Cirrhilabrus,cyanopleura,Cirrhilabrus cyanopleura,20,4,350,Labridae,0.01445,2.94,17.02,Planktivore
2019,Apo Reef,Ego Wall,,3,5,Pseudanthias,huchtii,Pseudanthias huchtii,20,4,867,Serranidae,0.0127,3.085,18.29,Planktivore
2019,Apo Reef,Ego Wall,,3,5,Zebrasoma,scopas,Zebrasoma scopas,2,9,1090,Acanthuridae,0.04,2.867,43.54,Herbivore
2019,Apo Reef,Ego Wall,,3,5,Centropyge,vrolikii,Centropyge vrolikii,2,5,218,Pomacanthidae,0.0302,2.89,6.32,Corallivore
2019,Apo Reef,Ego Wall,,3,5,Ctenochaetus,striatus,Ctenochaetus striatus,2,9,399,Acanthuridae,0.0137,3.083,23.97,Detritivore
2019,Apo Reef,Ego Wall,,3,5,Heniochus,chrysostomus,Heniochus chrysostomus,1,9,550,Chaetodontidae,0.0132,3.369,21.65,Corallivore
2019,Apo Reef,Ego Wall,,3,5,Myripristis,murdjan,Myripristis murdjan,1,12,661,Holocentridae,0.0193,3.034,36.29,Benthic Invertivore
2019,Apo Reef,Ego Wall,,3,5,Naso,lituratus,Naso lituratus,2,15,668,Acanthuridae,0.0497,2.839,216.92,Herbivore
2019,Apo Reef,Ego Wall,,3,5,Nemateleotris,magnifica,Nemateleotris magnifica,1,4,677,Ptereleotridae,0.00389,3.12,0.29,Planktivore
2019,Apo Reef,Ego Wall,,3,5,Odonus,niger,Odonus niger,10,14,699,Balistidae,0.0119,3,326.54,Benthic Invertivore
2019,Apo Reef,Ego Wall,,3,5,Naso,lituratus,Naso lituratus,1,18,668,Acanthuridae,0.0497,2.839,182,Herbivore
2019,Apo Reef,Ego Wall,,3,5,Melichthys,vidua,Melichthys vidua,1,14,646,Balistidae,0.0058,3.554,68.67,Omnivore
2019,Apo Reef,Ego Wall,,3,5,Zanclus,cornutus,Zanclus cornutus,1,9,1088,Zanclidae,0.0147,3.37,24.16,Omnivore
2019,Apo Reef,Ego Wall,,3,5,Macolor,niger,Macolor niger,1,20,630,Lutjanidae,0.01453,3,116.24,Piscivore
2019,Apo Reef,Ego Wall,,3,5,Acanthurus,pyroferus,Acanthurus pyroferus,2,11,30,Acanthuridae,0.00179,3,4.76,Herbivore
2019,Apo Reef,Ego Wall,,3,5,Balistapus,undulatus,Balistapus undulatus,1,11,153,Balistidae,0.0058,3.554,29.14,Omnivore
2019,Apo Reef,Ego Wall,,3,5,Melichthys,vidua,Melichthys vidua,1,14,646,Balistidae,0.0058,3.554,68.67,Omnivore
2019,Apo Reef,Ego Wall,,3,5,Zebrasoma,scopas,Zebrasoma scopas,1,9,1090,Acanthuridae,0.04,2.867,21.77,Herbivore
2019,Apo Reef,Ego Wall,,3,5,Ctenochaetus,binotatus,Ctenochaetus binotatus,1,8,395,Acanthuridae,0.081,2.59,17.68,Detritivore
2019,Apo Reef,Ego Wall,,3,5,Zanclus,cornutus,Zanclus cornutus,1,10,1088,Zanclidae,0.0147,3.37,34.46,Omnivore
2019,Apo Reef,Ego Wall,,3,5,Forcipiger,longirostris,Forcipiger longirostris,1,9,482,Chaetodontidae,0.01384,3,10.09,Benthic Invertivore
2019,Apo Reef,Ego Wall,,3,10,Coris,gaimard,Coris gaimard,1,10,379,Labridae,0.0109,3,10.9,Benthic Invertivore
2019,Apo Reef,Ego Wall,,3,10,Bodianus,mesothorax,Bodianus mesothorax,1,10,167,Labridae,0.0123,3.04,13.49,Benthic Invertivore
2019,Apo Reef,Ego Wall,,3,10,Zebrasoma,scopas,Zebrasoma scopas,2,9,1090,Acanthuridae,0.04,2.867,43.54,Herbivore
2019,Apo Reef,Ego Wall,,3,10,Balistapus,undulatus,Balistapus undulatus,1,11,153,Balistidae,0.0058,3.554,29.14,Omnivore
2019,Apo Reef,Ego Wall,,3,10,Naso,vlamingii,Naso vlamingii,1,18,675,Acanthuridae,0.0497,2.839,182,Herbivore
2019,Apo Reef,Ego Wall,,3,10,Melichthys,vidua,Melichthys vidua,2,12,646,Balistidae,0.0058,3.554,79.41,Omnivore
2019,Apo Reef,Ego Wall,,3,10,Pseudocheilinus,evanidus,Pseudocheilinus evanidus,1,5,879,Labridae,0.00488,3.51,1.39,Benthic Invertivore
2019,Apo Reef,Ego Wall,,3,10,Chromis,margaritifer,Chromis margaritifer,15,4,319,Pomacentridae,0.0182,3,17.47,Herbivore
2019,Apo Reef,Ego Wall,,3,10,Centropyge,vrolikii,Centropyge vrolikii,1,5,218,Pomacanthidae,0.0302,2.89,3.16,Corallivore
2019,Apo Reef,Ego Wall,,3,10,Acanthurus,pyroferus,Acanthurus pyroferus,1,11,30,Acanthuridae,0.00179,3,2.38,Herbivore
2019,Apo Reef,Ego Wall,,3,10,Zebrasoma,scopas,Zebrasoma scopas,2,8,1090,Acanthuridae,0.04,2.867,31.06,Herbivore
2019,Apo Reef,Ego Wall,,3,10,Scarus,niger,Scarus niger,1,13,956,Scaridae,0.0316,3.09,87.45,Herbivore
2019,Apo Reef,Ego Wall,,3,15,Pygoplites,diacanthus,Pygoplites diacanthus,1,11,918,Pomacanthidae,0.00514,3,6.84,Benthic Invertivore
2019,Apo Reef,Ego Wall,,3,15,Naso,lituratus,Naso lituratus,1,13,668,Acanthuridae,0.0497,2.839,72.25,Herbivore
2019,Apo Reef,Ego Wall,,3,15,Zebrasoma,scopas,Zebrasoma scopas,1,8,1090,Acanthuridae,0.04,2.867,15.53,Herbivore
2019,Apo Reef,Ego Wall,,3,15,Monotaxis,heterodon,Monotaxis heterodon,1,20,650,no record,no record,no record,#VALUE!,no record
2019,Apo Reef,Ego Wall,,3,15,Centropyge,tibicen,Centropyge tibicen,1,6,217,Pomacanthidae,0.03388,2.86,5.69,Corallivore
2019,Apo Reef,Ego Wall,,3,15,Hemitaurichthys,polylepis,Hemitaurichthys polylepis,100,9,547,Chaetodontidae,0.02649,3,1931.12,Planktivore
2019,Apo Reef,Ego Wall,,3,15,Caesio,caerulaurea,Caesio caerulaurea,5,13,171,Caesionidae,0.01996,2.991,214.26,Planktivore
2019,Apo Reef,Ego Wall,,3,15,Forcipiger,longirostris,Forcipiger longirostris,2,9,482,Chaetodontidae,0.01384,3,20.18,Benthic Invertivore
2019,Apo Reef,Ego Wall,,3,15,Bodianus,mesothorax,Bodianus mesothorax,1,9,167,Labridae,0.0123,3.04,9.79,Benthic Invertivore
2019,Apo Reef,Ego Wall,,3,15,Odonus,niger,Odonus niger,3,15,699,Balistidae,0.0119,3,120.49,Benthic Invertivore
2019,Apo Reef,Ego Wall,,3,15,Odonus,niger,Odonus niger,3,13,699,Balistidae,0.0119,3,78.43,Benthic Invertivore
2019,Apo Reef,Ego Wall,,3,15,Melichthys,vidua,Melichthys vidua,2,13,646,Balistidae,0.0058,3.554,105.54,Omnivore
2019,Apo Reef,Ego Wall,,3,15,Aphareus,furca,Aphareus furca,1,16,88,Lutjanidae,0.01048,3,42.93,Piscivore
2019,Apo Reef,Ego Wall,,3,15,Chlorurus,sordidus,Chlorurus sordidus,1,12,295,Scaridae,0.0319,2.927,45.98,Detritivore
2019,Apo Reef,Ego Wall,,3,15,Scarus,niger,Scarus niger,1,11,956,Scaridae,0.0316,3.09,52.19,Herbivore
2019,Apo Reef,Ego Wall,,3,20,Naso,lopezi,Naso lopezi,6,12,669,Acanthuridae,0.02399,2.94,214.28,Omnivore
2019,Apo Reef,Ego Wall,,3,20,Ctenochaetus,binotatus,Ctenochaetus binotatus,2,9,395,Acanthuridae,0.081,2.59,47.97,Detritivore
2019,Apo Reef,Ego Wall,,3,20,Bodianus,sp.,Bodianus sp.,1,9,168,Labridae,0.0123,3.04,9.79,Benthic Invertivore
2019,Apo Reef,Ego Wall,,3,20,Chromis,weberi,Chromis weberi,3,8,331,Pomacentridae,0.03906,3,60,Herbivore
2019,Apo Reef,Ego Wall,,3,20,Arothron,nigropunctatus,Arothron nigropunctatus,1,13,137,Tetraodontidae,0.02655,3,58.33,Corallivore
2019,Apo Reef,Ego Wall,,3,20,Acanthurus,pyroferus,Acanthurus pyroferus,2,12,30,Acanthuridae,0.00179,3,6.19,Herbivore
2019,Apo Reef,Ego Wall,,3,20,Parupeneus,bifasciatus,Parupeneus bifasciatus,1,15,742,Mullidae,0.00741,3.2,42.98,Benthic Invertivore
2019,Apo Reef,Ego Wall,,3,20,Naso,lituratus,Naso lituratus,1,13,668,Acanthuridae,0.0497,2.839,72.25,Herbivore
2019,Apo Reef,Ego Wall,,3,20,Forcipiger,longirostris,Forcipiger longirostris,3,9,482,Chaetodontidae,0.01384,3,30.27,Benthic Invertivore
2019,Apo Reef,Ego Wall,,3,25,Pygoplites,diacanthus,Pygoplites diacanthus,4,12,918,Pomacanthidae,0.00514,3,35.53,Benthic Invertivore
2019,Apo Reef,Ego Wall,,3,25,Monotaxis,heterodon,Monotaxis heterodon,1,13,650,no record,no record,no record,#VALUE!,no record
2019,Apo Reef,Ego Wall,,3,25,Zanclus,cornutus,Zanclus cornutus,2,9,1088,Zanclidae,0.0147,3.37,48.32,Omnivore
2019,Apo Reef,Ego Wall,,3,25,Chaetodon,ornatissimus,Chaetodon ornatissimus,1,9,250,Chaetodontidae,0.02239,3.01,16.68,Corallivore
2019,Apo Reef,Ego Wall,,3,25,Zebrasoma,scopas,Zebrasoma scopas,2,9,1090,Acanthuridae,0.04,2.867,43.54,Herbivore
2019,Apo Reef,Ego Wall,,3,25,Hemitaurichthys,polylepis,Hemitaurichthys polylepis,50,9,547,Chaetodontidae,0.02649,3,965.56,Planktivore
2019,Apo Reef,Ego Wall,,3,25,Monotaxis,heterodon,Monotaxis heterodon,1,13,650,no record,no record,no record,#VALUE!,no record
2019,Apo Reef,Ego Wall,,3,25,Naso,lituratus,Naso lituratus,1,18,668,Acanthuridae,0.0497,2.839,182,Herbivore
2019,Apo Reef,Ego Wall,,3,25,Chromis,margaritifer,Chromis margaritifer,20,4,319,Pomacentridae,0.0182,3,23.3,Herbivore
2019,Apo Reef,Ego Wall,,3,25,Acanthurus,japonicus,Acanthurus japonicus,1,6,20,Acanthuridae,0.02188,2.97,4.48,Herbivore
2019,Apo Reef,Ego Wall,,3,25,Chromis,ternatensis,Chromis ternatensis,20,5,328,Pomacentridae,0.043,2.889,89.91,Planktivore
2019,Apo Reef,Aladin,,1,5,Pseudanthias,huchtii,Pseudanthias huchtii,20,3,867,Serranidae,0.0127,3.085,7.53,Planktivore
2019,Apo Reef,Aladin,,1,5,Chaetodon,ornatissimus,Chaetodon ornatissimus,1,6,250,Chaetodontidae,0.02239,3.01,4.92,Corallivore
2019,Apo Reef,Aladin,,1,5,Chaetodon,punctatofasciatus,Chaetodon punctatofasciatus,1,7,253,Chaetodontidae,0.02239,3.01,7.83,Corallivore
2019,Apo Reef,Aladin,,1,5,Chromis,retrofasciata,Chromis retrofasciata,15,3,325,Pomacentridae,0.009,2.773,2.84,Herbivore
2019,Apo Reef,Aladin,,1,5,Acanthurus,pyroferus,Acanthurus pyroferus,1,11,30,Acanthuridae,0.00179,3,2.38,Herbivore
2019,Apo Reef,Aladin,,1,5,Acanthurus,pyroferus,Acanthurus pyroferus,1,10,30,Acanthuridae,0.00179,3,1.79,Herbivore
2019,Apo Reef,Aladin,,1,5,Scarus,niger,Scarus niger,1,12,956,Scaridae,0.0316,3.09,68.29,Herbivore
2019,Apo Reef,Aladin,,1,5,Zebrasoma,scopas,Zebrasoma scopas,2,9,1090,Acanthuridae,0.04,2.867,43.54,Herbivore
2019,Apo Reef,Aladin,,1,5,Naso,vlamingii,Naso vlamingii,2,25,675,Acanthuridae,0.0497,2.839,924.99,Herbivore
2019,Apo Reef,Aladin,,1,5,Naso,vlamingii,Naso vlamingii,1,30,675,Acanthuridae,0.0497,2.839,776.07,Herbivore
2019,Apo Reef,Aladin,,1,5,Pygoplites,diacanthus,Pygoplites diacanthus,1,9,918,Pomacanthidae,0.00514,3,3.75,Benthic Invertivore
2019,Apo Reef,Aladin,,1,5,Siganus,vulpinus,Siganus vulpinus,1,13,1009,Siganidae,0.0287,3,63.05,Herbivore
2019,Apo Reef,Aladin,,1,5,Naso,vlamingii,Naso vlamingii,3,25,675,Acanthuridae,0.0497,2.839,1387.49,Herbivore
2019,Apo Reef,Aladin,,1,5,Naso,vlamingii,Naso vlamingii,1,20,675,Acanthuridae,0.0497,2.839,245.46,Herbivore
2019,Apo Reef,Aladin,,1,5,Zanclus,cornutus,Zanclus cornutus,1,9,1088,Zanclidae,0.0147,3.37,24.16,Omnivore
2019,Apo Reef,Aladin,,1,5,Scarus,niger,Scarus niger,2,12,956,Scaridae,0.0316,3.09,136.58,Herbivore
2019,Apo Reef,Aladin,,1,5,Chromis,retrofasciata,Chromis retrofasciata,20,2,325,Pomacentridae,0.009,2.773,1.23,Herbivore
2019,Apo Reef,Aladin,,1,5,Acanthochromis,polyacanthus,Acanthochromis polyacanthus,20,8,12,Pomacentridae,0.02188,3.01,228.76,Planktivore
2019,Apo Reef,Aladin,,1,5,Heniochus,varius,Heniochus varius,1,9,557,Chaetodontidae,0.02502,3,18.24,Corallivore
2019,Apo Reef,Aladin,,1,5,Chromis,analis,Chromis analis,5,8,307,Pomacentridae,0.0182,3,46.59,Planktivore
2019,Apo Reef,Aladin,,1,5,Chromis,ternatensis,Chromis ternatensis,100,3,328,Pomacentridae,0.043,2.889,102.77,Planktivore
2019,Apo Reef,Aladin,,1,10,Chromis,xanthura,Chromis xanthura,15,7,333,Pomacentridae,0.009,2.773,29.77,Planktivore
2019,Apo Reef,Aladin,,1,10,Pomacentrus,sp.,Pomacentrus sp.,3,6,841,Pomacentridae,0.01479,2.99,9.41,Herbivore
2019,Apo Reef,Aladin,,1,10,Acanthurus,japonicus,Acanthurus japonicus,3,6,20,Acanthuridae,0.02188,2.97,13.44,Herbivore
2019,Apo Reef,Aladin,,1,10,Zebrasoma,scopas,Zebrasoma scopas,2,8,1090,Acanthuridae,0.04,2.867,31.06,Herbivore
2019,Apo Reef,Aladin,,1,10,Chromis,retrofasciata,Chromis retrofasciata,30,2,325,Pomacentridae,0.009,2.773,1.85,Herbivore
2019,Apo Reef,Aladin,,1,10,Pseudanthias,huchtii,Pseudanthias huchtii,10,3,867,Serranidae,0.0127,3.085,3.76,Planktivore
2019,Apo Reef,Aladin,,1,10,Cirrhilabrus,cyanopleura,Cirrhilabrus cyanopleura,5,6,350,Labridae,0.01445,2.94,14.02,Planktivore
2019,Apo Reef,Aladin,,1,10,Cirrhilabrus,cyanopleura,Cirrhilabrus cyanopleura,10,3,350,Labridae,0.01445,2.94,3.65,Planktivore
2019,Apo Reef,Aladin,,1,10,Pomacentrus,vaiuli,Pomacentrus vaiuli,1,4,847,Pomacentridae,0.0619,2.628,2.37,Herbivore
2019,Apo Reef,Aladin,,1,10,Chaetodon,baronessa,Chaetodon baronessa,2,8,236,Chaetodontidae,0.0448,2.828,32.08,Corallivore
2019,Apo Reef,Aladin,,1,10,Dascyllus,reticulatus,Dascyllus reticulatus,10,3,407,Pomacentridae,0.0612,2.747,12.51,Herbivore
2019,Apo Reef,Aladin,,1,10,Neoniphon,sammara,Neoniphon sammara,1,11,689,Holocentridae,0.02762,2.888,28.1,Benthic Invertivore
2019,Apo Reef,Aladin,,1,10,Balistapus,undulatus,Balistapus undulatus,1,12,153,Balistidae,0.0058,3.554,39.7,Omnivore
2019,Apo Reef,Aladin,,1,15,Amblyglyphidodon,leucogaster,Amblyglyphidodon leucogaster,1,9,57,Pomacentridae,0.0195,2.97,13.31,Planktivore
2019,Apo Reef,Aladin,,1,15,Cephalopholis,argus,Cephalopholis argus,1,13,219,Serranidae,0.00678,3.274,30.08,Piscivore
2019,Apo Reef,Aladin,,1,15,Acanthochromis,polyacanthus,Acanthochromis polyacanthus,10,7,12,Pomacentridae,0.02188,3.01,76.52,Planktivore
2019,Apo Reef,Aladin,,1,15,Neoniphon,sammara,Neoniphon sammara,2,13,689,Holocentridae,0.02762,2.888,91.06,Benthic Invertivore
2019,Apo Reef,Aladin,,1,15,Myripristis,murdjan,Myripristis murdjan,1,11,661,Holocentridae,0.0193,3.034,27.87,Benthic Invertivore
2019,Apo Reef,Aladin,,1,15,Myripristis,murdjan,Myripristis murdjan,1,12,661,Holocentridae,0.0193,3.034,36.29,Benthic Invertivore
2019,Apo Reef,Aladin,,1,15,Naso,vlamingii,Naso vlamingii,1,30,675,Acanthuridae,0.0497,2.839,776.07,Herbivore
2019,Apo Reef,Aladin,,1,15,Naso,vlamingii,Naso vlamingii,1,25,675,Acanthuridae,0.0497,2.839,462.5,Herbivore
2019,Apo Reef,Aladin,,1,15,Heniochus,varius,Heniochus varius,1,9,557,Chaetodontidae,0.02502,3,18.24,Corallivore
2019,Apo Reef,Aladin,,1,15,Ctenochaetus,striatus,Ctenochaetus striatus,1,9,399,Acanthuridae,0.0137,3.083,11.99,Detritivore
2019,Apo Reef,Aladin,,1,15,Scarus,niger,Scarus niger,2,12,956,Scaridae,0.0316,3.09,136.58,Herbivore
2019,Apo Reef,Aladin,,1,15,Pygoplites,diacanthus,Pygoplites diacanthus,1,9,918,Pomacanthidae,0.00514,3,3.75,Benthic Invertivore
2019,Apo Reef,Aladin,,1,15,Amblyglyphidodon,leucogaster,Amblyglyphidodon leucogaster,1,8,57,Pomacentridae,0.0195,2.97,9.38,Planktivore
2019,Apo Reef,Aladin,,1,20,Chromis,retrofasciata,Chromis retrofasciata,20,2,325,Pomacentridae,0.009,2.773,1.23,Herbivore
2019,Apo Reef,Aladin,,1,20,Cheilodipterus,quinquelineatus,Cheilodipterus quinquelineatus,1,9,280,Apogonidae,0.01,3.11,9.28,Benthic Invertivore
2019,Apo Reef,Aladin,,1,20,Amblyglyphidodon,leucogaster,Amblyglyphidodon leucogaster,2,8,57,Pomacentridae,0.0195,2.97,18.76,Planktivore
2019,Apo Reef,Aladin,,1,20,Lutjanus,fulvus,Lutjanus fulvus,1,13,616,Lutjanidae,0.01698,2.99,36.36,Benthic Invertivore
2019,Apo Reef,Aladin,,1,20,Myripristis,murdjan,Myripristis murdjan,1,12,661,Holocentridae,0.0193,3.034,36.29,Benthic Invertivore
2019,Apo Reef,Aladin,,1,20,Myripristis,murdjan,Myripristis murdjan,1,10,661,Holocentridae,0.0193,3.034,20.87,Benthic Invertivore
2019,Apo Reef,Aladin,,1,20,Neoniphon,opercularis,Neoniphon opercularis,1,12,688,Holocentridae,0.0094,3,16.24,Benthic Invertivore
2019,Apo Reef,Aladin,,1,20,Zebrasoma,scopas,Zebrasoma scopas,1,9,1090,Acanthuridae,0.04,2.867,21.77,Herbivore
2019,Apo Reef,Aladin,,1,20,Balistapus,undulatus,Balistapus undulatus,1,12,153,Balistidae,0.0058,3.554,39.7,Omnivore
2019,Apo Reef,Aladin,,1,25,Siganus,punctatissimus,Siganus punctatissimus,2,18,1002,Siganidae,0.01288,3.14,225.17,Herbivore
2019,Apo Reef,Aladin,,1,25,Amblyglyphidodon,leucogaster,Amblyglyphidodon leucogaster,1,9,57,Pomacentridae,0.0195,2.97,13.31,Planktivore
2019,Apo Reef,Aladin,,1,25,Dascyllus,reticulatus,Dascyllus reticulatus,10,2,407,Pomacentridae,0.0612,2.747,4.11,Herbivore
2019,Apo Reef,Aladin,,1,25,Chromis,retrofasciata,Chromis retrofasciata,5,2,325,Pomacentridae,0.009,2.773,0.31,Herbivore
2019,Apo Reef,Aladin,,1,25,Chromis,retrofasciata,Chromis retrofasciata,10,3,325,Pomacentridae,0.009,2.773,1.89,Herbivore
2019,Apo Reef,Aladin,,1,25,Chromis,atripes,Chromis atripes,3,3,310,Pomacentridae,0.00484,3,0.39,Herbivore
2019,Apo Reef,Aladin,,1,25,Chromis,ternatensis,Chromis ternatensis,10,6,328,Pomacentridae,0.043,2.889,76.13,Planktivore
2019,Apo Reef,Aladin,,1,25,Acanthochromis,polyacanthus,Acanthochromis polyacanthus,10,7,12,Pomacentridae,0.02188,3.01,76.52,Planktivore
2019,Apo Reef,Aladin,,1,25,Amblyglyphidodon,leucogaster,Amblyglyphidodon leucogaster,1,9,57,Pomacentridae,0.0195,2.97,13.31,Planktivore
2019,Apo Reef,Aladin,,1,25,Melichthys,vidua,Melichthys vidua,1,15,646,Balistidae,0.0058,3.554,87.75,Omnivore
2019,Apo Reef,Aladin,,1,25,Cephalopholis,argus,Cephalopholis argus,1,11,219,Serranidae,0.00678,3.274,17.41,Piscivore
2019,Apo Reef,Aladin,,1,25,Balistapus,undulatus,Balistapus undulatus,1,12,153,Balistidae,0.0058,3.554,39.7,Omnivore
2019,Apo Reef,Aladin,,2,5,Macolor,niger,Macolor niger,2,25,630,Lutjanidae,0.01453,3,454.06,Piscivore
2019,Apo Reef,Aladin,,2,5,Naso,lituratus,Naso lituratus,1,13,668,Acanthuridae,0.0497,2.839,72.25,Herbivore
2019,Apo Reef,Aladin,,2,5,Pseudanthias,huchtii,Pseudanthias huchtii,10,5,867,Serranidae,0.0127,3.085,18.2,Planktivore
2019,Apo Reef,Aladin,,2,5,Chromis,margaritifer,Chromis margaritifer,20,3,319,Pomacentridae,0.0182,3,9.83,Herbivore
2019,Apo Reef,Aladin,,2,5,Acanthurus,thompsoni,Acanthurus thompsoni,3,9,32,Acanthuridae,0.01533,3,33.53,Planktivore
2019,Apo Reef,Aladin,,2,5,Acanthochromis,polyacanthus,Acanthochromis polyacanthus,15,7,12,Pomacentridae,0.02188,3.01,114.78,Planktivore
2019,Apo Reef,Aladin,,2,5,Chromis,atripes,Chromis atripes,20,4,310,Pomacentridae,0.00484,3,6.2,Herbivore
2019,Apo Reef,Aladin,,2,5,Ctenochaetus,striatus,Ctenochaetus striatus,1,8,399,Acanthuridae,0.0137,3.083,8.34,Detritivore
2019,Apo Reef,Aladin,,2,5,Oxycheilinus,digramma,Oxycheilinus digramma,1,9,714,Labridae,0.01449,3,10.56,Benthic Invertivore
2019,Apo Reef,Aladin,,2,5,Lethrinus,erythropterus,Lethrinus erythropterus,1,20,596,Lethrinidae,0.0298,3,238.4,Piscivore
2019,Apo Reef,Aladin,,2,5,Cephalopholis,argus,Cephalopholis argus,1,13,219,Serranidae,0.00678,3.274,30.08,Piscivore
2019,Apo Reef,Aladin,,2,5,Chromis,retrofasciata,Chromis retrofasciata,20,2,325,Pomacentridae,0.009,2.773,1.23,Herbivore
2019,Apo Reef,Aladin,,2,5,Labroides,dimidiatus,Labroides dimidiatus,2,6,583,Labridae,0.00447,3.13,2.44,Benthic Invertivore
2019,Apo Reef,Aladin,,2,5,Chaetodon,ornatissimus,Chaetodon ornatissimus,1,9,250,Chaetodontidae,0.02239,3.01,16.68,Corallivore
2019,Apo Reef,Aladin,,2,5,Forcipiger,longirostris,Forcipiger longirostris,2,9,482,Chaetodontidae,0.01384,3,20.18,Benthic Invertivore
2019,Apo Reef,Aladin,,2,5,Chromis,analis,Chromis analis,20,8,307,Pomacentridae,0.0182,3,186.37,Planktivore
2019,Apo Reef,Aladin,,2,5,Scarus,niger,Scarus niger,1,9,956,Scaridae,0.0316,3.09,28.07,Herbivore
2019,Apo Reef,Aladin,,2,5,Zebrasoma,scopas,Zebrasoma scopas,1,8,1090,Acanthuridae,0.04,2.867,15.53,Herbivore
2019,Apo Reef,Aladin,,2,5,Myripristis,murdjan,Myripristis murdjan,1,12,661,Holocentridae,0.0193,3.034,36.29,Benthic Invertivore
2019,Apo Reef,Aladin,,2,5,Gnathodentex,aureolineatus,Gnathodentex aureolineatus,1,12,490,Lethrinidae,0.01479,3.03,27.54,Benthic Invertivore
2019,Apo Reef,Aladin,,2,5,Cheilinus,fasciatus,Cheilinus fasciatus,1,10,270,Labridae,0.01487,3,14.87,Benthic Invertivore
2019,Apo Reef,Aladin,,2,5,Cheilodipterus,quinquelineatus,Cheilodipterus quinquelineatus,1,12,280,Apogonidae,0.01,3.11,22.71,Benthic Invertivore
2019,Apo Reef,Aladin,,2,5,Heniochus,chrysostomus,Heniochus chrysostomus,1,9,550,Chaetodontidae,0.0132,3.369,21.65,Corallivore
2019,Apo Reef,Aladin,,2,10,Acanthurus,pyroferus,Acanthurus pyroferus,1,12,30,Acanthuridae,0.00179,3,3.09,Herbivore
2019,Apo Reef,Aladin,,2,10,Acanthochromis,polyacanthus,Acanthochromis polyacanthus,30,8,12,Pomacentridae,0.02188,3.01,343.14,Planktivore
2019,Apo Reef,Aladin,,2,10,Pseudanthias,huchtii,Pseudanthias huchtii,10,4,867,Serranidae,0.0127,3.085,9.14,Planktivore
2019,Apo Reef,Aladin,,2,10,Pseudanthias,huchtii,Pseudanthias huchtii,20,3,867,Serranidae,0.0127,3.085,7.53,Planktivore
2019,Apo Reef,Aladin,,2,10,Chromis,margaritifer,Chromis margaritifer,15,3,319,Pomacentridae,0.0182,3,7.37,Herbivore
2019,Apo Reef,Aladin,,2,10,Cephalopholis,urodeta,Cephalopholis urodeta,1,9,229,Serranidae,0.02822,2.818,13.79,Piscivore
2019,Apo Reef,Aladin,,2,10,Chaetodon,auriga,Chaetodon auriga,2,9,235,Chaetodontidae,0.0312,2.953,41.03,Benthic Invertivore
2019,Apo Reef,Aladin,,2,10,Balistapus,undulatus,Balistapus undulatus,1,9,153,Balistidae,0.0058,3.554,14.28,Omnivore
2019,Apo Reef,Aladin,,2,10,Epibulus,insidiator,Epibulus insidiator,1,10,446,Labridae,0.0138,3.01,14.12,Benthic Invertivore
2019,Apo Reef,Aladin,,2,10,Chlorurus,bleekeri,Chlorurus bleekeri,1,30,288,Scaridae,0.01995,3.01,557.29,Herbivore
2019,Apo Reef,Aladin,,2,10,Chromis,xanthura,Chromis xanthura,1,8,333,Pomacentridae,0.009,2.773,2.87,Planktivore
2019,Apo Reef,Aladin,,2,10,Ctenochaetus,striatus,Ctenochaetus striatus,1,9,399,Acanthuridae,0.0137,3.083,11.99,Detritivore
2019,Apo Reef,Aladin,,2,10,Ctenochaetus,striatus,Ctenochaetus striatus,1,8,399,Acanthuridae,0.0137,3.083,8.34,Detritivore
2019,Apo Reef,Aladin,,2,15,Neoniphon,sammara,Neoniphon sammara,1,12,689,Holocentridae,0.02762,2.888,36.13,Benthic Invertivore
2019,Apo Reef,Aladin,,2,15,Myripristis,murdjan,Myripristis murdjan,1,11,661,Holocentridae,0.0193,3.034,27.87,Benthic Invertivore
2019,Apo Reef,Aladin,,2,15,Naso,lituratus,Naso lituratus,1,14,668,Acanthuridae,0.0497,2.839,89.17,Herbivore
2019,Apo Reef,Aladin,,2,15,Chaetodon,punctatofasciatus,Chaetodon punctatofasciatus,1,8,253,Chaetodontidae,0.02239,3.01,11.7,Corallivore
2019,Apo Reef,Aladin,,2,15,Acanthurus,pyroferus,Acanthurus pyroferus,1,11,30,Acanthuridae,0.00179,3,2.38,Herbivore
2019,Apo Reef,Aladin,,2,15,Pygoplites,diacanthus,Pygoplites diacanthus,1,12,918,Pomacanthidae,0.00514,3,8.88,Benthic Invertivore
2019,Apo Reef,Aladin,,2,15,Balistoides,conspicillum,Balistoides conspicillum,1,25,154,Balistidae,0.02344,2.96,322,Benthic Invertivore
2019,Apo Reef,Aladin,,2,15,Acanthochromis,polyacanthus,Acanthochromis polyacanthus,30,8,12,Pomacentridae,0.02188,3.01,343.14,Planktivore
2019,Apo Reef,Aladin,,2,15,Cheilodipterus,quinquelineatus,Cheilodipterus quinquelineatus,1,10,280,Apogonidae,0.01,3.11,12.88,Benthic Invertivore
2019,Apo Reef,Aladin,,2,15,Amblyglyphidodon,aureus,Amblyglyphidodon aureus,2,9,54,Pomacentridae,0.02138,2.99,30.49,Planktivore
2019,Apo Reef,Aladin,,2,15,Heniochus,chrysostomus,Heniochus chrysostomus,2,9,550,Chaetodontidae,0.0132,3.369,43.3,Corallivore
2019,Apo Reef,Aladin,,2,15,Chaetodon,lunulatus,Chaetodon lunulatus,2,8,244,Chaetodontidae,0.02239,3.01,23.41,Corallivore
2019,Apo Reef,Aladin,,2,15,Chaetodon,ornatissimus,Chaetodon ornatissimus,1,9,250,Chaetodontidae,0.02239,3.01,16.68,Corallivore
2019,Apo Reef,Aladin,,2,20,Scarus,forsteni,Scarus forsteni,1,12,949,Scaridae,0.01995,3.01,35.34,Herbivore
2019,Apo Reef,Aladin,,2,20,Scarus,niger,Scarus niger,1,11,956,Scaridae,0.0316,3.09,52.19,Herbivore
2019,Apo Reef,Aladin,,2,20,Scarus,niger,Scarus niger,1,12,956,Scaridae,0.0316,3.09,68.29,Herbivore
2019,Apo Reef,Aladin,,2,20,Scarus,schlegeli,Scarus schlegeli,1,12,965,Scaridae,0.0309,2.87,38.66,Herbivore
2019,Apo Reef,Aladin,,2,20,Zanclus,cornutus,Zanclus cornutus,1,9,1088,Zanclidae,0.0147,3.37,24.16,Omnivore
2019,Apo Reef,Aladin,,2,20,Siganus,vulpinus,Siganus vulpinus,2,13,1009,Siganidae,0.0287,3,126.11,Herbivore
2019,Apo Reef,Aladin,,2,20,Chlorurus,bleekeri,Chlorurus bleekeri,1,14,288,Scaridae,0.01995,3.01,56.21,Herbivore
2019,Apo Reef,Aladin,,2,20,Hipposcarus,longiceps,Hipposcarus longiceps,1,11,562,Scaridae,0.01413,3.04,20.7,Herbivore
2019,Apo Reef,Aladin,,2,20,Chaetodon,lunulatus,Chaetodon lunulatus,2,8,244,Chaetodontidae,0.02239,3.01,23.41,Corallivore
2019,Apo Reef,Aladin,,2,20,Pygoplites,diacanthus,Pygoplites diacanthus,1,10,918,Pomacanthidae,0.00514,3,5.14,Benthic Invertivore
2019,Apo Reef,Aladin,,2,25,Dascyllus,reticulatus,Dascyllus reticulatus,20,3,407,Pomacentridae,0.0612,2.747,25.03,Herbivore
2019,Apo Reef,Aladin,,2,25,Chaetodon,baronessa,Chaetodon baronessa,1,6,236,Chaetodontidae,0.0448,2.828,7.11,Corallivore
2019,Apo Reef,Aladin,,2,25,Pygoplites,diacanthus,Pygoplites diacanthus,1,12,918,Pomacanthidae,0.00514,3,8.88,Benthic Invertivore
2019,Apo Reef,Aladin,,2,25,Pygoplites,diacanthus,Pygoplites diacanthus,1,8,918,Pomacanthidae,0.00514,3,2.63,Benthic Invertivore
2019,Apo Reef,Aladin,,2,25,Ctenochaetus,striatus,Ctenochaetus striatus,2,8,399,Acanthuridae,0.0137,3.083,16.67,Detritivore
2019,Apo Reef,Aladin,,2,25,Chaetodon,kleinii,Chaetodon kleinii,1,8,241,Chaetodontidae,0.0448,2.828,16.04,Herbivore
2019,Apo Reef,Aladin,,2,25,Myripristis,murdjan,Myripristis murdjan,1,11,661,Holocentridae,0.0193,3.034,27.87,Benthic Invertivore
2019,Apo Reef,Aladin,,2,25,Myripristis,violacea,Myripristis violacea,1,12,663,Holocentridae,0.0364,2.94,54.19,Benthic Invertivore
2019,Apo Reef,Aladin,,2,25,Naso,lopezi,Naso lopezi,1,30,669,Acanthuridae,0.02399,2.94,528.16,Omnivore
2019,Apo Reef,Aladin,,2,25,Chromis,xanthura,Chromis xanthura,2,8,333,Pomacentridae,0.009,2.773,5.75,Planktivore
2019,Apo Reef,Aladin,,2,25,Chromis,retrofasciata,Chromis retrofasciata,15,2,325,Pomacentridae,0.009,2.773,0.92,Herbivore
2019,Apo Reef,Aladin,,2,25,Anampses,caeruleopunctatus,Anampses caeruleopunctatus,1,15,78,Labridae,0.01,3.06,39.7,Benthic Invertivore
2019,Apo Reef,Aladin,,2,25,Forcipiger,longirostris,Forcipiger longirostris,3,9,482,Chaetodontidae,0.01384,3,30.27,Benthic Invertivore
2019,Apo Reef,Aladin,,3,5,Monotaxis,heterodon,Monotaxis heterodon,1,12,650,no record,no record,no record,#VALUE!,no record
2019,Apo Reef,Aladin,,3,5,Monotaxis,heterodon,Monotaxis heterodon,1,11,650,no record,no record,no record,#VALUE!,no record
2019,Apo Reef,Aladin,,3,5,Zanclus,cornutus,Zanclus cornutus,2,9,1088,Zanclidae,0.0147,3.37,48.32,Omnivore
2019,Apo Reef,Aladin,,3,5,Chromis,ternatensis,Chromis ternatensis,100,3,328,Pomacentridae,0.043,2.889,102.77,Planktivore
2019,Apo Reef,Aladin,,3,5,Chromis,atripes,Chromis atripes,10,5,310,Pomacentridae,0.00484,3,6.05,Herbivore
2019,Apo Reef,Aladin,,3,5,Scarus,niger,Scarus niger,2,11,956,Scaridae,0.0316,3.09,104.38,Herbivore
2019,Apo Reef,Aladin,,3,5,Cephalopholis,argus,Cephalopholis argus,1,15,219,Serranidae,0.00678,3.274,48.06,Piscivore
2019,Apo Reef,Aladin,,3,5,Heniochus,varius,Heniochus varius,1,9,557,Chaetodontidae,0.02502,3,18.24,Corallivore
2019,Apo Reef,Aladin,,3,5,Acanthochromis,polyacanthus,Acanthochromis polyacanthus,50,8,12,Pomacentridae,0.02188,3.01,571.9,Planktivore
2019,Apo Reef,Aladin,,3,5,Centropyge,tibicen,Centropyge tibicen,1,7,217,Pomacanthidae,0.03388,2.86,8.85,Corallivore
2019,Apo Reef,Aladin,,3,5,Acanthurus,pyroferus,Acanthurus pyroferus,1,11,30,Acanthuridae,0.00179,3,2.38,Herbivore
2019,Apo Reef,Aladin,,3,5,Zebrasoma,scopas,Zebrasoma scopas,1,8,1090,Acanthuridae,0.04,2.867,15.53,Herbivore
2019,Apo Reef,Aladin,,3,5,Cheilodipterus,quinquelineatus,Cheilodipterus quinquelineatus,1,9,280,Apogonidae,0.01,3.11,9.28,Benthic Invertivore
2019,Apo Reef,Aladin,,3,5,Myripristis,murdjan,Myripristis murdjan,2,10,661,Holocentridae,0.0193,3.034,41.74,Benthic Invertivore
2019,Apo Reef,Aladin,,3,5,Balistapus,undulatus,Balistapus undulatus,1,10,153,Balistidae,0.0058,3.554,20.77,Omnivore
2019,Apo Reef,Aladin,,3,5,Dascyllus,reticulatus,Dascyllus reticulatus,25,3,407,Pomacentridae,0.0612,2.747,31.29,Herbivore
2019,Apo Reef,Aladin,,3,5,Chromis,retrofasciata,Chromis retrofasciata,10,2,325,Pomacentridae,0.009,2.773,0.62,Herbivore
2019,Apo Reef,Aladin,,3,5,Chaetodon,lunulatus,Chaetodon lunulatus,1,8,244,Chaetodontidae,0.02239,3.01,11.7,Corallivore
2019,Apo Reef,Aladin,,3,5,Cephalopholis,urodeta,Cephalopholis urodeta,1,11,229,Serranidae,0.02822,2.818,24.28,Piscivore
2019,Apo Reef,Aladin,,3,10,Amblyglyphidodon,aureus,Amblyglyphidodon aureus,2,9,54,Pomacentridae,0.02138,2.99,30.49,Planktivore
2019,Apo Reef,Aladin,,3,10,Centropyge,vrolikii,Centropyge vrolikii,1,7,218,Pomacanthidae,0.0302,2.89,8.36,Corallivore
2019,Apo Reef,Aladin,,3,10,Epibulus,insidiator,Epibulus insidiator,1,8,446,Labridae,0.0138,3.01,7.21,Benthic Invertivore
2019,Apo Reef,Aladin,,3,10,Ctenochaetus,striatus,Ctenochaetus striatus,1,9,399,Acanthuridae,0.0137,3.083,11.99,Detritivore
2019,Apo Reef,Aladin,,3,10,Zebrasoma,scopas,Zebrasoma scopas,1,8,1090,Acanthuridae,0.04,2.867,15.53,Herbivore
2019,Apo Reef,Aladin,,3,10,Acanthochromis,polyacanthus,Acanthochromis polyacanthus,20,8,12,Pomacentridae,0.02188,3.01,228.76,Planktivore
2019,Apo Reef,Aladin,,3,10,Chromis,xanthura,Chromis xanthura,20,8,333,Pomacentridae,0.009,2.773,57.48,Planktivore
2019,Apo Reef,Aladin,,3,10,Kyphosus,vaigiensis,Kyphosus vaigiensis,1,20,576,Kyphosidae,0.01998,3.037,178.58,Herbivore
2019,Apo Reef,Aladin,,3,10,Acanthurus,pyroferus,Acanthurus pyroferus,1,11,30,Acanthuridae,0.00179,3,2.38,Herbivore
2019,Apo Reef,Aladin,,3,10,Zanclus,cornutus,Zanclus cornutus,2,8,1088,Zanclidae,0.0147,3.37,32.49,Omnivore
2019,Apo Reef,Aladin,,3,10,Chaetodon,ornatissimus,Chaetodon ornatissimus,1,7,250,Chaetodontidae,0.02239,3.01,7.83,Corallivore
2019,Apo Reef,Aladin,,3,10,Chaetodon,lunulatus,Chaetodon lunulatus,2,8,244,Chaetodontidae,0.02239,3.01,23.41,Corallivore
2019,Apo Reef,Aladin,,3,15,Chromis,retrofasciata,Chromis retrofasciata,15,3,325,Pomacentridae,0.009,2.773,2.84,Herbivore
2019,Apo Reef,Aladin,,3,15,Bodianus,mesothorax,Bodianus mesothorax,1,9,167,Labridae,0.0123,3.04,9.79,Benthic Invertivore
2019,Apo Reef,Aladin,,3,15,Amblyglyphidodon,leucogaster,Amblyglyphidodon leucogaster,1,9,57,Pomacentridae,0.0195,2.97,13.31,Planktivore
2019,Apo Reef,Aladin,,3,15,Myripristis,murdjan,Myripristis murdjan,1,12,661,Holocentridae,0.0193,3.034,36.29,Benthic Invertivore
2019,Apo Reef,Aladin,,3,15,Monotaxis,heterodon,Monotaxis heterodon,1,12,650,no record,no record,no record,#VALUE!,no record
2019,Apo Reef,Aladin,,3,15,Amblyglyphidodon,aureus,Amblyglyphidodon aureus,2,9,54,Pomacentridae,0.02138,2.99,30.49,Planktivore
2019,Apo Reef,Aladin,,3,15,Chromis,analis,Chromis analis,1,8,307,Pomacentridae,0.0182,3,9.32,Planktivore
2019,Apo Reef,Aladin,,3,15,Cephalopholis,argus,Cephalopholis argus,1,13,219,Serranidae,0.00678,3.274,30.08,Piscivore
2019,Apo Reef,Aladin,,3,15,Pygoplites,diacanthus,Pygoplites diacanthus,1,12,918,Pomacanthidae,0.00514,3,8.88,Benthic Invertivore
2019,Apo Reef,Aladin,,3,15,Epibulus,insidiator,Epibulus insidiator,1,8,446,Labridae,0.0138,3.01,7.21,Benthic Invertivore
2019,Apo Reef,Aladin,,3,20,Chromis,analis,Chromis analis,3,8,307,Pomacentridae,0.0182,3,27.96,Planktivore
2019,Apo Reef,Aladin,,3,20,Pygoplites,diacanthus,Pygoplites diacanthus,1,9,918,Pomacanthidae,0.00514,3,3.75,Benthic Invertivore
2019,Apo Reef,Aladin,,3,20,Ctenochaetus,striatus,Ctenochaetus striatus,1,8,399,Acanthuridae,0.0137,3.083,8.34,Detritivore
2019,Apo Reef,Aladin,,3,20,Ctenochaetus,striatus,Ctenochaetus striatus,1,9,399,Acanthuridae,0.0137,3.083,11.99,Detritivore
2019,Apo Reef,Aladin,,3,20,Scarus,psittacus,Scarus psittacus,1,12,960,Scaridae,0.0258,2.903,35.03,Herbivore
2019,Apo Reef,Aladin,,3,20,Chlorurus,bleekeri,Chlorurus bleekeri,1,15,288,Scaridae,0.01995,3.01,69.18,Herbivore
2019,Apo Reef,Aladin,,3,20,Naso,vlamingii,Naso vlamingii,1,15,675,Acanthuridae,0.0497,2.839,108.46,Herbivore
2019,Apo Reef,Aladin,,3,20,Amblyglyphidodon,aureus,Amblyglyphidodon aureus,1,9,54,Pomacentridae,0.02138,2.99,15.25,Planktivore
2019,Apo Reef,Aladin,,3,25,Pygoplites,diacanthus,Pygoplites diacanthus,2,10,918,Pomacanthidae,0.00514,3,10.28,Benthic Invertivore
2019,Apo Reef,Aladin,,3,25,Heniochus,chrysostomus,Heniochus chrysostomus,1,9,550,Chaetodontidae,0.0132,3.369,21.65,Corallivore
2019,Apo Reef,Aladin,,3,25,Neoniphon,sammara,Neoniphon sammara,1,11,689,Holocentridae,0.02762,2.888,28.1,Benthic Invertivore
2019,Apo Reef,Aladin,,3,25,Melichthys,vidua,Melichthys vidua,2,13,646,Balistidae,0.0058,3.554,105.54,Omnivore
2019,Apo Reef,Aladin,,3,25,Pseudanthias,tuka,Pseudanthias tuka,8,8,875,Serranidae,0.00955,2.97,36.75,Planktivore
2019,Apo Reef,Aladin,,3,25,Dascyllus,reticulatus,Dascyllus reticulatus,5,3,407,Pomacentridae,0.0612,2.747,6.26,Herbivore
2019,Apo Reef,Aladin,,3,25,Dascyllus,reticulatus,Dascyllus reticulatus,5,2,407,Pomacentridae,0.0612,2.747,2.05,Herbivore
2019,Apo Reef,Aladin,,3,25,Chaetodon,speculum,Chaetodon speculum,1,9,259,Chaetodontidae,0.06637,2.693,24.65,Corallivore
2019,Apo Reef,Aladin,,3,25,Epibulus,insidiator,Epibulus insidiator,1,12,446,Labridae,0.0138,3.01,24.45,Benthic Invertivore
2019,Apo Reef,Aladin,,3,25,Epibulus,insidiator,Epibulus insidiator,1,9,446,Labridae,0.0138,3.01,10.28,Benthic Invertivore
2019,Apo Reef,Aladin,,3,25,Pterocaesio,tile,Pterocaesio tile,50,15,911,Caesionidae,0.01121,3,1891.69,Planktivore
2019,Apo Reef,Aladin,,3,25,Acanthurus,pyroferus,Acanthurus pyroferus,1,11,30,Acanthuridae,0.00179,3,2.38,Herbivore
2019,Apo Reef,Aladin,,3,25,Acanthurus,pyroferus,Acanthurus pyroferus,1,12,30,Acanthuridae,0.00179,3,3.09,Herbivore
2019,Apo Reef,Aladin,,3,25,Hemigymnus,fasciatus,Hemigymnus fasciatus,1,12,544,Labridae,0.01713,3,29.6,Benthic Invertivore
2019,Apo Reef,Mabuti,,1,5,Acanthurus,thompsoni,Acanthurus thompsoni,50,10,32,Acanthuridae,0.01533,3,766.5,Planktivore
2019,Apo Reef,Mabuti,,1,5,Odonus,niger,Odonus niger,60,13,699,Balistidae,0.0119,3,1568.66,Benthic Invertivore
2019,Apo Reef,Mabuti,,1,5,Pygoplites,diacanthus,Pygoplites diacanthus,1,10,918,Pomacanthidae,0.00514,3,5.14,Benthic Invertivore
2019,Apo Reef,Mabuti,,1,5,Balistapus,undulatus,Balistapus undulatus,1,12,153,Balistidae,0.0058,3.554,39.7,Omnivore
2019,Apo Reef,Mabuti,,1,5,Pygoplites,diacanthus,Pygoplites diacanthus,50,9,918,Pomacanthidae,0.00514,3,187.35,Benthic Invertivore
2019,Apo Reef,Mabuti,,1,5,Oxycheilinus,unifasciatus,Oxycheilinus unifasciatus,1,13,718,Labridae,0.01687,3,37.06,Benthic Invertivore
2019,Apo Reef,Mabuti,,1,5,Ctenochaetus,striatus,Ctenochaetus striatus,1,10,399,Acanthuridae,0.0137,3.083,16.59,Detritivore
2019,Apo Reef,Mabuti,,1,5,Ctenochaetus,striatus,Ctenochaetus striatus,2,9,399,Acanthuridae,0.0137,3.083,23.97,Detritivore
2019,Apo Reef,Mabuti,,1,5,Chlorurus,bleekeri,Chlorurus bleekeri,1,18,288,Scaridae,0.01995,3.01,119.76,Herbivore
2019,Apo Reef,Mabuti,,1,5,Chromis,ternatensis,Chromis ternatensis,100,8,328,Pomacentridae,0.043,2.889,1747.81,Planktivore
2019,Apo Reef,Mabuti,,1,5,Chromis,xanthura,Chromis xanthura,50,8,333,Pomacentridae,0.009,2.773,143.71,Planktivore
2019,Apo Reef,Mabuti,,1,5,Chaetodon,rafflesi,Chaetodon rafflesi,2,9,254,Chaetodontidae,0.02239,3.01,33.37,Corallivore
2019,Apo Reef,Mabuti,,1,5,Cheilinus,fasciatus,Cheilinus fasciatus,1,12,270,Labridae,0.01487,3,25.7,Benthic Invertivore
2019,Apo Reef,Mabuti,,1,5,Monotaxis,heterodon,Monotaxis heterodon,4,14,650,no record,no record,no record,#VALUE!,no record
2019,Apo Reef,Mabuti,,1,5,Zebrasoma,veliferum,Zebrasoma veliferum,4,12,1092,Acanthuridae,0.03425,2.866,169.69,Herbivore
2019,Apo Reef,Mabuti,,1,5,Melichthys,vidua,Melichthys vidua,2,14,646,Balistidae,0.0058,3.554,137.34,Omnivore
2019,Apo Reef,Mabuti,,1,5,Naso,lituratus,Naso lituratus,2,15,668,Acanthuridae,0.0497,2.839,216.92,Herbivore
2019,Apo Reef,Mabuti,,1,5,Pomacentrus,vaiuli,Pomacentrus vaiuli,3,4,847,Pomacentridae,0.0619,2.628,7.1,Herbivore
2019,Apo Reef,Mabuti,,1,5,Naso,lituratus,Naso lituratus,1,15,668,Acanthuridae,0.0497,2.839,108.46,Herbivore
2019,Apo Reef,Mabuti,,1,5,Naso,lituratus,Naso lituratus,2,13,668,Acanthuridae,0.0497,2.839,144.5,Herbivore
2019,Apo Reef,Mabuti,,1,5,Acanthurus,pyroferus,Acanthurus pyroferus,2,12,30,Acanthuridae,0.00179,3,6.19,Herbivore
2019,Apo Reef,Mabuti,,1,5,Ctenochaetus,striatus,Ctenochaetus striatus,3,10,399,Acanthuridae,0.0137,3.083,49.76,Detritivore
2019,Apo Reef,Mabuti,,1,5,Cephalopholis,urodeta,Cephalopholis urodeta,1,9,229,Serranidae,0.02822,2.818,13.79,Piscivore
2019,Apo Reef,Mabuti,,1,5,Balistapus,undulatus,Balistapus undulatus,1,11,153,Balistidae,0.0058,3.554,29.14,Omnivore
2019,Apo Reef,Mabuti,,1,5,Acanthurus,auranticavus,Acanthurus auranticavus,1,15,13,Acanthuridae,0.02188,2.97,68.08,Omnivore
2019,Apo Reef,Mabuti,,1,5,Chlorurus,bleekeri,Chlorurus bleekeri,1,15,288,Scaridae,0.01995,3.01,69.18,Herbivore
2019,Apo Reef,Mabuti,,1,5,Zebrasoma,scopas,Zebrasoma scopas,5,9,1090,Acanthuridae,0.04,2.867,108.85,Herbivore
2019,Apo Reef,Mabuti,,1,5,Scarus,sp.,Scarus sp.,1,30,966,Scaridae,0.00389,3.12,157.97,Herbivore
2019,Apo Reef,Mabuti,,1,5,Scarus,forsteni,Scarus forsteni,1,10,949,Scaridae,0.01995,3.01,20.41,Herbivore
2019,Apo Reef,Mabuti,,1,5,Pomacentrus,brachialis,Pomacentrus brachialis,2,6,820,Pomacentridae,0.0116,3.387,10.03,Herbivore
2019,Apo Reef,Mabuti,,1,5,Scarus,schlegeli,Scarus schlegeli,1,12,965,Scaridae,0.0309,2.87,38.66,Herbivore
2019,Apo Reef,Mabuti,,1,10,Cephalopholis,urodeta,Cephalopholis urodeta,1,9,229,Serranidae,0.02822,2.818,13.79,Piscivore
2019,Apo Reef,Mabuti,,1,10,Zebrasoma,scopas,Zebrasoma scopas,1,8,1090,Acanthuridae,0.04,2.867,15.53,Herbivore
2019,Apo Reef,Mabuti,,1,10,Zebrasoma,scopas,Zebrasoma scopas,1,9,1090,Acanthuridae,0.04,2.867,21.77,Herbivore
2019,Apo Reef,Mabuti,,1,10,Sargocentron,caudimaculatum,Sargocentron caudimaculatum,1,12,932,Holocentridae,0.01514,2.98,24.89,Benthic Invertivore
2019,Apo Reef,Mabuti,,1,10,Myripristis,murdjan,Myripristis murdjan,4,11,661,Holocentridae,0.0193,3.034,111.48,Benthic Invertivore
2019,Apo Reef,Mabuti,,1,10,Monotaxis,heterodon,Monotaxis heterodon,4,13,650,no record,no record,no record,#VALUE!,no record
2019,Apo Reef,Mabuti,,1,10,Balistapus,undulatus,Balistapus undulatus,1,12,153,Balistidae,0.0058,3.554,39.7,Omnivore
2019,Apo Reef,Mabuti,,1,10,Ctenochaetus,striatus,Ctenochaetus striatus,2,9,399,Acanthuridae,0.0137,3.083,23.97,Detritivore
2019,Apo Reef,Mabuti,,1,10,Cephalopholis,urodeta,Cephalopholis urodeta,1,11,229,Serranidae,0.02822,2.818,24.28,Piscivore
2019,Apo Reef,Mabuti,,1,10,Caesio,caerulaurea,Caesio caerulaurea,100,15,171,Caesionidae,0.01996,2.991,6574.3,Planktivore
2019,Apo Reef,Mabuti,,1,10,Acanthurus,pyroferus,Acanthurus pyroferus,1,11,30,Acanthuridae,0.00179,3,2.38,Herbivore
2019,Apo Reef,Mabuti,,1,10,Acanthurus,japonicus,Acanthurus japonicus,1,9,20,Acanthuridae,0.02188,2.97,14.93,Herbivore
2019,Apo Reef,Mabuti,,1,15,Heniochus,varius,Heniochus varius,2,9,557,Chaetodontidae,0.02502,3,36.48,Corallivore
2019,Apo Reef,Mabuti,,1,15,Scarus,forsteni,Scarus forsteni,1,12,949,Scaridae,0.01995,3.01,35.34,Herbivore
2019,Apo Reef,Mabuti,,1,15,Epibulus,insidiator,Epibulus insidiator,1,9,446,Labridae,0.0138,3.01,10.28,Benthic Invertivore
2019,Apo Reef,Mabuti,,1,15,Melichthys,vidua,Melichthys vidua,1,13,646,Balistidae,0.0058,3.554,52.77,Omnivore
2019,Apo Reef,Mabuti,,1,15,Sargocentron,caudimaculatum,Sargocentron caudimaculatum,2,12,932,Holocentridae,0.01514,2.98,49.79,Benthic Invertivore
2019,Apo Reef,Mabuti,,1,15,Zebrasoma,scopas,Zebrasoma scopas,2,10,1090,Acanthuridae,0.04,2.867,58.9,Herbivore
2019,Apo Reef,Mabuti,,1,15,Acanthochromis,polyacanthus,Acanthochromis polyacanthus,2,8,12,Pomacentridae,0.02188,3.01,22.88,Planktivore
2019,Apo Reef,Mabuti,,1,15,Zanclus,cornutus,Zanclus cornutus,1,9,1088,Zanclidae,0.0147,3.37,24.16,Omnivore
2019,Apo Reef,Mabuti,,1,15,Chromis,margaritifer,Chromis margaritifer,10,3,319,Pomacentridae,0.0182,3,4.91,Herbivore
2019,Apo Reef,Mabuti,,1,15,Naso,lituratus,Naso lituratus,1,18,668,Acanthuridae,0.0497,2.839,182,Herbivore
2019,Apo Reef,Mabuti,,1,15,Chromis,xanthura,Chromis xanthura,15,8,333,Pomacentridae,0.009,2.773,43.11,Planktivore
2019,Apo Reef,Mabuti,,1,15,Ctenochaetus,striatus,Ctenochaetus striatus,2,11,399,Acanthuridae,0.0137,3.083,44.5,Detritivore
2019,Apo Reef,Mabuti,,1,15,Parupeneus,multifasciatus,Parupeneus multifasciatus,2,9,748,Mullidae,0.01047,3.15,21.22,Benthic Invertivore
2019,Apo Reef,Mabuti,,1,15,Zanclus,cornutus,Zanclus cornutus,2,9,1088,Zanclidae,0.0147,3.37,48.32,Omnivore
2019,Apo Reef,Mabuti,,1,15,Scarus,niger,Scarus niger,1,12,956,Scaridae,0.0316,3.09,68.29,Herbivore
2019,Apo Reef,Mabuti,,1,15,Chaetodon,baronessa,Chaetodon baronessa,2,8,236,Chaetodontidae,0.0448,2.828,32.08,Corallivore
2019,Apo Reef,Mabuti,,1,15,Pygoplites,diacanthus,Pygoplites diacanthus,1,11,918,Pomacanthidae,0.00514,3,6.84,Benthic Invertivore
2019,Apo Reef,Mabuti,,1,15,Pygoplites,diacanthus,Pygoplites diacanthus,2,9,918,Pomacanthidae,0.00514,3,7.49,Benthic Invertivore
2019,Apo Reef,Mabuti,,1,15,Myripristis,murdjan,Myripristis murdjan,8,11,661,Holocentridae,0.0193,3.034,222.96,Benthic Invertivore
2019,Apo Reef,Mabuti,,1,15,Sargocentron,caudimaculatum,Sargocentron caudimaculatum,2,11,932,Holocentridae,0.01514,2.98,38.42,Benthic Invertivore
2019,Apo Reef,Mabuti,,1,15,Heniochus,chrysostomus,Heniochus chrysostomus,1,9,550,Chaetodontidae,0.0132,3.369,21.65,Corallivore
2019,Apo Reef,Mabuti,,1,15,Odonus,niger,Odonus niger,30,14,699,Balistidae,0.0119,3,979.61,Benthic Invertivore
2019,Apo Reef,Mabuti,,1,15,Plectroglyphidodon,lacrymatus,Plectroglyphidodon lacrymatus,1,7,795,Pomacentridae,0.02138,2.99,7.19,Herbivore
2019,Apo Reef,Mabuti,,1,15,Siganus,vulpinus,Siganus vulpinus,2,13,1009,Siganidae,0.0287,3,126.11,Herbivore
2019,Apo Reef,Mabuti,,1,15,Chlorurus,bleekeri,Chlorurus bleekeri,1,22,288,Scaridae,0.01995,3.01,219.1,Herbivore
2019,Apo Reef,Mabuti,,1,20,Chaetodon,kleinii,Chaetodon kleinii,2,9,241,Chaetodontidae,0.0448,2.828,44.76,Herbivore
2019,Apo Reef,Mabuti,,1,20,Novaculichthys,taeniourus,Novaculichthys taeniourus,2,15,698,Labridae,0.01445,2.94,82.91,Benthic Invertivore
2019,Apo Reef,Mabuti,,1,20,Halichoeres,hortulanus,Halichoeres hortulanus,1,10,520,Labridae,0.00977,3.07,11.48,Benthic Invertivore
2019,Apo Reef,Mabuti,,1,20,Melichthys,vidua,Melichthys vidua,2,14,646,Balistidae,0.0058,3.554,137.34,Omnivore
2019,Apo Reef,Mabuti,,1,20,Naso,lituratus,Naso lituratus,1,13,668,Acanthuridae,0.0497,2.839,72.25,Herbivore
2019,Apo Reef,Mabuti,,1,20,Cephalopholis,urodeta,Cephalopholis urodeta,1,10,229,Serranidae,0.02822,2.818,18.56,Piscivore
2019,Apo Reef,Mabuti,,1,20,Ctenochaetus,striatus,Ctenochaetus striatus,4,11,399,Acanthuridae,0.0137,3.083,89,Detritivore
2019,Apo Reef,Mabuti,,1,20,Ctenochaetus,striatus,Ctenochaetus striatus,2,10,399,Acanthuridae,0.0137,3.083,33.17,Detritivore
2019,Apo Reef,Mabuti,,1,20,Scarus,forsteni,Scarus forsteni,1,20,949,Scaridae,0.01995,3.01,164.45,Herbivore
2019,Apo Reef,Mabuti,,1,20,Monotaxis,heterodon,Monotaxis heterodon,1,25,650,no record,no record,no record,#VALUE!,no record
2019,Apo Reef,Mabuti,,1,20,Epibulus,insidiator,Epibulus insidiator,1,11,446,Labridae,0.0138,3.01,18.81,Benthic Invertivore
2019,Apo Reef,Mabuti,,1,20,Parupeneus,multifasciatus,Parupeneus multifasciatus,1,10,748,Mullidae,0.01047,3.15,14.79,Benthic Invertivore
2019,Apo Reef,Mabuti,,1,20,Siganus,virgatus,Siganus virgatus,1,12,1008,Siganidae,0.01288,3.14,31.52,Herbivore
2019,Apo Reef,Mabuti,,1,20,Caranx,ignobilis,Caranx ignobilis,1,120,202,Carangidae,0.0276,2.94,35785.08,Piscivore
2019,Apo Reef,Mabuti,,1,20,Acanthurus,japonicus,Acanthurus japonicus,4,11,20,Acanthuridae,0.02188,2.97,108.4,Herbivore
2019,Apo Reef,Mabuti,,1,20,Balistapus,undulatus,Balistapus undulatus,1,11,153,Balistidae,0.0058,3.554,29.14,Omnivore
2019,Apo Reef,Mabuti,,1,25,Cephalopholis,argus,Cephalopholis argus,1,20,219,Serranidae,0.00678,3.274,123.25,Piscivore
2019,Apo Reef,Mabuti,,1,25,Ctenochaetus,striatus,Ctenochaetus striatus,1,12,399,Acanthuridae,0.0137,3.083,29.1,Detritivore
2019,Apo Reef,Mabuti,,1,25,Ctenochaetus,striatus,Ctenochaetus striatus,5,11,399,Acanthuridae,0.0137,3.083,111.25,Detritivore
2019,Apo Reef,Mabuti,,1,25,Ctenochaetus,striatus,Ctenochaetus striatus,1,9,399,Acanthuridae,0.0137,3.083,11.99,Detritivore
2019,Apo Reef,Mabuti,,1,25,Acanthurus,japonicus,Acanthurus japonicus,1,8,20,Acanthuridae,0.02188,2.97,10.53,Herbivore
2019,Apo Reef,Mabuti,,1,25,Chaetodon,ornatissimus,Chaetodon ornatissimus,1,9,250,Chaetodontidae,0.02239,3.01,16.68,Corallivore
2019,Apo Reef,Mabuti,,1,25,Melichthys,vidua,Melichthys vidua,1,14,646,Balistidae,0.0058,3.554,68.67,Omnivore
2019,Apo Reef,Mabuti,,1,25,Epibulus,insidiator,Epibulus insidiator,1,11,446,Labridae,0.0138,3.01,18.81,Benthic Invertivore
2019,Apo Reef,Mabuti,,1,25,Scarus,globiceps,Scarus globiceps,1,15,952,Scaridae,0.0155,3,52.31,Herbivore
2019,Apo Reef,Mabuti,,1,25,Acanthurus,pyroferus,Acanthurus pyroferus,1,12,30,Acanthuridae,0.00179,3,3.09,Herbivore
2019,Apo Reef,Mabuti,,1,25,Acanthurus,pyroferus,Acanthurus pyroferus,2,11,30,Acanthuridae,0.00179,3,4.76,Herbivore
2019,Apo Reef,Mabuti,,1,25,Naso,vlamingii,Naso vlamingii,2,20,675,Acanthuridae,0.0497,2.839,490.92,Herbivore
2019,Apo Reef,Mabuti,,1,25,Naso,lituratus,Naso lituratus,2,14,668,Acanthuridae,0.0497,2.839,178.34,Herbivore
2019,Apo Reef,Mabuti,,1,25,Zebrasoma,scopas,Zebrasoma scopas,2,10,1090,Acanthuridae,0.04,2.867,58.9,Herbivore
2019,Apo Reef,Mabuti,,1,25,Zebrasoma,scopas,Zebrasoma scopas,1,9,1090,Acanthuridae,0.04,2.867,21.77,Herbivore
2019,Apo Reef,Mabuti,,1,25,Siganus,puellus,Siganus puellus,2,18,1001,Siganidae,0.01761,3.028,222.72,Benthic Invertivore
2019,Apo Reef,Mabuti,,1,25,Acanthurus,thompsoni,Acanthurus thompsoni,20,10,32,Acanthuridae,0.01533,3,306.6,Planktivore
2019,Apo Reef,Mabuti,,1,25,Arothron,nigropunctatus,Arothron nigropunctatus,1,14,137,Tetraodontidae,0.02655,3,72.85,Corallivore
2019,Apo Reef,Mabuti,,1,25,Heniochus,varius,Heniochus varius,1,10,557,Chaetodontidae,0.02502,3,25.02,Corallivore
2019,Apo Reef,Mabuti,,1,25,Zebrasoma,veliferum,Zebrasoma veliferum,4,12,1092,Acanthuridae,0.03425,2.866,169.69,Herbivore
2019,Apo Reef,Mabuti,,1,25,Pseudocheilinus,evanidus,Pseudocheilinus evanidus,2,5,879,Labridae,0.00488,3.51,2.77,Benthic Invertivore
2019,Apo Reef,Mabuti,,2,5,Siganus,vulpinus,Siganus vulpinus,2,12,1009,Siganidae,0.0287,3,99.19,Herbivore
2019,Apo Reef,Mabuti,,2,5,Naso,lituratus,Naso lituratus,1,14,668,Acanthuridae,0.0497,2.839,89.17,Herbivore
2019,Apo Reef,Mabuti,,2,5,Naso,lituratus,Naso lituratus,1,18,668,Acanthuridae,0.0497,2.839,182,Herbivore
2019,Apo Reef,Mabuti,,2,5,Odonus,niger,Odonus niger,100,15,699,Balistidae,0.0119,3,4016.25,Benthic Invertivore
2019,Apo Reef,Mabuti,,2,5,Chaetodon,lunulatus,Chaetodon lunulatus,1,9,244,Chaetodontidae,0.02239,3.01,16.68,Corallivore
2019,Apo Reef,Mabuti,,2,5,Melichthys,vidua,Melichthys vidua,1,13,646,Balistidae,0.0058,3.554,52.77,Omnivore
2019,Apo Reef,Mabuti,,2,5,Scarus,globiceps,Scarus globiceps,1,25,952,Scaridae,0.0155,3,242.19,Herbivore
2019,Apo Reef,Mabuti,,2,5,Acanthurus,pyroferus,Acanthurus pyroferus,1,11,30,Acanthuridae,0.00179,3,2.38,Herbivore
2019,Apo Reef,Mabuti,,2,5,Balistapus,undulatus,Balistapus undulatus,1,11,153,Balistidae,0.0058,3.554,29.14,Omnivore
2019,Apo Reef,Mabuti,,2,5,Ctenochaetus,striatus,Ctenochaetus striatus,2,9,399,Acanthuridae,0.0137,3.083,23.97,Detritivore
2019,Apo Reef,Mabuti,,2,5,Zebrasoma,scopas,Zebrasoma scopas,1,8,1090,Acanthuridae,0.04,2.867,15.53,Herbivore
2019,Apo Reef,Mabuti,,2,5,Novaculichthys,taeniourus,Novaculichthys taeniourus,2,12,698,Labridae,0.01445,2.94,43.02,Benthic Invertivore
2019,Apo Reef,Mabuti,,2,5,Naso,lituratus,Naso lituratus,2,14,668,Acanthuridae,0.0497,2.839,178.34,Herbivore
2019,Apo Reef,Mabuti,,2,5,Acanthurus,pyroferus,Acanthurus pyroferus,1,11,30,Acanthuridae,0.00179,3,2.38,Herbivore
2019,Apo Reef,Mabuti,,2,5,Acanthurus,pyroferus,Acanthurus pyroferus,2,12,30,Acanthuridae,0.00179,3,6.19,Herbivore
2019,Apo Reef,Mabuti,,2,5,Heniochus,monoceros,Heniochus monoceros,1,15,552,Chaetodontidae,0.022,3.125,104.16,Benthic Invertivore
2019,Apo Reef,Mabuti,,2,5,Zanclus,cornutus,Zanclus cornutus,1,9,1088,Zanclidae,0.0147,3.37,24.16,Omnivore
2019,Apo Reef,Mabuti,,2,5,Melichthys,vidua,Melichthys vidua,2,12,646,Balistidae,0.0058,3.554,79.41,Omnivore
2019,Apo Reef,Mabuti,,2,5,Parupeneus,multifasciatus,Parupeneus multifasciatus,1,11,748,Mullidae,0.01047,3.15,19.97,Benthic Invertivore
2019,Apo Reef,Mabuti,,2,5,Zebrasoma,scopas,Zebrasoma scopas,2,8,1090,Acanthuridae,0.04,2.867,31.06,Herbivore
2019,Apo Reef,Mabuti,,2,10,Acanthurus,pyroferus,Acanthurus pyroferus,1,12,30,Acanthuridae,0.00179,3,3.09,Herbivore
2019,Apo Reef,Mabuti,,2,10,Acanthurus,pyroferus,Acanthurus pyroferus,2,10,30,Acanthuridae,0.00179,3,3.58,Herbivore
2019,Apo Reef,Mabuti,,2,10,Melichthys,vidua,Melichthys vidua,2,14,646,Balistidae,0.0058,3.554,137.34,Omnivore
2019,Apo Reef,Mabuti,,2,10,Parupeneus,multifasciatus,Parupeneus multifasciatus,1,10,748,Mullidae,0.01047,3.15,14.79,Benthic Invertivore
2019,Apo Reef,Mabuti,,2,10,Ctenochaetus,striatus,Ctenochaetus striatus,10,9,399,Acanthuridae,0.0137,3.083,119.85,Detritivore
2019,Apo Reef,Mabuti,,2,10,Ctenochaetus,striatus,Ctenochaetus striatus,5,8,399,Acanthuridae,0.0137,3.083,41.68,Detritivore
2019,Apo Reef,Mabuti,,2,10,Chromis,margaritifer,Chromis margaritifer,10,3,319,Pomacentridae,0.0182,3,4.91,Herbivore
2019,Apo Reef,Mabuti,,2,10,Cheilinus,fasciatus,Cheilinus fasciatus,1,15,270,Labridae,0.01487,3,50.19,Benthic Invertivore
2019,Apo Reef,Mabuti,,2,10,Arothron,nigropunctatus,Arothron nigropunctatus,1,12,137,Tetraodontidae,0.02655,3,45.88,Corallivore
2019,Apo Reef,Mabuti,,2,10,Myripristis,murdjan,Myripristis murdjan,2,10,661,Holocentridae,0.0193,3.034,41.74,Benthic Invertivore
2019,Apo Reef,Mabuti,,2,10,Balistapus,undulatus,Balistapus undulatus,1,13,153,Balistidae,0.0058,3.554,52.77,Omnivore
2019,Apo Reef,Mabuti,,2,10,Hemigymnus,fasciatus,Hemigymnus fasciatus,1,12,544,Labridae,0.01713,3,29.6,Benthic Invertivore
2019,Apo Reef,Mabuti,,2,15,Monotaxis,heterodon,Monotaxis heterodon,1,13,650,no record,no record,no record,#VALUE!,no record
2019,Apo Reef,Mabuti,,2,15,Forcipiger,longirostris,Forcipiger longirostris,2,9,482,Chaetodontidae,0.01384,3,20.18,Benthic Invertivore
2019,Apo Reef,Mabuti,,2,15,Chaetodon,lunulatus,Chaetodon lunulatus,2,9,244,Chaetodontidae,0.02239,3.01,33.37,Corallivore
2019,Apo Reef,Mabuti,,2,15,Amblyglyphidodon,leucogaster,Amblyglyphidodon leucogaster,1,8,57,Pomacentridae,0.0195,2.97,9.38,Planktivore
2019,Apo Reef,Mabuti,,2,15,Odonus,niger,Odonus niger,100,14,699,Balistidae,0.0119,3,3265.36,Benthic Invertivore
2019,Apo Reef,Mabuti,,2,15,Myripristis,murdjan,Myripristis murdjan,3,10,661,Holocentridae,0.0193,3.034,62.62,Benthic Invertivore
2019,Apo Reef,Mabuti,,2,15,Sargocentron,caudimaculatum,Sargocentron caudimaculatum,3,11,932,Holocentridae,0.01514,2.98,57.62,Benthic Invertivore
2019,Apo Reef,Mabuti,,2,15,Naso,lituratus,Naso lituratus,1,18,668,Acanthuridae,0.0497,2.839,182,Herbivore
2019,Apo Reef,Mabuti,,2,15,Ctenochaetus,striatus,Ctenochaetus striatus,1,11,399,Acanthuridae,0.0137,3.083,22.25,Detritivore
2019,Apo Reef,Mabuti,,2,15,Acanthurus,japonicus,Acanthurus japonicus,1,7,20,Acanthuridae,0.02188,2.97,7.08,Herbivore
2019,Apo Reef,Mabuti,,2,15,Acanthurus,japonicus,Acanthurus japonicus,1,9,20,Acanthuridae,0.02188,2.97,14.93,Herbivore
2019,Apo Reef,Mabuti,,2,20,Acanthurus,japonicus,Acanthurus japonicus,2,9,20,Acanthuridae,0.02188,2.97,29.87,Herbivore
2019,Apo Reef,Mabuti,,2,20,Acanthurus,pyroferus,Acanthurus pyroferus,2,12,30,Acanthuridae,0.00179,3,6.19,Herbivore
2019,Apo Reef,Mabuti,,2,20,Chaetodon,lunulatus,Chaetodon lunulatus,2,9,244,Chaetodontidae,0.02239,3.01,33.37,Corallivore
2019,Apo Reef,Mabuti,,2,20,Caesio,caerulaurea,Caesio caerulaurea,20,16,171,Caesionidae,0.01996,2.991,1594.83,Planktivore
2019,Apo Reef,Mabuti,,2,20,Cetoscarus,bicolor,Cetoscarus bicolor,1,16,230,Scaridae,0.01567,3,64.18,Herbivore
2019,Apo Reef,Mabuti,,2,20,Chlorurus,bleekeri,Chlorurus bleekeri,1,18,288,Scaridae,0.01995,3.01,119.76,Herbivore
2019,Apo Reef,Mabuti,,2,20,Melichthys,vidua,Melichthys vidua,1,14,646,Balistidae,0.0058,3.554,68.67,Omnivore
2019,Apo Reef,Mabuti,,2,20,Monotaxis,heterodon,Monotaxis heterodon,2,13,650,no record,no record,no record,#VALUE!,no record
2019,Apo Reef,Mabuti,,2,20,Heniochus,varius,Heniochus varius,1,9,557,Chaetodontidae,0.02502,3,18.24,Corallivore
2019,Apo Reef,Mabuti,,2,20,Lutjanus,decussatus,Lutjanus decussatus,1,15,613,Lutjanidae,0.01413,2.98,45.17,Piscivore
2019,Apo Reef,Mabuti,,2,25,Siganus,vulpinus,Siganus vulpinus,6,12,1009,Siganidae,0.0287,3,297.56,Herbivore
2019,Apo Reef,Mabuti,,2,25,Naso,lituratus,Naso lituratus,1,16,668,Acanthuridae,0.0497,2.839,130.27,Herbivore
2019,Apo Reef,Mabuti,,2,25,Naso,lituratus,Naso lituratus,1,14,668,Acanthuridae,0.0497,2.839,89.17,Herbivore
2019,Apo Reef,Mabuti,,2,25,Melichthys,vidua,Melichthys vidua,1,15,646,Balistidae,0.0058,3.554,87.75,Omnivore
2019,Apo Reef,Mabuti,,2,25,Zebrasoma,scopas,Zebrasoma scopas,1,13,1090,Acanthuridae,0.04,2.867,62.48,Herbivore
2019,Apo Reef,Mabuti,,2,25,Balistapus,undulatus,Balistapus undulatus,1,13,153,Balistidae,0.0058,3.554,52.77,Omnivore
2019,Apo Reef,Mabuti,,2,25,Ctenochaetus,striatus,Ctenochaetus striatus,1,11,399,Acanthuridae,0.0137,3.083,22.25,Detritivore
2019,Apo Reef,Mabuti,,2,25,Ctenochaetus,striatus,Ctenochaetus striatus,1,9,399,Acanthuridae,0.0137,3.083,11.99,Detritivore
2019,Apo Reef,Mabuti,,2,25,Ctenochaetus,striatus,Ctenochaetus striatus,1,8,399,Acanthuridae,0.0137,3.083,8.34,Detritivore
2019,Apo Reef,Mabuti,,2,25,Oxycheilinus,unifasciatus,Oxycheilinus unifasciatus,1,10,718,Labridae,0.01687,3,16.87,Benthic Invertivore
2019,Apo Reef,Mabuti,,2,25,Acanthurus,pyroferus,Acanthurus pyroferus,1,11,30,Acanthuridae,0.00179,3,2.38,Herbivore
2019,Apo Reef,Mabuti,,3,5,Amblyglyphidodon,leucogaster,Amblyglyphidodon leucogaster,2,9,57,Pomacentridae,0.0195,2.97,26.62,Planktivore
2019,Apo Reef,Mabuti,,3,5,Aulostomus,chinensis,Aulostomus chinensis,1,20,148,Aulostomidae,0.001,3.793,86.06,Benthic Invertivore
2019,Apo Reef,Mabuti,,3,5,Ctenochaetus,striatus,Ctenochaetus striatus,2,9,399,Acanthuridae,0.0137,3.083,23.97,Detritivore
2019,Apo Reef,Mabuti,,3,5,Myripristis,murdjan,Myripristis murdjan,7,11,661,Holocentridae,0.0193,3.034,195.09,Benthic Invertivore
2019,Apo Reef,Mabuti,,3,5,Balistapus,undulatus,Balistapus undulatus,1,12,153,Balistidae,0.0058,3.554,39.7,Omnivore
2019,Apo Reef,Mabuti,,3,5,Zebrasoma,scopas,Zebrasoma scopas,2,8,1090,Acanthuridae,0.04,2.867,31.06,Herbivore
2019,Apo Reef,Mabuti,,3,5,Scarus,niger,Scarus niger,1,14,956,Scaridae,0.0316,3.09,109.96,Herbivore
2019,Apo Reef,Mabuti,,3,5,Arothron,nigropunctatus,Arothron nigropunctatus,1,13,137,Tetraodontidae,0.02655,3,58.33,Corallivore
2019,Apo Reef,Mabuti,,3,5,Cephalopholis,urodeta,Cephalopholis urodeta,1,10,229,Serranidae,0.02822,2.818,18.56,Piscivore
2019,Apo Reef,Mabuti,,3,5,Neoniphon,sammara,Neoniphon sammara,2,11,689,Holocentridae,0.02762,2.888,56.21,Benthic Invertivore
2019,Apo Reef,Mabuti,,3,5,Myripristis,murdjan,Myripristis murdjan,10,12,661,Holocentridae,0.0193,3.034,362.91,Benthic Invertivore
2019,Apo Reef,Mabuti,,3,5,Odonus,niger,Odonus niger,50,15,699,Balistidae,0.0119,3,2008.13,Benthic Invertivore
2019,Apo Reef,Mabuti,,3,5,Ctenochaetus,striatus,Ctenochaetus striatus,1,11,399,Acanthuridae,0.0137,3.083,22.25,Detritivore
2019,Apo Reef,Mabuti,,3,5,Ctenochaetus,striatus,Ctenochaetus striatus,2,9,399,Acanthuridae,0.0137,3.083,23.97,Detritivore
2019,Apo Reef,Mabuti,,3,5,Balistapus,undulatus,Balistapus undulatus,1,11,153,Balistidae,0.0058,3.554,29.14,Omnivore
2019,Apo Reef,Mabuti,,3,5,Amblyglyphidodon,leucogaster,Amblyglyphidodon leucogaster,4,8,57,Pomacentridae,0.0195,2.97,37.52,Planktivore
2019,Apo Reef,Mabuti,,3,5,Acanthurus,thompsoni,Acanthurus thompsoni,3,10,32,Acanthuridae,0.01533,3,45.99,Planktivore
2019,Apo Reef,Mabuti,,3,10,Monotaxis,heterodon,Monotaxis heterodon,2,14,650,no record,no record,no record,#VALUE!,no record
2019,Apo Reef,Mabuti,,3,10,Gnathodentex,aureolineatus,Gnathodentex aureolineatus,100,13,490,Lethrinidae,0.01479,3.03,3509.27,Benthic Invertivore
2019,Apo Reef,Mabuti,,3,10,Caranx,melampygus,Caranx melampygus,2,40,204,Carangidae,0.0244,2.98,2901.07,Piscivore
2019,Apo Reef,Mabuti,,3,10,Myripristis,murdjan,Myripristis murdjan,4,11,661,Holocentridae,0.0193,3.034,111.48,Benthic Invertivore
2019,Apo Reef,Mabuti,,3,10,Cephalopholis,argus,Cephalopholis argus,1,13,219,Serranidae,0.00678,3.274,30.08,Piscivore
2019,Apo Reef,Mabuti,,3,10,Naso,lituratus,Naso lituratus,1,15,668,Acanthuridae,0.0497,2.839,108.46,Herbivore
2019,Apo Reef,Mabuti,,3,10,Caesio,caerulaurea,Caesio caerulaurea,30,15,171,Caesionidae,0.01996,2.991,1972.29,Planktivore
2019,Apo Reef,Mabuti,,3,10,Caesio,lunaris,Caesio lunaris,20,18,173,Caesionidae,0.01072,3.08,1575.67,Planktivore
2019,Apo Reef,Mabuti,,3,10,Melichthys,vidua,Melichthys vidua,1,14,646,Balistidae,0.0058,3.554,68.67,Omnivore
2019,Apo Reef,Mabuti,,3,10,Zebrasoma,scopas,Zebrasoma scopas,1,8,1090,Acanthuridae,0.04,2.867,15.53,Herbivore
2019,Apo Reef,Mabuti,,3,10,Scarus,schlegeli,Scarus schlegeli,1,10,965,Scaridae,0.0309,2.87,22.91,Herbivore
2019,Apo Reef,Mabuti,,3,10,Sargocentron,caudimaculatum,Sargocentron caudimaculatum,1,12,932,Holocentridae,0.01514,2.98,24.89,Benthic Invertivore
2019,Apo Reef,Mabuti,,3,10,Chlorurus,bleekeri,Chlorurus bleekeri,1,20,288,Scaridae,0.01995,3.01,164.45,Herbivore
2019,Apo Reef,Mabuti,,3,15,Myripristis,murdjan,Myripristis murdjan,6,11,661,Holocentridae,0.0193,3.034,167.22,Benthic Invertivore
2019,Apo Reef,Mabuti,,3,15,Ctenochaetus,striatus,Ctenochaetus striatus,2,9,399,Acanthuridae,0.0137,3.083,23.97,Detritivore
2019,Apo Reef,Mabuti,,3,15,Sargocentron,caudimaculatum,Sargocentron caudimaculatum,2,12,932,Holocentridae,0.01514,2.98,49.79,Benthic Invertivore
2019,Apo Reef,Mabuti,,3,15,Amblyglyphidodon,leucogaster,Amblyglyphidodon leucogaster,1,9,57,Pomacentridae,0.0195,2.97,13.31,Planktivore
2019,Apo Reef,Mabuti,,3,15,Chaetodon,rafflesi,Chaetodon rafflesi,2,9,254,Chaetodontidae,0.02239,3.01,33.37,Corallivore
2019,Apo Reef,Mabuti,,3,15,Acanthurus,pyroferus,Acanthurus pyroferus,1,12,30,Acanthuridae,0.00179,3,3.09,Herbivore
2019,Apo Reef,Mabuti,,3,15,Naso,lituratus,Naso lituratus,1,14,668,Acanthuridae,0.0497,2.839,89.17,Herbivore
2019,Apo Reef,Mabuti,,3,15,Zebrasoma,scopas,Zebrasoma scopas,2,9,1090,Acanthuridae,0.04,2.867,43.54,Herbivore
2019,Apo Reef,Mabuti,,3,15,Parupeneus,bifasciatus,Parupeneus bifasciatus,1,13,742,Mullidae,0.00741,3.2,27.19,Benthic Invertivore
2019,Apo Reef,Mabuti,,3,15,Acanthochromis,polyacanthus,Acanthochromis polyacanthus,5,7,12,Pomacentridae,0.02188,3.01,38.26,Planktivore
2019,Apo Reef,Mabuti,,3,15,Plectroglyphidodon,lacrymatus,Plectroglyphidodon lacrymatus,2,7,795,Pomacentridae,0.02138,2.99,14.38,Herbivore
2019,Apo Reef,Mabuti,,3,20,Gnathodentex,aureolineatus,Gnathodentex aureolineatus,100,14,490,Lethrinidae,0.01479,3.03,4392.75,Benthic Invertivore
2019,Apo Reef,Mabuti,,3,20,Chromis,ternatensis,Chromis ternatensis,50,7,328,Pomacentridae,0.043,2.889,594.19,Planktivore
2019,Apo Reef,Mabuti,,3,20,Melichthys,vidua,Melichthys vidua,1,15,646,Balistidae,0.0058,3.554,87.75,Omnivore
2019,Apo Reef,Mabuti,,3,20,Ctenochaetus,striatus,Ctenochaetus striatus,2,9,399,Acanthuridae,0.0137,3.083,23.97,Detritivore
2019,Apo Reef,Mabuti,,3,20,Ctenochaetus,striatus,Ctenochaetus striatus,2,11,399,Acanthuridae,0.0137,3.083,44.5,Detritivore
2019,Apo Reef,Mabuti,,3,20,Cephalopholis,urodeta,Cephalopholis urodeta,1,9,229,Serranidae,0.02822,2.818,13.79,Piscivore
2019,Apo Reef,Mabuti,,3,20,Pygoplites,diacanthus,Pygoplites diacanthus,1,13,918,Pomacanthidae,0.00514,3,11.29,Benthic Invertivore
2019,Apo Reef,Mabuti,,3,20,Siganus,vulpinus,Siganus vulpinus,2,13,1009,Siganidae,0.0287,3,126.11,Herbivore
2019,Apo Reef,Mabuti,,3,20,Arothron,nigropunctatus,Arothron nigropunctatus,1,12,137,Tetraodontidae,0.02655,3,45.88,Corallivore
2019,Apo Reef,Mabuti,,3,20,Hemigymnus,fasciatus,Hemigymnus fasciatus,1,9,544,Labridae,0.01713,3,12.49,Benthic Invertivore
2019,Apo Reef,Mabuti,,3,20,Acanthurus,japonicus,Acanthurus japonicus,1,9,20,Acanthuridae,0.02188,2.97,14.93,Herbivore
2019,Apo Reef,Mabuti,,3,20,Forcipiger,longirostris,Forcipiger longirostris,1,8,482,Chaetodontidae,0.01384,3,7.09,Benthic Invertivore
2019,Apo Reef,Mabuti,,3,20,Naso,lituratus,Naso lituratus,1,16,668,Acanthuridae,0.0497,2.839,130.27,Herbivore
2019,Apo Reef,Mabuti,,3,20,Aphareus,furca,Aphareus furca,1,25,88,Lutjanidae,0.01048,3,163.75,Piscivore
2019,Apo Reef,Mabuti,,3,20,Hemitaurichthys,polylepis,Hemitaurichthys polylepis,5,9,547,Chaetodontidae,0.02649,3,96.56,Planktivore
2019,Apo Reef,Mabuti,,3,20,Acanthurus,pyroferus,Acanthurus pyroferus,1,12,30,Acanthuridae,0.00179,3,3.09,Herbivore
2019,Apo Reef,Mabuti,,3,25,Chaetodon,ornatissimus,Chaetodon ornatissimus,1,10,250,Chaetodontidae,0.02239,3.01,22.91,Corallivore
2019,Apo Reef,Mabuti,,3,25,Chaetodon,kleinii,Chaetodon kleinii,2,8,241,Chaetodontidae,0.0448,2.828,32.08,Herbivore
2019,Apo Reef,Mabuti,,3,25,Parupeneus,bifasciatus,Parupeneus bifasciatus,1,12,742,Mullidae,0.00741,3.2,21.05,Benthic Invertivore
2019,Apo Reef,Mabuti,,3,25,Cheilinus,fasciatus,Cheilinus fasciatus,1,11,270,Labridae,0.01487,3,19.79,Benthic Invertivore
2019,Apo Reef,Mabuti,,3,25,Amblyglyphidodon,leucogaster,Amblyglyphidodon leucogaster,1,9,57,Pomacentridae,0.0195,2.97,13.31,Planktivore
2019,Apo Reef,Mabuti,,3,25,Melichthys,vidua,Melichthys vidua,1,12,646,Balistidae,0.0058,3.554,39.7,Omnivore
2019,Apo Reef,Mabuti,,3,25,Zebrasoma,scopas,Zebrasoma scopas,3,9,1090,Acanthuridae,0.04,2.867,65.31,Herbivore
2019,Apo Reef,Mabuti,,3,25,Zebrasoma,scopas,Zebrasoma scopas,2,10,1090,Acanthuridae,0.04,2.867,58.9,Herbivore
2019,Apo Reef,Mabuti,,3,25,Plectroglyphidodon,lacrymatus,Plectroglyphidodon lacrymatus,1,8,795,Pomacentridae,0.02138,2.99,10.72,Herbivore
2019,Apo Reef,Mabuti,,3,25,Ctenochaetus,striatus,Ctenochaetus striatus,1,11,399,Acanthuridae,0.0137,3.083,22.25,Detritivore
2019,Apo Reef,Mabuti,,3,25,Naso,lituratus,Naso lituratus,1,16,668,Acanthuridae,0.0497,2.839,130.27,Herbivore
2019,Apo Reef,Mabuti,,3,25,Bodianus,mesothorax,Bodianus mesothorax,1,11,167,Labridae,0.0123,3.04,18.02,Benthic Invertivore
2019,Apo Reef,Mabuti,,3,25,Epibulus,insidiator,Epibulus insidiator,1,12,446,Labridae,0.0138,3.01,24.45,Benthic Invertivore
2019,Apo Reef,Mabuti,,3,25,Myripristis,murdjan,Myripristis murdjan,2,10,661,Holocentridae,0.0193,3.034,41.74,Benthic Invertivore
2019,Apo Reef,Mabuti,,3,25,Cephalopholis,urodeta,Cephalopholis urodeta,1,12,229,Serranidae,0.02822,2.818,31.02,Piscivore
2019,Apo Reef,Mabuti,,3,25,Acanthurus,japonicus,Acanthurus japonicus,1,10,20,Acanthuridae,0.02188,2.97,20.42,Herbivore
2019,Apo Reef,Shark Airport,,1,5,Acanthurus,japonicus,Acanthurus japonicus,2,11,20,Acanthuridae,0.02188,2.97,54.2,Herbivore
2019,Apo Reef,Shark Airport,,1,5,Acanthurus,japonicus,Acanthurus japonicus,1,9,20,Acanthuridae,0.02188,2.97,14.93,Herbivore
2019,Apo Reef,Shark Airport,,1,5,Acanthurus,japonicus,Acanthurus japonicus,3,10,20,Acanthuridae,0.02188,2.97,61.26,Herbivore
2019,Apo Reef,Shark Airport,,1,5,Acanthurus,pyroferus,Acanthurus pyroferus,1,12,30,Acanthuridae,0.00179,3,3.09,Herbivore
2019,Apo Reef,Shark Airport,,1,5,Acanthurus,pyroferus,Acanthurus pyroferus,3,11,30,Acanthuridae,0.00179,3,7.15,Herbivore
2019,Apo Reef,Shark Airport,,1,5,Ctenochaetus,striatus,Ctenochaetus striatus,5,11,399,Acanthuridae,0.0137,3.083,111.25,Detritivore
2019,Apo Reef,Shark Airport,,1,5,Ctenochaetus,striatus,Ctenochaetus striatus,15,10,399,Acanthuridae,0.0137,3.083,248.78,Detritivore
2019,Apo Reef,Shark Airport,,1,5,Pygoplites,diacanthus,Pygoplites diacanthus,1,10,918,Pomacanthidae,0.00514,3,5.14,Benthic Invertivore
2019,Apo Reef,Shark Airport,,1,5,Naso,vlamingii,Naso vlamingii,1,18,675,Acanthuridae,0.0497,2.839,182,Herbivore
2019,Apo Reef,Shark Airport,,1,5,Scarus,psittacus,Scarus psittacus,1,14,960,Scaridae,0.0258,2.903,54.81,Herbivore
2019,Apo Reef,Shark Airport,,1,5,Balistapus,undulatus,Balistapus undulatus,1,9,153,Balistidae,0.0058,3.554,14.28,Omnivore
2019,Apo Reef,Shark Airport,,1,5,Scolopsis,bilineata,Scolopsis bilineata,1,10,971,Nemipteridae,0.01318,3.05,14.79,Benthic Invertivore
2019,Apo Reef,Shark Airport,,1,5,Pomacentrus,vaiuli,Pomacentrus vaiuli,1,5,847,Pomacentridae,0.0619,2.628,4.25,Herbivore
2019,Apo Reef,Shark Airport,,1,5,Siganus,vulpinus,Siganus vulpinus,1,12,1009,Siganidae,0.0287,3,49.59,Herbivore
2019,Apo Reef,Shark Airport,,1,5,Cephalopholis,urodeta,Cephalopholis urodeta,1,8,229,Serranidae,0.02822,2.818,9.9,Piscivore
2019,Apo Reef,Shark Airport,,1,5,Bodianus,diana,Bodianus diana,1,9,164,Labridae,0.0123,3.04,9.79,Benthic Invertivore
2019,Apo Reef,Shark Airport,,1,5,Cephalopholis,argus,Cephalopholis argus,1,14,219,Serranidae,0.00678,3.274,38.34,Piscivore
2019,Apo Reef,Shark Airport,,1,5,Acanthurus,pyroferus,Acanthurus pyroferus,1,11,30,Acanthuridae,0.00179,3,2.38,Herbivore
2019,Apo Reef,Shark Airport,,1,5,Acanthurus,japonicus,Acanthurus japonicus,1,10,20,Acanthuridae,0.02188,2.97,20.42,Herbivore
2019,Apo Reef,Shark Airport,,1,5,Acanthurus,japonicus,Acanthurus japonicus,2,9,20,Acanthuridae,0.02188,2.97,29.87,Herbivore
2019,Apo Reef,Shark Airport,,1,5,Ctenochaetus,striatus,Ctenochaetus striatus,1,12,399,Acanthuridae,0.0137,3.083,29.1,Detritivore
2019,Apo Reef,Shark Airport,,1,5,Ctenochaetus,striatus,Ctenochaetus striatus,12,10,399,Acanthuridae,0.0137,3.083,199.02,Detritivore
2019,Apo Reef,Shark Airport,,1,5,Ctenochaetus,striatus,Ctenochaetus striatus,3,9,399,Acanthuridae,0.0137,3.083,35.96,Detritivore
2019,Apo Reef,Shark Airport,,1,5,Plectropomus,oligacanthus,Plectropomus oligacanthus,1,25,804,Serranidae,0.0132,3,206.25,Piscivore
2019,Apo Reef,Shark Airport,,1,5,Chlorurus,bleekeri,Chlorurus bleekeri,1,18,288,Scaridae,0.01995,3.01,119.76,Herbivore
2019,Apo Reef,Shark Airport,,1,5,Parupeneus,multifasciatus,Parupeneus multifasciatus,1,11,748,Mullidae,0.01047,3.15,19.97,Benthic Invertivore
2019,Apo Reef,Shark Airport,,1,5,Oxycheilinus,unifasciatus,Oxycheilinus unifasciatus,1,9,718,Labridae,0.01687,3,12.3,Benthic Invertivore
2019,Apo Reef,Shark Airport,,1,5,Pomacentrus,vaiuli,Pomacentrus vaiuli,1,5,847,Pomacentridae,0.0619,2.628,4.25,Herbivore
2019,Apo Reef,Shark Airport,,1,5,Ctenochaetus,binotatus,Ctenochaetus binotatus,1,9,395,Acanthuridae,0.081,2.59,23.99,Detritivore
2019,Apo Reef,Shark Airport,,1,5,Acanthochromis,polyacanthus,Acanthochromis polyacanthus,50,8,12,Pomacentridae,0.02188,3.01,571.9,Planktivore
2019,Apo Reef,Shark Airport,,1,5,Melichthys,vidua,Melichthys vidua,1,14,646,Balistidae,0.0058,3.554,68.67,Omnivore
2019,Apo Reef,Shark Airport,,1,5,Chromis,xanthura,Chromis xanthura,2,9,333,Pomacentridae,0.009,2.773,7.97,Planktivore
2019,Apo Reef,Shark Airport,,1,5,Synodus,variegatus,Synodus variegatus,1,14,1053,Synodontidae,0.00262,3.431,22.42,Piscivore
2019,Apo Reef,Shark Airport,,1,5,Labrichthys,unilineatus,Labrichthys unilineatus,2,8,581,Labridae,0.01503,3,15.39,Benthic Invertivore
2019,Apo Reef,Shark Airport,,1,5,Oxycheilinus,unifasciatus,Oxycheilinus unifasciatus,1,12,718,Labridae,0.01687,3,29.15,Benthic Invertivore
2019,Apo Reef,Shark Airport,,1,10,Acanthurus,japonicus,Acanthurus japonicus,4,10,20,Acanthuridae,0.02188,2.97,81.68,Herbivore
2019,Apo Reef,Shark Airport,,1,10,Acanthurus,japonicus,Acanthurus japonicus,2,9,20,Acanthuridae,0.02188,2.97,29.87,Herbivore
2019,Apo Reef,Shark Airport,,1,10,Acanthurus,pyroferus,Acanthurus pyroferus,1,12,30,Acanthuridae,0.00179,3,3.09,Herbivore
2019,Apo Reef,Shark Airport,,1,10,Balistapus,undulatus,Balistapus undulatus,1,9,153,Balistidae,0.0058,3.554,14.28,Omnivore
2019,Apo Reef,Shark Airport,,1,10,Ctenochaetus,striatus,Ctenochaetus striatus,3,9,399,Acanthuridae,0.0137,3.083,35.96,Detritivore
2019,Apo Reef,Shark Airport,,1,10,Ctenochaetus,binotatus,Ctenochaetus binotatus,2,9,395,Acanthuridae,0.081,2.59,47.97,Detritivore
2019,Apo Reef,Shark Airport,,1,10,Cheilinus,fasciatus,Cheilinus fasciatus,1,9,270,Labridae,0.01487,3,10.84,Benthic Invertivore
2019,Apo Reef,Shark Airport,,1,10,Naso,lituratus,Naso lituratus,2,14,668,Acanthuridae,0.0497,2.839,178.34,Herbivore
2019,Apo Reef,Shark Airport,,1,10,Monotaxis,grandoculis,Monotaxis grandoculis,1,20,649,Lethrinidae,0.02042,2.98,153.86,Benthic Invertivore
2019,Apo Reef,Shark Airport,,1,15,Naso,vlamingii,Naso vlamingii,1,15,675,Acanthuridae,0.0497,2.839,108.46,Herbivore
2019,Apo Reef,Shark Airport,,1,15,Scarus,quoyi,Scarus quoyi,1,12,961,Scaridae,0.00389,3.12,9.06,Herbivore
2019,Apo Reef,Shark Airport,,1,15,Scarus,quoyi,Scarus quoyi,1,11,961,Scaridae,0.00389,3.12,6.9,Herbivore
2019,Apo Reef,Shark Airport,,1,15,Acanthurus,japonicus,Acanthurus japonicus,4,10,20,Acanthuridae,0.02188,2.97,81.68,Herbivore
2019,Apo Reef,Shark Airport,,1,15,Acanthurus,japonicus,Acanthurus japonicus,2,9,20,Acanthuridae,0.02188,2.97,29.87,Herbivore
2019,Apo Reef,Shark Airport,,1,15,Ctenochaetus,striatus,Ctenochaetus striatus,3,12,399,Acanthuridae,0.0137,3.083,87.29,Detritivore
2019,Apo Reef,Shark Airport,,1,15,Ctenochaetus,striatus,Ctenochaetus striatus,3,9,399,Acanthuridae,0.0137,3.083,35.96,Detritivore
2019,Apo Reef,Shark Airport,,1,15,Synodus,variegatus,Synodus variegatus,1,12,1053,Synodontidae,0.00262,3.431,13.21,Piscivore
2019,Apo Reef,Shark Airport,,1,15,Acanthochromis,polyacanthus,Acanthochromis polyacanthus,10,7,12,Pomacentridae,0.02188,3.01,76.52,Planktivore
2019,Apo Reef,Shark Airport,,1,15,Pomacentrus,philippinus,Pomacentrus philippinus,1,6,837,Pomacentridae,0.0508,2.707,6.49,Herbivore
2019,Apo Reef,Shark Airport,,1,15,Forcipiger,longirostris,Forcipiger longirostris,1,9,482,Chaetodontidae,0.01384,3,10.09,Benthic Invertivore
2019,Apo Reef,Shark Airport,,1,15,Scarus,schlegeli,Scarus schlegeli,1,15,965,Scaridae,0.0309,2.87,73.34,Herbivore
2019,Apo Reef,Shark Airport,,1,20,Scarus,quoyi,Scarus quoyi,2,12,961,Scaridae,0.00389,3.12,18.11,Herbivore
2019,Apo Reef,Shark Airport,,1,20,Pygoplites,diacanthus,Pygoplites diacanthus,1,12,918,Pomacanthidae,0.00514,3,8.88,Benthic Invertivore
2019,Apo Reef,Shark Airport,,1,20,Chlorurus,bleekeri,Chlorurus bleekeri,1,16,288,Scaridae,0.01995,3.01,84.01,Herbivore
2019,Apo Reef,Shark Airport,,1,20,Ctenochaetus,striatus,Ctenochaetus striatus,2,12,399,Acanthuridae,0.0137,3.083,58.19,Detritivore
2019,Apo Reef,Shark Airport,,1,20,Ctenochaetus,striatus,Ctenochaetus striatus,2,9,399,Acanthuridae,0.0137,3.083,23.97,Detritivore
2019,Apo Reef,Shark Airport,,1,20,Melichthys,vidua,Melichthys vidua,1,12,646,Balistidae,0.0058,3.554,39.7,Omnivore
2019,Apo Reef,Shark Airport,,1,20,Forcipiger,longirostris,Forcipiger longirostris,2,9,482,Chaetodontidae,0.01384,3,20.18,Benthic Invertivore
2019,Apo Reef,Shark Airport,,1,20,Hemigymnus,melapterus,Hemigymnus melapterus,1,13,545,Labridae,0.0123,3.06,31.52,Benthic Invertivore
2019,Apo Reef,Shark Airport,,1,20,Gomphosus,varius,Gomphosus varius,1,8,496,Labridae,0.00676,2.96,3.18,Benthic Invertivore
2019,Apo Reef,Shark Airport,,1,20,Acanthurus,japonicus,Acanthurus japonicus,1,11,20,Acanthuridae,0.02188,2.97,27.1,Herbivore
2019,Apo Reef,Shark Airport,,1,20,Acanthurus,japonicus,Acanthurus japonicus,4,9,20,Acanthuridae,0.02188,2.97,59.73,Herbivore
2019,Apo Reef,Shark Airport,,1,20,Acanthurus,japonicus,Acanthurus japonicus,3,10,20,Acanthuridae,0.02188,2.97,61.26,Herbivore
2019,Apo Reef,Shark Airport,,1,20,Balistapus,undulatus,Balistapus undulatus,1,9,153,Balistidae,0.0058,3.554,14.28,Omnivore
2019,Apo Reef,Shark Airport,,1,20,Monotaxis,heterodon,Monotaxis heterodon,1,13,650,no record,no record,no record,#VALUE!,no record
2019,Apo Reef,Shark Airport,,1,20,Acanthurus,pyroferus,Acanthurus pyroferus,1,11,30,Acanthuridae,0.00179,3,2.38,Herbivore
2019,Apo Reef,Shark Airport,,1,20,Sufflamen,bursa,Sufflamen bursa,1,11,1040,Balistidae,0.02162,3,28.78,Benthic Invertivore
2019,Apo Reef,Shark Airport,,1,20,Bodianus,mesothorax,Bodianus mesothorax,1,9,167,Labridae,0.0123,3.04,9.79,Benthic Invertivore
2019,Apo Reef,Shark Airport,,1,20,Scolopsis,bilineata,Scolopsis bilineata,1,9,971,Nemipteridae,0.01318,3.05,10.72,Benthic Invertivore
2019,Apo Reef,Shark Airport,,1,20,Parupeneus,multifasciatus,Parupeneus multifasciatus,1,11,748,Mullidae,0.01047,3.15,19.97,Benthic Invertivore
2019,Apo Reef,Shark Airport,,1,20,Triaenodon,obesus,Triaenodon obesus,1,130,1070,Carcharhinidae,0.00145,3.382,20451.46,Piscivore
2019,Apo Reef,Shark Airport,,1,20,Chaetodon,ornatissimus,Chaetodon ornatissimus,2,9,250,Chaetodontidae,0.02239,3.01,33.37,Corallivore
2019,Apo Reef,Shark Airport,,1,20,Naso,vlamingii,Naso vlamingii,1,14,675,Acanthuridae,0.0497,2.839,89.17,Herbivore
2019,Apo Reef,Shark Airport,,1,20,Naso,annulatus,Naso annulatus,100,12,664,Acanthuridae,0.05103,2.715,4343.13,Herbivore
2019,Apo Reef,Shark Airport,,1,20,Bolbometopon,muricatum,Bolbometopon muricatum,5,35,169,Scaridae,0.01413,3.04,3492.04,Corallivore
2019,Apo Reef,Shark Airport,,1,20,Pomacentrus,vaiuli,Pomacentrus vaiuli,1,5,847,Pomacentridae,0.0619,2.628,4.25,Herbivore
2019,Apo Reef,Shark Airport,,1,25,Forcipiger,longirostris,Forcipiger longirostris,1,9,482,Chaetodontidae,0.01384,3,10.09,Benthic Invertivore
2019,Apo Reef,Shark Airport,,1,25,Acanthurus,pyroferus,Acanthurus pyroferus,4,11,30,Acanthuridae,0.00179,3,9.53,Herbivore
2019,Apo Reef,Shark Airport,,1,25,Gomphosus,varius,Gomphosus varius,1,9,496,Labridae,0.00676,2.96,4.51,Benthic Invertivore
2019,Apo Reef,Shark Airport,,1,25,Balistapus,undulatus,Balistapus undulatus,1,9,153,Balistidae,0.0058,3.554,14.28,Omnivore
2019,Apo Reef,Shark Airport,,1,25,Ctenochaetus,striatus,Ctenochaetus striatus,2,9,399,Acanthuridae,0.0137,3.083,23.97,Detritivore
2019,Apo Reef,Shark Airport,,1,25,Acanthurus,japonicus,Acanthurus japonicus,1,10,20,Acanthuridae,0.02188,2.97,20.42,Herbivore
2019,Apo Reef,Shark Airport,,1,25,Chlorurus,bleekeri,Chlorurus bleekeri,2,15,288,Scaridae,0.01995,3.01,138.36,Herbivore
2019,Apo Reef,Shark Airport,,1,25,Pterocaesio,tile,Pterocaesio tile,50,14,911,Caesionidae,0.01121,3,1538.01,Planktivore
2019,Apo Reef,Shark Airport,,1,25,Odonus,niger,Odonus niger,1,12,699,Balistidae,0.0119,3,20.56,Benthic Invertivore
2019,Apo Reef,Shark Airport,,2,5,Odonus,niger,Odonus niger,100,13,699,Balistidae,0.0119,3,2614.43,Benthic Invertivore
2019,Apo Reef,Shark Airport,,2,5,Melichthys,vidua,Melichthys vidua,2,15,646,Balistidae,0.0058,3.554,175.5,Omnivore
2019,Apo Reef,Shark Airport,,2,5,Acanthurus,pyroferus,Acanthurus pyroferus,2,12,30,Acanthuridae,0.00179,3,6.19,Herbivore
2019,Apo Reef,Shark Airport,,2,5,Acanthurus,pyroferus,Acanthurus pyroferus,1,11,30,Acanthuridae,0.00179,3,2.38,Herbivore
2019,Apo Reef,Shark Airport,,2,5,Scolopsis,bilineata,Scolopsis bilineata,1,9,971,Nemipteridae,0.01318,3.05,10.72,Benthic Invertivore
2019,Apo Reef,Shark Airport,,2,5,Zanclus,cornutus,Zanclus cornutus,1,9,1088,Zanclidae,0.0147,3.37,24.16,Omnivore
2019,Apo Reef,Shark Airport,,2,5,Chaetodon,kleinii,Chaetodon kleinii,1,8,241,Chaetodontidae,0.0448,2.828,16.04,Herbivore
2019,Apo Reef,Shark Airport,,2,5,Acanthurus,japonicus,Acanthurus japonicus,1,11,20,Acanthuridae,0.02188,2.97,27.1,Herbivore
2019,Apo Reef,Shark Airport,,2,5,Acanthurus,japonicus,Acanthurus japonicus,3,10,20,Acanthuridae,0.02188,2.97,61.26,Herbivore
2019,Apo Reef,Shark Airport,,2,5,Acanthurus,japonicus,Acanthurus japonicus,3,9,20,Acanthuridae,0.02188,2.97,44.8,Herbivore
2019,Apo Reef,Shark Airport,,2,5,Ctenochaetus,striatus,Ctenochaetus striatus,1,9,399,Acanthuridae,0.0137,3.083,11.99,Detritivore
2019,Apo Reef,Shark Airport,,2,5,Ctenochaetus,striatus,Ctenochaetus striatus,1,8,399,Acanthuridae,0.0137,3.083,8.34,Detritivore
2019,Apo Reef,Shark Airport,,2,5,Thalassoma,lunare,Thalassoma lunare,1,8,1061,Labridae,0.01072,2.96,5.05,Benthic Invertivore
2019,Apo Reef,Shark Airport,,2,5,Chlorurus,sordidus,Chlorurus sordidus,3,11,295,Scaridae,0.0319,2.927,106.92,Detritivore
2019,Apo Reef,Shark Airport,,2,5,Scarus,niger,Scarus niger,1,11,956,Scaridae,0.0316,3.09,52.19,Herbivore
2019,Apo Reef,Shark Airport,,2,5,Acanthurus,auranticavus,Acanthurus auranticavus,1,18,13,Acanthuridae,0.02188,2.97,117.01,Omnivore
2019,Apo Reef,Shark Airport,,2,5,Forcipiger,longirostris,Forcipiger longirostris,1,8,482,Chaetodontidae,0.01384,3,7.09,Benthic Invertivore
2019,Apo Reef,Shark Airport,,2,5,Acanthurus,pyroferus,Acanthurus pyroferus,1,11,30,Acanthuridae,0.00179,3,2.38,Herbivore
2019,Apo Reef,Shark Airport,,2,5,Ctenochaetus,striatus,Ctenochaetus striatus,3,12,399,Acanthuridae,0.0137,3.083,87.29,Detritivore
2019,Apo Reef,Shark Airport,,2,5,Naso,lituratus,Naso lituratus,1,14,668,Acanthuridae,0.0497,2.839,89.17,Herbivore
2019,Apo Reef,Shark Airport,,2,5,Balistapus,undulatus,Balistapus undulatus,1,12,153,Balistidae,0.0058,3.554,39.7,Omnivore
2019,Apo Reef,Shark Airport,,2,5,Ctenochaetus,binotatus,Ctenochaetus binotatus,3,8,395,Acanthuridae,0.081,2.59,53.04,Detritivore
2019,Apo Reef,Shark Airport,,2,5,Chromis,xanthura,Chromis xanthura,1,8,333,Pomacentridae,0.009,2.773,2.87,Planktivore
2019,Apo Reef,Shark Airport,,2,5,Chromis,margaritifer,Chromis margaritifer,10,3,319,Pomacentridae,0.0182,3,4.91,Herbivore
2019,Apo Reef,Shark Airport,,2,5,Pomacentrus,vaiuli,Pomacentrus vaiuli,2,5,847,Pomacentridae,0.0619,2.628,8.5,Herbivore
2019,Apo Reef,Shark Airport,,2,5,Zanclus,cornutus,Zanclus cornutus,1,9,1088,Zanclidae,0.0147,3.37,24.16,Omnivore
2019,Apo Reef,Shark Airport,,2,5,Parupeneus,multifasciatus,Parupeneus multifasciatus,1,10,748,Mullidae,0.01047,3.15,14.79,Benthic Invertivore
2019,Apo Reef,Shark Airport,,2,10,Ctenochaetus,striatus,Ctenochaetus striatus,6,9,399,Acanthuridae,0.0137,3.083,71.91,Detritivore
2019,Apo Reef,Shark Airport,,2,10,Ctenochaetus,striatus,Ctenochaetus striatus,1,8,399,Acanthuridae,0.0137,3.083,8.34,Detritivore
2019,Apo Reef,Shark Airport,,2,10,Naso,lituratus,Naso lituratus,1,12,668,Acanthuridae,0.0497,2.839,57.56,Herbivore
2019,Apo Reef,Shark Airport,,2,10,Zebrasoma,veliferum,Zebrasoma veliferum,1,12,1092,Acanthuridae,0.03425,2.866,42.42,Herbivore
2019,Apo Reef,Shark Airport,,2,10,Hemigymnus,melapterus,Hemigymnus melapterus,1,20,545,Labridae,0.0123,3.06,117.78,Benthic Invertivore
2019,Apo Reef,Shark Airport,,2,10,Cirrhilabrus,cyanopleura,Cirrhilabrus cyanopleura,20,5,350,Labridae,0.01445,2.94,32.8,Planktivore
2019,Apo Reef,Shark Airport,,2,10,Cephalopholis,urodeta,Cephalopholis urodeta,2,9,229,Serranidae,0.02822,2.818,27.58,Piscivore
2019,Apo Reef,Shark Airport,,2,10,Zebrasoma,veliferum,Zebrasoma veliferum,2,12,1092,Acanthuridae,0.03425,2.866,84.84,Herbivore
2019,Apo Reef,Shark Airport,,2,10,Chlorurus,sordidus,Chlorurus sordidus,2,10,295,Scaridae,0.0319,2.927,53.93,Detritivore
2019,Apo Reef,Shark Airport,,2,10,Ctenochaetus,binotatus,Ctenochaetus binotatus,3,8,395,Acanthuridae,0.081,2.59,53.04,Detritivore
2019,Apo Reef,Shark Airport,,2,10,Nemateleotris,magnifica,Nemateleotris magnifica,2,4,677,Ptereleotridae,0.00389,3.12,0.59,Planktivore
2019,Apo Reef,Shark Airport,,2,10,Parupeneus,multifasciatus,Parupeneus multifasciatus,1,8,748,Mullidae,0.01047,3.15,7.32,Benthic Invertivore
2019,Apo Reef,Shark Airport,,2,15,Chaetodon,kleinii,Chaetodon kleinii,2,8,241,Chaetodontidae,0.0448,2.828,32.08,Herbivore
2019,Apo Reef,Shark Airport,,2,15,Bodianus,diana,Bodianus diana,1,12,164,Labridae,0.0123,3.04,23.48,Benthic Invertivore
2019,Apo Reef,Shark Airport,,2,15,Ctenochaetus,striatus,Ctenochaetus striatus,4,9,399,Acanthuridae,0.0137,3.083,47.94,Detritivore
2019,Apo Reef,Shark Airport,,2,15,Cephalopholis,urodeta,Cephalopholis urodeta,1,9,229,Serranidae,0.02822,2.818,13.79,Piscivore
2019,Apo Reef,Shark Airport,,2,15,Pomacentrus,vaiuli,Pomacentrus vaiuli,2,4,847,Pomacentridae,0.0619,2.628,4.73,Herbivore
2019,Apo Reef,Shark Airport,,2,15,Forcipiger,longirostris,Forcipiger longirostris,2,8,482,Chaetodontidae,0.01384,3,14.17,Benthic Invertivore
2019,Apo Reef,Shark Airport,,2,15,Ctenochaetus,binotatus,Ctenochaetus binotatus,1,8,395,Acanthuridae,0.081,2.59,17.68,Detritivore
2019,Apo Reef,Shark Airport,,2,15,Balistapus,undulatus,Balistapus undulatus,1,10,153,Balistidae,0.0058,3.554,20.77,Omnivore
2019,Apo Reef,Shark Airport,,2,15,Scarus,schlegeli,Scarus schlegeli,2,8,965,Scaridae,0.0309,2.87,24.15,Herbivore
2019,Apo Reef,Shark Airport,,2,15,Chromis,xanthura,Chromis xanthura,50,8,333,Pomacentridae,0.009,2.773,143.71,Planktivore
2019,Apo Reef,Shark Airport,,2,20,Chaetodon,lunulatus,Chaetodon lunulatus,2,9,244,Chaetodontidae,0.02239,3.01,33.37,Corallivore
2019,Apo Reef,Shark Airport,,2,20,Melichthys,vidua,Melichthys vidua,1,14,646,Balistidae,0.0058,3.554,68.67,Omnivore
2019,Apo Reef,Shark Airport,,2,20,Ptereleotris,evides,Ptereleotris evides,1,10,899,Ptereleotridae,0.00389,3.12,5.13,Planktivore
2019,Apo Reef,Shark Airport,,2,20,Acanthurus,pyroferus,Acanthurus pyroferus,1,11,30,Acanthuridae,0.00179,3,2.38,Herbivore
2019,Apo Reef,Shark Airport,,2,20,Balistoides,conspicillum,Balistoides conspicillum,1,20,154,Balistidae,0.02344,2.96,166.34,Benthic Invertivore
2019,Apo Reef,Shark Airport,,2,20,Acanthurus,japonicus,Acanthurus japonicus,1,9,20,Acanthuridae,0.02188,2.97,14.93,Herbivore
2019,Apo Reef,Shark Airport,,2,20,Balistapus,undulatus,Balistapus undulatus,1,9,153,Balistidae,0.0058,3.554,14.28,Omnivore
2019,Apo Reef,Shark Airport,,2,20,Scarus,psittacus,Scarus psittacus,1,13,960,Scaridae,0.0258,2.903,44.2,Herbivore
2019,Apo Reef,Shark Airport,,2,20,Ctenochaetus,binotatus,Ctenochaetus binotatus,2,8,395,Acanthuridae,0.081,2.59,35.36,Detritivore
2019,Apo Reef,Shark Airport,,2,20,Pseudobalistes,flavimarginatus,Pseudobalistes flavimarginatus,1,30,876,Balistidae,0.02344,2.96,552.38,Benthic Invertivore
2019,Apo Reef,Shark Airport,,2,20,Acanthurus,japonicus,Acanthurus japonicus,2,9,20,Acanthuridae,0.02188,2.97,29.87,Herbivore
2019,Apo Reef,Shark Airport,,2,25,Ctenochaetus,striatus,Ctenochaetus striatus,4,9,399,Acanthuridae,0.0137,3.083,47.94,Detritivore
2019,Apo Reef,Shark Airport,,2,25,Acanthurus,japonicus,Acanthurus japonicus,21,9,20,Acanthuridae,0.02188,2.97,313.59,Herbivore
2019,Apo Reef,Shark Airport,,2,25,Xanthichthys,auromarginatus,Xanthichthys auromarginatus,5,12,1082,Balistidae,0.02344,2.96,183.36,Benthic Invertivore
2019,Apo Reef,Shark Airport,,2,25,Xanthichthys,auromarginatus,Xanthichthys auromarginatus,1,10,1082,Balistidae,0.02344,2.96,21.38,Benthic Invertivore
2019,Apo Reef,Shark Airport,,2,25,Odonus,niger,Odonus niger,10,13,699,Balistidae,0.0119,3,261.44,Benthic Invertivore
2019,Apo Reef,Shark Airport,,2,25,Chaetodon,ornatissimus,Chaetodon ornatissimus,1,10,250,Chaetodontidae,0.02239,3.01,22.91,Corallivore
2019,Apo Reef,Shark Airport,,2,25,Nemateleotris,magnifica,Nemateleotris magnifica,1,4,677,Ptereleotridae,0.00389,3.12,0.29,Planktivore
2019,Apo Reef,Shark Airport,,2,25,Ctenochaetus,binotatus,Ctenochaetus binotatus,3,8,395,Acanthuridae,0.081,2.59,53.04,Detritivore
2019,Apo Reef,Shark Airport,,2,25,Ctenochaetus,binotatus,Ctenochaetus binotatus,4,9,395,Acanthuridae,0.081,2.59,95.95,Detritivore
2019,Apo Reef,Shark Airport,,2,25,Ctenochaetus,striatus,Ctenochaetus striatus,2,10,399,Acanthuridae,0.0137,3.083,33.17,Detritivore
2019,Apo Reef,Shark Airport,,2,25,Balistapus,undulatus,Balistapus undulatus,2,10,153,Balistidae,0.0058,3.554,41.54,Omnivore
2019,Apo Reef,Shark Airport,,2,25,Oxycheilinus,unifasciatus,Oxycheilinus unifasciatus,1,10,718,Labridae,0.01687,3,16.87,Benthic Invertivore
2019,Apo Reef,Shark Airport,,3,5,Halichoeres,podostigma,Halichoeres podostigma,2,8,531,Labridae,0.00977,3.07,11.57,Benthic Invertivore
2019,Apo Reef,Shark Airport,,3,5,Acanthurus,pyroferus,Acanthurus pyroferus,2,12,30,Acanthuridae,0.00179,3,6.19,Herbivore
2019,Apo Reef,Shark Airport,,3,5,Acanthurus,pyroferus,Acanthurus pyroferus,1,11,30,Acanthuridae,0.00179,3,2.38,Herbivore
2019,Apo Reef,Shark Airport,,3,5,Ctenochaetus,striatus,Ctenochaetus striatus,2,10,399,Acanthuridae,0.0137,3.083,33.17,Detritivore
2019,Apo Reef,Shark Airport,,3,5,Ctenochaetus,striatus,Ctenochaetus striatus,4,8,399,Acanthuridae,0.0137,3.083,33.34,Detritivore
2019,Apo Reef,Shark Airport,,3,5,Ctenochaetus,binotatus,Ctenochaetus binotatus,1,8,395,Acanthuridae,0.081,2.59,17.68,Detritivore
2019,Apo Reef,Shark Airport,,3,5,Heniochus,monoceros,Heniochus monoceros,2,12,552,Chaetodontidae,0.022,3.125,103.73,Benthic Invertivore
2019,Apo Reef,Shark Airport,,3,5,Acanthurus,japonicus,Acanthurus japonicus,1,9,20,Acanthuridae,0.02188,2.97,14.93,Herbivore
2019,Apo Reef,Shark Airport,,3,5,Acanthurus,japonicus,Acanthurus japonicus,1,10,20,Acanthuridae,0.02188,2.97,20.42,Herbivore
2019,Apo Reef,Shark Airport,,3,5,Cephalopholis,urodeta,Cephalopholis urodeta,1,9,229,Serranidae,0.02822,2.818,13.79,Piscivore
2019,Apo Reef,Shark Airport,,3,5,Ctenochaetus,striatus,Ctenochaetus striatus,2,11,399,Acanthuridae,0.0137,3.083,44.5,Detritivore
2019,Apo Reef,Shark Airport,,3,5,Gomphosus,varius,Gomphosus varius,1,10,496,Labridae,0.00676,2.96,6.17,Benthic Invertivore
2019,Apo Reef,Shark Airport,,3,5,Scarus,niger,Scarus niger,1,10,956,Scaridae,0.0316,3.09,38.88,Herbivore
2019,Apo Reef,Shark Airport,,3,5,Anampses,meleagrides,Anampses meleagrides,1,9,82,Labridae,0.01,3.06,8.32,Benthic Invertivore
2019,Apo Reef,Shark Airport,,3,5,Acanthochromis,polyacanthus,Acanthochromis polyacanthus,1,7,12,Pomacentridae,0.02188,3.01,7.65,Planktivore
2019,Apo Reef,Shark Airport,,3,5,Melichthys,vidua,Melichthys vidua,1,12,646,Balistidae,0.0058,3.554,39.7,Omnivore
2019,Apo Reef,Shark Airport,,3,5,Chaetodon,punctatofasciatus,Chaetodon punctatofasciatus,4,8,253,Chaetodontidae,0.02239,3.01,46.82,Corallivore
2019,Apo Reef,Shark Airport,,3,5,Cephalopholis,urodeta,Cephalopholis urodeta,1,10,229,Serranidae,0.02822,2.818,18.56,Piscivore
2019,Apo Reef,Shark Airport,,3,5,Acanthurus,japonicus,Acanthurus japonicus,5,10,20,Acanthuridae,0.02188,2.97,102.1,Herbivore
2019,Apo Reef,Shark Airport,,3,5,Acanthurus,japonicus,Acanthurus japonicus,5,10,20,Acanthuridae,0.02188,2.97,102.1,Herbivore
2019,Apo Reef,Shark Airport,,3,5,Ctenochaetus,striatus,Ctenochaetus striatus,2,11,399,Acanthuridae,0.0137,3.083,44.5,Detritivore
2019,Apo Reef,Shark Airport,,3,5,Ctenochaetus,striatus,Ctenochaetus striatus,5,9,399,Acanthuridae,0.0137,3.083,59.93,Detritivore
2019,Apo Reef,Shark Airport,,3,5,Ctenochaetus,striatus,Ctenochaetus striatus,4,8,399,Acanthuridae,0.0137,3.083,33.34,Detritivore
2019,Apo Reef,Shark Airport,,3,5,Oxycheilinus,unifasciatus,Oxycheilinus unifasciatus,1,8,718,Labridae,0.01687,3,8.64,Benthic Invertivore
2019,Apo Reef,Shark Airport,,3,5,Ptereleotris,evides,Ptereleotris evides,2,9,899,Ptereleotridae,0.00389,3.12,7.38,Planktivore
2019,Apo Reef,Shark Airport,,3,5,Parupeneus,multifasciatus,Parupeneus multifasciatus,1,9,748,Mullidae,0.01047,3.15,10.61,Benthic Invertivore
2019,Apo Reef,Shark Airport,,3,5,Naso,lituratus,Naso lituratus,1,14,668,Acanthuridae,0.0497,2.839,89.17,Herbivore
2019,Apo Reef,Shark Airport,,3,5,Balistapus,undulatus,Balistapus undulatus,1,12,153,Balistidae,0.0058,3.554,39.7,Omnivore
2019,Apo Reef,Shark Airport,,3,5,Naso,lituratus,Naso lituratus,1,13,668,Acanthuridae,0.0497,2.839,72.25,Herbivore
2019,Apo Reef,Shark Airport,,3,5,Acanthurus,pyroferus,Acanthurus pyroferus,1,11,30,Acanthuridae,0.00179,3,2.38,Herbivore
2019,Apo Reef,Shark Airport,,3,5,Melichthys,vidua,Melichthys vidua,1,12,646,Balistidae,0.0058,3.554,39.7,Omnivore
2019,Apo Reef,Shark Airport,,3,5,Scolopsis,bilineata,Scolopsis bilineata,1,9,971,Nemipteridae,0.01318,3.05,10.72,Benthic Invertivore
2019,Apo Reef,Shark Airport,,3,5,Pomacentrus,vaiuli,Pomacentrus vaiuli,2,4,847,Pomacentridae,0.0619,2.628,4.73,Herbivore
2019,Apo Reef,Shark Airport,,3,10,Ctenochaetus,striatus,Ctenochaetus striatus,2,11,399,Acanthuridae,0.0137,3.083,44.5,Detritivore
2019,Apo Reef,Shark Airport,,3,10,Ctenochaetus,striatus,Ctenochaetus striatus,6,10,399,Acanthuridae,0.0137,3.083,99.51,Detritivore
2019,Apo Reef,Shark Airport,,3,10,Acanthurus,pyroferus,Acanthurus pyroferus,1,11,30,Acanthuridae,0.00179,3,2.38,Herbivore
2019,Apo Reef,Shark Airport,,3,10,Acanthurus,pyroferus,Acanthurus pyroferus,1,12,30,Acanthuridae,0.00179,3,3.09,Herbivore
2019,Apo Reef,Shark Airport,,3,10,Sargocentron,caudimaculatum,Sargocentron caudimaculatum,2,10,932,Holocentridae,0.01514,2.98,28.92,Benthic Invertivore
2019,Apo Reef,Shark Airport,,3,10,Sargocentron,caudimaculatum,Sargocentron caudimaculatum,1,11,932,Holocentridae,0.01514,2.98,19.21,Benthic Invertivore
2019,Apo Reef,Shark Airport,,3,10,Myripristis,murdjan,Myripristis murdjan,1,12,661,Holocentridae,0.0193,3.034,36.29,Benthic Invertivore
2019,Apo Reef,Shark Airport,,3,10,Acanthochromis,polyacanthus,Acanthochromis polyacanthus,2,8,12,Pomacentridae,0.02188,3.01,22.88,Planktivore
2019,Apo Reef,Shark Airport,,3,10,Acanthurus,pyroferus,Acanthurus pyroferus,1,12,30,Acanthuridae,0.00179,3,3.09,Herbivore
2019,Apo Reef,Shark Airport,,3,10,Chaetodon,ornatissimus,Chaetodon ornatissimus,1,9,250,Chaetodontidae,0.02239,3.01,16.68,Corallivore
2019,Apo Reef,Shark Airport,,3,10,Zanclus,cornutus,Zanclus cornutus,1,9,1088,Zanclidae,0.0147,3.37,24.16,Omnivore
2019,Apo Reef,Shark Airport,,3,15,Acanthurus,pyroferus,Acanthurus pyroferus,1,12,30,Acanthuridae,0.00179,3,3.09,Herbivore
2019,Apo Reef,Shark Airport,,3,15,Pomacentrus,philippinus,Pomacentrus philippinus,3,5,837,Pomacentridae,0.0508,2.707,11.89,Herbivore
2019,Apo Reef,Shark Airport,,3,15,Acanthurus,japonicus,Acanthurus japonicus,1,10,20,Acanthuridae,0.02188,2.97,20.42,Herbivore
2019,Apo Reef,Shark Airport,,3,15,Novaculichthys,taeniourus,Novaculichthys taeniourus,2,12,698,Labridae,0.01445,2.94,43.02,Benthic Invertivore
2019,Apo Reef,Shark Airport,,3,15,Bodianus,sp.,Bodianus sp.,1,8,168,Labridae,0.0123,3.04,6.84,Benthic Invertivore
2019,Apo Reef,Shark Airport,,3,15,Parupeneus,multifasciatus,Parupeneus multifasciatus,1,9,748,Mullidae,0.01047,3.15,10.61,Benthic Invertivore
2019,Apo Reef,Shark Airport,,3,20,Zanclus,cornutus,Zanclus cornutus,2,9,1088,Zanclidae,0.0147,3.37,48.32,Omnivore
2019,Apo Reef,Shark Airport,,3,20,Acanthurus,japonicus,Acanthurus japonicus,2,9,20,Acanthuridae,0.02188,2.97,29.87,Herbivore
2019,Apo Reef,Shark Airport,,3,20,Acanthurus,japonicus,Acanthurus japonicus,2,10,20,Acanthuridae,0.02188,2.97,40.84,Herbivore
2019,Apo Reef,Shark Airport,,3,20,Scolopsis,bilineata,Scolopsis bilineata,1,10,971,Nemipteridae,0.01318,3.05,14.79,Benthic Invertivore
2019,Apo Reef,Shark Airport,,3,20,Acanthurus,pyroferus,Acanthurus pyroferus,2,11,30,Acanthuridae,0.00179,3,4.76,Herbivore
2019,Apo Reef,Shark Airport,,3,20,Hemigymnus,fasciatus,Hemigymnus fasciatus,2,25,544,Labridae,0.01713,3,535.31,Benthic Invertivore
2019,Apo Reef,Shark Airport,,3,20,Hemigymnus,fasciatus,Hemigymnus fasciatus,1,11,544,Labridae,0.01713,3,22.8,Benthic Invertivore
2019,Apo Reef,Shark Airport,,3,20,Naso,annulatus,Naso annulatus,30,13,664,Acanthuridae,0.05103,2.715,1619.21,Herbivore
2019,Apo Reef,Shark Airport,,3,20,Sufflamen,bursa,Sufflamen bursa,1,10,1040,Balistidae,0.02162,3,21.62,Benthic Invertivore
2019,Apo Reef,Shark Airport,,3,20,Balistapus,undulatus,Balistapus undulatus,1,12,153,Balistidae,0.0058,3.554,39.7,Omnivore
2019,Apo Reef,Shark Airport,,3,20,Cephalopholis,urodeta,Cephalopholis urodeta,1,9,229,Serranidae,0.02822,2.818,13.79,Piscivore
2019,Apo Reef,Shark Airport,,3,25,Gomphosus,varius,Gomphosus varius,1,9,496,Labridae,0.00676,2.96,4.51,Benthic Invertivore
2019,Apo Reef,Shark Airport,,3,25,Ctenochaetus,striatus,Ctenochaetus striatus,3,11,399,Acanthuridae,0.0137,3.083,66.75,Detritivore
2019,Apo Reef,Shark Airport,,3,25,Oxycheilinus,unifasciatus,Oxycheilinus unifasciatus,2,12,718,Labridae,0.01687,3,58.3,Benthic Invertivore
2019,Apo Reef,Shark Airport,,3,25,Acanthurus,pyroferus,Acanthurus pyroferus,2,9,30,Acanthuridae,0.00179,3,2.61,Herbivore
2019,Apo Reef,Shark Airport,,3,25,Acanthurus,japonicus,Acanthurus japonicus,2,9,20,Acanthuridae,0.02188,2.97,29.87,Herbivore
2019,Apo Reef,Shark Airport,,3,25,Lutjanus,decussatus,Lutjanus decussatus,1,14,613,Lutjanidae,0.01413,2.98,36.78,Piscivore
2019,Apo Reef,South Corner,,1,5,Hemitaurichthys,polylepis,Hemitaurichthys polylepis,2,9,547,Chaetodontidae,0.02649,3,38.62,Planktivore
2019,Apo Reef,South Corner,,1,5,Amblyglyphidodon,aureus,Amblyglyphidodon aureus,2,9,54,Pomacentridae,0.02138,2.99,30.49,Planktivore
2019,Apo Reef,South Corner,,1,5,Acanthurus,auranticavus,Acanthurus auranticavus,1,15,13,Acanthuridae,0.02188,2.97,68.08,Omnivore
2019,Apo Reef,South Corner,,1,5,Sargocentron,caudimaculatum,Sargocentron caudimaculatum,1,15,932,Holocentridae,0.01514,2.98,48.4,Benthic Invertivore
2019,Apo Reef,South Corner,,1,5,Ctenochaetus,striatus,Ctenochaetus striatus,3,12,399,Acanthuridae,0.0137,3.083,87.29,Detritivore
2019,Apo Reef,South Corner,,1,5,Ctenochaetus,striatus,Ctenochaetus striatus,1,11,399,Acanthuridae,0.0137,3.083,22.25,Detritivore
2019,Apo Reef,South Corner,,1,5,Myripristis,murdjan,Myripristis murdjan,1,12,661,Holocentridae,0.0193,3.034,36.29,Benthic Invertivore
2019,Apo Reef,South Corner,,1,5,Myripristis,murdjan,Myripristis murdjan,1,11,661,Holocentridae,0.0193,3.034,27.87,Benthic Invertivore
2019,Apo Reef,South Corner,,1,5,Melichthys,vidua,Melichthys vidua,1,13,646,Balistidae,0.0058,3.554,52.77,Omnivore
2019,Apo Reef,South Corner,,1,5,Sargocentron,spiniferum,Sargocentron spiniferum,1,16,940,Holocentridae,0.01541,3.119,87.79,Benthic Invertivore
2019,Apo Reef,South Corner,,1,5,Caesio,caerulaurea,Caesio caerulaurea,100,15,171,Caesionidae,0.01996,2.991,6574.3,Planktivore
2019,Apo Reef,South Corner,,1,5,Caesio,lunaris,Caesio lunaris,50,18,173,Caesionidae,0.01072,3.08,3939.16,Planktivore
2019,Apo Reef,South Corner,,1,5,Acanthurus,japonicus,Acanthurus japonicus,1,10,20,Acanthuridae,0.02188,2.97,20.42,Herbivore
2019,Apo Reef,South Corner,,1,5,Hemitaurichthys,polylepis,Hemitaurichthys polylepis,20,9,547,Chaetodontidae,0.02649,3,386.22,Planktivore
2019,Apo Reef,South Corner,,1,5,Acanthurus,thompsoni,Acanthurus thompsoni,50,11,32,Acanthuridae,0.01533,3,1020.21,Planktivore
2019,Apo Reef,South Corner,,1,5,Naso,vlamingii,Naso vlamingii,3,25,675,Acanthuridae,0.0497,2.839,1387.49,Herbivore
2019,Apo Reef,South Corner,,1,5,Sargocentron,spiniferum,Sargocentron spiniferum,2,20,940,Holocentridae,0.01541,3.119,352.16,Benthic Invertivore
2019,Apo Reef,South Corner,,1,5,Acanthurus,pyroferus,Acanthurus pyroferus,2,12,30,Acanthuridae,0.00179,3,6.19,Herbivore
2019,Apo Reef,South Corner,,1,5,Lutjanus,kasmira,Lutjanus kasmira,1,14,618,Lutjanidae,0.01349,3.05,42.24,Omnivore
2019,Apo Reef,South Corner,,1,5,Heniochus,monoceros,Heniochus monoceros,2,12,552,Chaetodontidae,0.022,3.125,103.73,Benthic Invertivore
2019,Apo Reef,South Corner,,1,5,Ctenochaetus,striatus,Ctenochaetus striatus,4,12,399,Acanthuridae,0.0137,3.083,116.38,Detritivore
2019,Apo Reef,South Corner,,1,5,Caranx,melampygus,Caranx melampygus,3,40,204,Carangidae,0.0244,2.98,4351.61,Piscivore
2019,Apo Reef,South Corner,,1,5,Monotaxis,heterodon,Monotaxis heterodon,1,15,650,no record,no record,no record,#VALUE!,no record
2019,Apo Reef,South Corner,,1,10,Plectorhinchus,chaetodonoides,Plectorhinchus chaetodonoides,1,35,785,Haemulidae,0.01733,3.04,856.58,Piscivore
2019,Apo Reef,South Corner,,1,10,Myripristis,murdjan,Myripristis murdjan,1,11,661,Holocentridae,0.0193,3.034,27.87,Benthic Invertivore
2019,Apo Reef,South Corner,,1,10,Pseudanthias,tuka,Pseudanthias tuka,50,7,875,Serranidae,0.00955,2.97,154.5,Planktivore
2019,Apo Reef,South Corner,,1,10,Chromis,analis,Chromis analis,2,9,307,Pomacentridae,0.0182,3,26.54,Planktivore
2019,Apo Reef,South Corner,,1,10,Amblyglyphidodon,aureus,Amblyglyphidodon aureus,1,9,54,Pomacentridae,0.02138,2.99,15.25,Planktivore
2019,Apo Reef,South Corner,,1,10,Zebrasoma,scopas,Zebrasoma scopas,2,9,1090,Acanthuridae,0.04,2.867,43.54,Herbivore
2019,Apo Reef,South Corner,,1,10,Sargocentron,caudimaculatum,Sargocentron caudimaculatum,2,11,932,Holocentridae,0.01514,2.98,38.42,Benthic Invertivore
2019,Apo Reef,South Corner,,1,10,Macolor,niger,Macolor niger,1,30,630,Lutjanidae,0.01453,3,392.31,Piscivore
2019,Apo Reef,South Corner,,1,10,Acanthurus,thompsoni,Acanthurus thompsoni,50,11,32,Acanthuridae,0.01533,3,1020.21,Planktivore
2019,Apo Reef,South Corner,,1,10,Acanthurus,pyroferus,Acanthurus pyroferus,2,12,30,Acanthuridae,0.00179,3,6.19,Herbivore
2019,Apo Reef,South Corner,,1,10,Zanclus,cornutus,Zanclus cornutus,1,10,1088,Zanclidae,0.0147,3.37,34.46,Omnivore
2019,Apo Reef,South Corner,,1,15,Melichthys,vidua,Melichthys vidua,1,15,646,Balistidae,0.0058,3.554,87.75,Omnivore
2019,Apo Reef,South Corner,,1,15,Melichthys,vidua,Melichthys vidua,1,12,646,Balistidae,0.0058,3.554,39.7,Omnivore
2019,Apo Reef,South Corner,,1,15,Lutjanus,decussatus,Lutjanus decussatus,1,14,613,Lutjanidae,0.01413,2.98,36.78,Piscivore
2019,Apo Reef,South Corner,,1,15,Hemitaurichthys,polylepis,Hemitaurichthys polylepis,30,9,547,Chaetodontidae,0.02649,3,579.34,Planktivore
2019,Apo Reef,South Corner,,1,15,Heniochus,varius,Heniochus varius,1,9,557,Chaetodontidae,0.02502,3,18.24,Corallivore
2019,Apo Reef,South Corner,,1,15,Chromis,margaritifer,Chromis margaritifer,20,4,319,Pomacentridae,0.0182,3,23.3,Herbivore
2019,Apo Reef,South Corner,,1,15,Acanthurus,pyroferus,Acanthurus pyroferus,1,12,30,Acanthuridae,0.00179,3,3.09,Herbivore
2019,Apo Reef,South Corner,,1,15,Heniochus,chrysostomus,Heniochus chrysostomus,1,9,550,Chaetodontidae,0.0132,3.369,21.65,Corallivore
2019,Apo Reef,South Corner,,1,15,Kyphosus,vaigiensis,Kyphosus vaigiensis,1,20,576,Kyphosidae,0.01998,3.037,178.58,Herbivore
2019,Apo Reef,South Corner,,1,20,Chaetodon,ornatissimus,Chaetodon ornatissimus,1,9,250,Chaetodontidae,0.02239,3.01,16.68,Corallivore
2019,Apo Reef,South Corner,,1,20,Macolor,niger,Macolor niger,6,25,630,Lutjanidae,0.01453,3,1362.19,Piscivore
2019,Apo Reef,South Corner,,1,20,Monotaxis,heterodon,Monotaxis heterodon,1,12,650,no record,no record,no record,#VALUE!,no record
2019,Apo Reef,South Corner,,1,20,Naso,lituratus,Naso lituratus,2,18,668,Acanthuridae,0.0497,2.839,364,Herbivore
2019,Apo Reef,South Corner,,1,20,Balistapus,undulatus,Balistapus undulatus,1,12,153,Balistidae,0.0058,3.554,39.7,Omnivore
2019,Apo Reef,South Corner,,1,20,Acanthurus,auranticavus,Acanthurus auranticavus,2,20,13,Acanthuridae,0.02188,2.97,319.99,Omnivore
2019,Apo Reef,South Corner,,1,20,Ctenochaetus,striatus,Ctenochaetus striatus,4,11,399,Acanthuridae,0.0137,3.083,89,Detritivore
2019,Apo Reef,South Corner,,1,20,Amblyglyphidodon,aureus,Amblyglyphidodon aureus,1,9,54,Pomacentridae,0.02138,2.99,15.25,Planktivore
2019,Apo Reef,South Corner,,1,20,Sargocentron,caudimaculatum,Sargocentron caudimaculatum,1,20,932,Holocentridae,0.01514,2.98,114.08,Benthic Invertivore
2019,Apo Reef,South Corner,,1,20,Acanthurus,pyroferus,Acanthurus pyroferus,1,12,30,Acanthuridae,0.00179,3,3.09,Herbivore
2019,Apo Reef,South Corner,,1,25,Zanclus,cornutus,Zanclus cornutus,1,10,1088,Zanclidae,0.0147,3.37,34.46,Omnivore
2019,Apo Reef,South Corner,,1,25,Chromis,atripes,Chromis atripes,2,6,310,Pomacentridae,0.00484,3,2.09,Herbivore
2019,Apo Reef,South Corner,,1,25,Chromis,retrofasciata,Chromis retrofasciata,4,3,325,Pomacentridae,0.009,2.773,0.76,Herbivore
2019,Apo Reef,South Corner,,1,25,Chlorurus,bleekeri,Chlorurus bleekeri,1,16,288,Scaridae,0.01995,3.01,84.01,Herbivore
2019,Apo Reef,South Corner,,1,25,Scarus,niger,Scarus niger,1,15,956,Scaridae,0.0316,3.09,136.08,Herbivore
2019,Apo Reef,South Corner,,1,25,Melichthys,vidua,Melichthys vidua,1,15,646,Balistidae,0.0058,3.554,87.75,Omnivore
2019,Apo Reef,South Corner,,1,25,Ctenochaetus,striatus,Ctenochaetus striatus,1,9,399,Acanthuridae,0.0137,3.083,11.99,Detritivore
2019,Apo Reef,South Corner,,1,25,Ctenochaetus,striatus,Ctenochaetus striatus,2,8,399,Acanthuridae,0.0137,3.083,16.67,Detritivore
2019,Apo Reef,South Corner,,1,25,Chromis,analis,Chromis analis,20,9,307,Pomacentridae,0.0182,3,265.36,Planktivore
2019,Apo Reef,South Corner,,2,5,Pygoplites,diacanthus,Pygoplites diacanthus,1,12,918,Pomacanthidae,0.00514,3,8.88,Benthic Invertivore
2019,Apo Reef,South Corner,,2,5,Siganus,vulpinus,Siganus vulpinus,2,13,1009,Siganidae,0.0287,3,126.11,Herbivore
2019,Apo Reef,South Corner,,2,5,Macolor,niger,Macolor niger,50,30,630,Lutjanidae,0.01453,3,19615.5,Piscivore
2019,Apo Reef,South Corner,,2,5,Heniochus,acuminatus,Heniochus acuminatus,50,9,549,Chaetodontidae,0.0271,3.061,1129.47,Benthic Invertivore
2019,Apo Reef,South Corner,,2,5,Triaenodon,obesus,Triaenodon obesus,1,120,1070,Carcharhinidae,0.00145,3.382,15601.23,Piscivore
2019,Apo Reef,South Corner,,2,5,Lutjanus,monostigma,Lutjanus monostigma,2,40,620,Lutjanidae,0.01349,2.96,1489.84,Piscivore
2019,Apo Reef,South Corner,,2,5,Caranx,sp.,Caranx sp.,1,50,206,Carangidae,0.01862,2.95,1914,Piscivore
2019,Apo Reef,South Corner,,2,5,Naso,lituratus,Naso lituratus,1,15,668,Acanthuridae,0.0497,2.839,108.46,Herbivore
2019,Apo Reef,South Corner,,2,5,Melichthys,vidua,Melichthys vidua,2,14,646,Balistidae,0.0058,3.554,137.34,Omnivore
2019,Apo Reef,South Corner,,2,5,Chromis,margaritifer,Chromis margaritifer,100,3,319,Pomacentridae,0.0182,3,49.14,Herbivore
2019,Apo Reef,South Corner,,2,5,Ctenochaetus,striatus,Ctenochaetus striatus,2,12,399,Acanthuridae,0.0137,3.083,58.19,Detritivore
2019,Apo Reef,South Corner,,2,5,Naso,lopezi,Naso lopezi,4,35,669,Acanthuridae,0.02399,2.94,3323.92,Omnivore
2019,Apo Reef,South Corner,,2,5,Caesio,lunaris,Caesio lunaris,100,20,173,Caesionidae,0.01072,3.08,10898.51,Planktivore
2019,Apo Reef,South Corner,,2,5,Caesio,teres,Caesio teres,50,20,175,Caesionidae,0.01072,3.08,5449.26,Planktivore
2019,Apo Reef,South Corner,,2,5,Lutjanus,fulvus,Lutjanus fulvus,1,15,616,Lutjanidae,0.01698,2.99,55.78,Benthic Invertivore
2019,Apo Reef,South Corner,,2,5,Lutjanus,monostigma,Lutjanus monostigma,1,25,620,Lutjanidae,0.01349,2.96,185.32,Piscivore
2019,Apo Reef,South Corner,,2,5,Cephalopholis,urodeta,Cephalopholis urodeta,1,11,229,Serranidae,0.02822,2.818,24.28,Piscivore
2019,Apo Reef,South Corner,,2,5,Zebrasoma,veliferum,Zebrasoma veliferum,1,11,1092,Acanthuridae,0.03425,2.866,33.06,Herbivore
2019,Apo Reef,South Corner,,2,5,Melichthys,vidua,Melichthys vidua,1,15,646,Balistidae,0.0058,3.554,87.75,Omnivore
2019,Apo Reef,South Corner,,2,5,Scarus,niger,Scarus niger,1,12,956,Scaridae,0.0316,3.09,68.29,Herbivore
2019,Apo Reef,South Corner,,2,5,Ctenochaetus,striatus,Ctenochaetus striatus,2,11,399,Acanthuridae,0.0137,3.083,44.5,Detritivore
2019,Apo Reef,South Corner,,2,10,Acanthurus,thompsoni,Acanthurus thompsoni,50,11,32,Acanthuridae,0.01533,3,1020.21,Planktivore
2019,Apo Reef,South Corner,,2,10,Chromis,analis,Chromis analis,10,9,307,Pomacentridae,0.0182,3,132.68,Planktivore
2019,Apo Reef,South Corner,,2,10,Odonus,niger,Odonus niger,1,12,699,Balistidae,0.0119,3,20.56,Benthic Invertivore
2019,Apo Reef,South Corner,,2,10,Acanthurus,pyroferus,Acanthurus pyroferus,1,11,30,Acanthuridae,0.00179,3,2.38,Herbivore
2019,Apo Reef,South Corner,,2,10,Ctenochaetus,striatus,Ctenochaetus striatus,1,12,399,Acanthuridae,0.0137,3.083,29.1,Detritivore
2019,Apo Reef,South Corner,,2,10,Epibulus,insidiator,Epibulus insidiator,1,12,446,Labridae,0.0138,3.01,24.45,Benthic Invertivore
2019,Apo Reef,South Corner,,2,10,Cephalopholis,urodeta,Cephalopholis urodeta,1,12,229,Serranidae,0.02822,2.818,31.02,Piscivore
2019,Apo Reef,South Corner,,2,10,Balistapus,undulatus,Balistapus undulatus,1,11,153,Balistidae,0.0058,3.554,29.14,Omnivore
2019,Apo Reef,South Corner,,2,10,Cheilinus,fasciatus,Cheilinus fasciatus,1,15,270,Labridae,0.01487,3,50.19,Benthic Invertivore
2019,Apo Reef,South Corner,,2,10,Chromis,margaritifer,Chromis margaritifer,100,3,319,Pomacentridae,0.0182,3,49.14,Herbivore
2019,Apo Reef,South Corner,,2,10,Chaetodon,ornatissimus,Chaetodon ornatissimus,1,9,250,Chaetodontidae,0.02239,3.01,16.68,Corallivore
2019,Apo Reef,South Corner,,2,10,Chromis,atripes,Chromis atripes,10,3,310,Pomacentridae,0.00484,3,1.31,Herbivore
2019,Apo Reef,South Corner,,2,10,Cetoscarus,bicolor,Cetoscarus bicolor,1,14,230,Scaridae,0.01567,3,43,Herbivore
2019,Apo Reef,South Corner,,2,10,Melichthys,vidua,Melichthys vidua,1,15,646,Balistidae,0.0058,3.554,87.75,Omnivore
2019,Apo Reef,South Corner,,2,10,Sargocentron,caudimaculatum,Sargocentron caudimaculatum,2,11,932,Holocentridae,0.01514,2.98,38.42,Benthic Invertivore
2019,Apo Reef,South Corner,,2,10,Cirrhilabrus,cyanopleura,Cirrhilabrus cyanopleura,100,3,350,Labridae,0.01445,2.94,36.53,Planktivore
2019,Apo Reef,South Corner,,2,10,Chromis,ternatensis,Chromis ternatensis,150,3,328,Pomacentridae,0.043,2.889,154.16,Planktivore
2019,Apo Reef,South Corner,,2,10,Lutjanus,decussatus,Lutjanus decussatus,1,14,613,Lutjanidae,0.01413,2.98,36.78,Piscivore
2019,Apo Reef,South Corner,,2,15,Acanthurus,pyroferus,Acanthurus pyroferus,1,12,30,Acanthuridae,0.00179,3,3.09,Herbivore
2019,Apo Reef,South Corner,,2,15,Forcipiger,longirostris,Forcipiger longirostris,1,9,482,Chaetodontidae,0.01384,3,10.09,Benthic Invertivore
2019,Apo Reef,South Corner,,2,15,Chaetodon,lunula,Chaetodon lunula,2,10,243,Chaetodontidae,0.02239,3.01,45.82,Benthic Invertivore
2019,Apo Reef,South Corner,,2,15,Chromis,atripes,Chromis atripes,50,4,310,Pomacentridae,0.00484,3,15.49,Herbivore
2019,Apo Reef,South Corner,,2,15,Naso,vlamingii,Naso vlamingii,3,25,675,Acanthuridae,0.0497,2.839,1387.49,Herbivore
2019,Apo Reef,South Corner,,2,15,Pygoplites,diacanthus,Pygoplites diacanthus,1,12,918,Pomacanthidae,0.00514,3,8.88,Benthic Invertivore
2019,Apo Reef,South Corner,,2,15,Balistapus,undulatus,Balistapus undulatus,1,13,153,Balistidae,0.0058,3.554,52.77,Omnivore
2019,Apo Reef,South Corner,,2,15,Hemitaurichthys,polylepis,Hemitaurichthys polylepis,50,9,547,Chaetodontidae,0.02649,3,965.56,Planktivore
2019,Apo Reef,South Corner,,2,15,Chromis,analis,Chromis analis,20,9,307,Pomacentridae,0.0182,3,265.36,Planktivore
2019,Apo Reef,South Corner,,2,20,Epibulus,insidiator,Epibulus insidiator,1,11,446,Labridae,0.0138,3.01,18.81,Benthic Invertivore
2019,Apo Reef,South Corner,,2,20,Ctenochaetus,striatus,Ctenochaetus striatus,4,11,399,Acanthuridae,0.0137,3.083,89,Detritivore
2019,Apo Reef,South Corner,,2,20,Ctenochaetus,striatus,Ctenochaetus striatus,3,10,399,Acanthuridae,0.0137,3.083,49.76,Detritivore
2019,Apo Reef,South Corner,,2,20,Ctenochaetus,striatus,Ctenochaetus striatus,2,8,399,Acanthuridae,0.0137,3.083,16.67,Detritivore
2019,Apo Reef,South Corner,,2,20,Sargocentron,caudimaculatum,Sargocentron caudimaculatum,1,13,932,Holocentridae,0.01514,2.98,31.6,Benthic Invertivore
2019,Apo Reef,South Corner,,2,20,Parupeneus,indicus,Parupeneus indicus,1,15,746,Mullidae,0.00955,3.11,43.42,Benthic Invertivore
2019,Apo Reef,South Corner,,2,20,Naso,lituratus,Naso lituratus,1,13,668,Acanthuridae,0.0497,2.839,72.25,Herbivore
2019,Apo Reef,South Corner,,2,20,Monotaxis,heterodon,Monotaxis heterodon,1,12,650,no record,no record,no record,#VALUE!,no record
2019,Apo Reef,South Corner,,2,20,Zanclus,cornutus,Zanclus cornutus,2,10,1088,Zanclidae,0.0147,3.37,68.92,Omnivore
2019,Apo Reef,South Corner,,2,20,Acanthurus,pyroferus,Acanthurus pyroferus,2,11,30,Acanthuridae,0.00179,3,4.76,Herbivore
2019,Apo Reef,South Corner,,2,20,Zebrasoma,scopas,Zebrasoma scopas,2,9,1090,Acanthuridae,0.04,2.867,43.54,Herbivore
2019,Apo Reef,South Corner,,2,20,Centropyge,vrolikii,Centropyge vrolikii,1,6,218,Pomacanthidae,0.0302,2.89,5.36,Corallivore
2019,Apo Reef,South Corner,,2,20,Cheilinus,fasciatus,Cheilinus fasciatus,1,9,270,Labridae,0.01487,3,10.84,Benthic Invertivore
2019,Apo Reef,South Corner,,2,25,Lutjanus,fulvus,Lutjanus fulvus,2,30,616,Lutjanidae,0.01698,2.99,886.26,Benthic Invertivore
2019,Apo Reef,South Corner,,2,25,Cephalopholis,argus,Cephalopholis argus,1,35,219,Serranidae,0.00678,3.274,770.03,Piscivore
2019,Apo Reef,South Corner,,2,25,Lutjanus,monostigma,Lutjanus monostigma,1,40,620,Lutjanidae,0.01349,2.96,744.92,Piscivore
2019,Apo Reef,South Corner,,2,25,Paracirrhites,arcatus,Paracirrhites arcatus,1,6,724,Cirrhitidae,0.00912,3.07,2.23,Benthic Invertivore
2019,Apo Reef,South Corner,,2,25,Balistapus,undulatus,Balistapus undulatus,1,12,153,Balistidae,0.0058,3.554,39.7,Omnivore
2019,Apo Reef,South Corner,,2,25,Hemitaurichthys,polylepis,Hemitaurichthys polylepis,100,9,547,Chaetodontidae,0.02649,3,1931.12,Planktivore
2019,Apo Reef,South Corner,,2,25,Melichthys,vidua,Melichthys vidua,1,12,646,Balistidae,0.0058,3.554,39.7,Omnivore
2019,Apo Reef,South Corner,,2,25,Chromis,retrofasciata,Chromis retrofasciata,30,3,325,Pomacentridae,0.009,2.773,5.68,Herbivore
2019,Apo Reef,South Corner,,2,25,Zebrasoma,scopas,Zebrasoma scopas,2,9,1090,Acanthuridae,0.04,2.867,43.54,Herbivore
2019,Apo Reef,South Corner,,2,25,Myripristis,murdjan,Myripristis murdjan,1,11,661,Holocentridae,0.0193,3.034,27.87,Benthic Invertivore
2019,Apo Reef,South Corner,,2,25,Epibulus,insidiator,Epibulus insidiator,1,12,446,Labridae,0.0138,3.01,24.45,Benthic Invertivore
2019,Apo Reef,South Corner,,2,25,Naso,vlamingii,Naso vlamingii,1,20,675,Acanthuridae,0.0497,2.839,245.46,Herbivore
2019,Apo Reef,South Corner,,2,25,Naso,vlamingii,Naso vlamingii,1,15,675,Acanthuridae,0.0497,2.839,108.46,Herbivore
2019,Apo Reef,South Corner,,3,5,Naso,lituratus,Naso lituratus,2,14,668,Acanthuridae,0.0497,2.839,178.34,Herbivore
2019,Apo Reef,South Corner,,3,5,Amanses,scopas,Amanses scopas,2,12,48,Monacanthidae,0.02089,2.92,59.18,Benthic Invertivore
2019,Apo Reef,South Corner,,3,5,Pygoplites,diacanthus,Pygoplites diacanthus,1,9,918,Pomacanthidae,0.00514,3,3.75,Benthic Invertivore
2019,Apo Reef,South Corner,,3,5,Chlorurus,sordidus,Chlorurus sordidus,2,12,295,Scaridae,0.0319,2.927,91.96,Detritivore
2019,Apo Reef,South Corner,,3,5,Chlorurus,sordidus,Chlorurus sordidus,3,10,295,Scaridae,0.0319,2.927,80.89,Detritivore
2019,Apo Reef,South Corner,,3,5,Chromis,margaritifer,Chromis margaritifer,100,3,319,Pomacentridae,0.0182,3,49.14,Herbivore
2019,Apo Reef,South Corner,,3,5,Zanclus,cornutus,Zanclus cornutus,1,9,1088,Zanclidae,0.0147,3.37,24.16,Omnivore
2019,Apo Reef,South Corner,,3,5,Ctenochaetus,striatus,Ctenochaetus striatus,1,9,399,Acanthuridae,0.0137,3.083,11.99,Detritivore
2019,Apo Reef,South Corner,,3,5,Melichthys,vidua,Melichthys vidua,1,12,646,Balistidae,0.0058,3.554,39.7,Omnivore
2019,Apo Reef,South Corner,,3,5,Scarus,psittacus,Scarus psittacus,1,14,960,Scaridae,0.0258,2.903,54.81,Herbivore
2019,Apo Reef,South Corner,,3,5,Balistapus,undulatus,Balistapus undulatus,1,11,153,Balistidae,0.0058,3.554,29.14,Omnivore
2019,Apo Reef,South Corner,,3,5,Caranx,melampygus,Caranx melampygus,4,50,204,Carangidae,0.0244,2.98,11281.85,Piscivore
2019,Apo Reef,South Corner,,3,5,Parupeneus,bifasciatus,Parupeneus bifasciatus,1,8,742,Mullidae,0.00741,3.2,5.75,Benthic Invertivore
2019,Apo Reef,South Corner,,3,5,Gnathodentex,aureolineatus,Gnathodentex aureolineatus,2,12,490,Lethrinidae,0.01479,3.03,55.07,Benthic Invertivore
2019,Apo Reef,South Corner,,3,5,Aulostomus,chinensis,Aulostomus chinensis,1,30,148,Aulostomidae,0.001,3.793,400.61,Benthic Invertivore
2019,Apo Reef,South Corner,,3,5,Zebrasoma,scopas,Zebrasoma scopas,2,9,1090,Acanthuridae,0.04,2.867,43.54,Herbivore
2019,Apo Reef,South Corner,,3,5,Scarus,niger,Scarus niger,2,18,956,Scaridae,0.0316,3.09,478.09,Herbivore
2019,Apo Reef,South Corner,,3,5,Acanthurus,pyroferus,Acanthurus pyroferus,1,12,30,Acanthuridae,0.00179,3,3.09,Herbivore
2019,Apo Reef,South Corner,,3,5,Pseudobalistes,flavimarginatus,Pseudobalistes flavimarginatus,1,30,876,Balistidae,0.02344,2.96,552.38,Benthic Invertivore
2019,Apo Reef,South Corner,,3,5,Cephalopholis,argus,Cephalopholis argus,1,25,219,Serranidae,0.00678,3.274,255.91,Piscivore
2019,Apo Reef,South Corner,,3,5,Cephalopholis,urodeta,Cephalopholis urodeta,1,12,229,Serranidae,0.02822,2.818,31.02,Piscivore
2019,Apo Reef,South Corner,,3,5,Sargocentron,caudimaculatum,Sargocentron caudimaculatum,1,11,932,Holocentridae,0.01514,2.98,19.21,Benthic Invertivore
2019,Apo Reef,South Corner,,3,5,Acanthurus,pyroferus,Acanthurus pyroferus,1,11,30,Acanthuridae,0.00179,3,2.38,Herbivore
2019,Apo Reef,South Corner,,3,5,Ctenochaetus,striatus,Ctenochaetus striatus,3,10,399,Acanthuridae,0.0137,3.083,49.76,Detritivore
2019,Apo Reef,South Corner,,3,5,Ctenochaetus,striatus,Ctenochaetus striatus,1,9,399,Acanthuridae,0.0137,3.083,11.99,Detritivore
2019,Apo Reef,South Corner,,3,5,Pseudanthias,tuka,Pseudanthias tuka,7,9,875,Serranidae,0.00955,2.97,45.62,Planktivore
2019,Apo Reef,South Corner,,3,5,Pomacentrus,brachialis,Pomacentrus brachialis,20,5,820,Pomacentridae,0.0116,3.387,54.06,Herbivore
2019,Apo Reef,South Corner,,3,5,Chromis,analis,Chromis analis,4,9,307,Pomacentridae,0.0182,3,53.07,Planktivore
2019,Apo Reef,South Corner,,3,5,Heniochus,varius,Heniochus varius,2,9,557,Chaetodontidae,0.02502,3,36.48,Corallivore
2019,Apo Reef,South Corner,,3,10,Cephalopholis,urodeta,Cephalopholis urodeta,1,11,229,Serranidae,0.02822,2.818,24.28,Piscivore
2019,Apo Reef,South Corner,,3,10,Cephalopholis,urodeta,Cephalopholis urodeta,1,9,229,Serranidae,0.02822,2.818,13.79,Piscivore
2019,Apo Reef,South Corner,,3,10,Heniochus,varius,Heniochus varius,1,8,557,Chaetodontidae,0.02502,3,12.81,Corallivore
2019,Apo Reef,South Corner,,3,10,Heniochus,varius,Heniochus varius,1,9,557,Chaetodontidae,0.02502,3,18.24,Corallivore
2019,Apo Reef,South Corner,,3,10,Melichthys,vidua,Melichthys vidua,1,13,646,Balistidae,0.0058,3.554,52.77,Omnivore
2019,Apo Reef,South Corner,,3,10,Acanthurus,pyroferus,Acanthurus pyroferus,1,10,30,Acanthuridae,0.00179,3,1.79,Herbivore
2019,Apo Reef,South Corner,,3,10,Acanthurus,pyroferus,Acanthurus pyroferus,1,12,30,Acanthuridae,0.00179,3,3.09,Herbivore
2019,Apo Reef,South Corner,,3,10,Chaetodon,lunulatus,Chaetodon lunulatus,2,8,244,Chaetodontidae,0.02239,3.01,23.41,Corallivore
2019,Apo Reef,South Corner,,3,10,Hemigymnus,fasciatus,Hemigymnus fasciatus,1,10,544,Labridae,0.01713,3,17.13,Benthic Invertivore
2019,Apo Reef,South Corner,,3,10,Pygoplites,diacanthus,Pygoplites diacanthus,1,11,918,Pomacanthidae,0.00514,3,6.84,Benthic Invertivore
2019,Apo Reef,South Corner,,3,10,Zebrasoma,scopas,Zebrasoma scopas,2,10,1090,Acanthuridae,0.04,2.867,58.9,Herbivore
2019,Apo Reef,South Corner,,3,10,Zebrasoma,scopas,Zebrasoma scopas,2,9,1090,Acanthuridae,0.04,2.867,43.54,Herbivore
2019,Apo Reef,South Corner,,3,10,Ctenochaetus,striatus,Ctenochaetus striatus,1,9,399,Acanthuridae,0.0137,3.083,11.99,Detritivore
2019,Apo Reef,South Corner,,3,10,Ctenochaetus,striatus,Ctenochaetus striatus,1,8,399,Acanthuridae,0.0137,3.083,8.34,Detritivore
2019,Apo Reef,South Corner,,3,10,Chromis,retrofasciata,Chromis retrofasciata,40,3,325,Pomacentridae,0.009,2.773,7.57,Herbivore
2019,Apo Reef,South Corner,,3,10,Chromis,ternatensis,Chromis ternatensis,50,3,328,Pomacentridae,0.043,2.889,51.39,Planktivore
2019,Apo Reef,South Corner,,3,15,Melichthys,vidua,Melichthys vidua,2,13,646,Balistidae,0.0058,3.554,105.54,Omnivore
2019,Apo Reef,South Corner,,3,15,Ctenochaetus,striatus,Ctenochaetus striatus,2,10,399,Acanthuridae,0.0137,3.083,33.17,Detritivore
2019,Apo Reef,South Corner,,3,15,Ctenochaetus,striatus,Ctenochaetus striatus,1,11,399,Acanthuridae,0.0137,3.083,22.25,Detritivore
2019,Apo Reef,South Corner,,3,15,Ctenochaetus,striatus,Ctenochaetus striatus,1,9,399,Acanthuridae,0.0137,3.083,11.99,Detritivore
2019,Apo Reef,South Corner,,3,15,Zebrasoma,scopas,Zebrasoma scopas,2,9,1090,Acanthuridae,0.04,2.867,43.54,Herbivore
2019,Apo Reef,South Corner,,3,15,Chromis,ternatensis,Chromis ternatensis,10,4,328,Pomacentridae,0.043,2.889,23.59,Planktivore
2019,Apo Reef,South Corner,,3,15,Chromis,ternatensis,Chromis ternatensis,10,3,328,Pomacentridae,0.043,2.889,10.28,Planktivore
2019,Apo Reef,South Corner,,3,15,Caranx,melampygus,Caranx melampygus,1,50,204,Carangidae,0.0244,2.98,2820.46,Piscivore
2019,Apo Reef,South Corner,,3,15,Chromis,margaritifer,Chromis margaritifer,100,3,319,Pomacentridae,0.0182,3,49.14,Herbivore
2019,Apo Reef,South Corner,,3,15,Cephalopholis,argus,Cephalopholis argus,1,15,219,Serranidae,0.00678,3.274,48.06,Piscivore
2019,Apo Reef,South Corner,,3,15,Pseudanthias,huchtii,Pseudanthias huchtii,50,3,867,Serranidae,0.0127,3.085,18.82,Planktivore
2019,Apo Reef,South Corner,,3,15,Forcipiger,longirostris,Forcipiger longirostris,1,9,482,Chaetodontidae,0.01384,3,10.09,Benthic Invertivore
2019,Apo Reef,South Corner,,3,15,Paracirrhites,arcatus,Paracirrhites arcatus,1,6,724,Cirrhitidae,0.00912,3.07,2.23,Benthic Invertivore
2019,Apo Reef,South Corner,,3,15,Zanclus,cornutus,Zanclus cornutus,1,10,1088,Zanclidae,0.0147,3.37,34.46,Omnivore
2019,Apo Reef,South Corner,,3,15,Aethaloperca,rogaa,Aethaloperca rogaa,1,14,41,Serranidae,0.0299,3,82.05,Piscivore
2019,Apo Reef,South Corner,,3,15,Amphiprion,clarkii,Amphiprion clarkii,1,8,70,Pomacentridae,0.02291,2.99,11.49,Planktivore
2019,Apo Reef,South Corner,,3,15,Amphiprion,clarkii,Amphiprion clarkii,1,5,70,Pomacentridae,0.02291,2.99,2.82,Planktivore
2019,Apo Reef,South Corner,,3,15,Amphiprion,clarkii,Amphiprion clarkii,3,3,70,Pomacentridae,0.02291,2.99,1.84,Planktivore
2019,Apo Reef,South Corner,,3,15,Naso,lituratus,Naso lituratus,1,18,668,Acanthuridae,0.0497,2.839,182,Herbivore
2019,Apo Reef,South Corner,,3,20,Chromis,analis,Chromis analis,50,9,307,Pomacentridae,0.0182,3,663.39,Planktivore
2019,Apo Reef,South Corner,,3,20,Chromis,ternatensis,Chromis ternatensis,50,4,328,Pomacentridae,0.043,2.889,117.97,Planktivore
2019,Apo Reef,South Corner,,3,20,Paracirrhites,arcatus,Paracirrhites arcatus,1,7,724,Cirrhitidae,0.00912,3.07,3.58,Benthic Invertivore
2019,Apo Reef,South Corner,,3,20,Acanthurus,thompsoni,Acanthurus thompsoni,100,11,32,Acanthuridae,0.01533,3,2040.42,Planktivore
2019,Apo Reef,South Corner,,3,20,Cephalopholis,argus,Cephalopholis argus,1,25,219,Serranidae,0.00678,3.274,255.91,Piscivore
2019,Apo Reef,South Corner,,3,20,Zanclus,cornutus,Zanclus cornutus,1,10,1088,Zanclidae,0.0147,3.37,34.46,Omnivore
2019,Apo Reef,South Corner,,3,25,Cirrhilabrus,cyanopleura,Cirrhilabrus cyanopleura,50,4,350,Labridae,0.01445,2.94,42.55,Planktivore
2019,Apo Reef,South Corner,,3,25,Chromis,margaritifer,Chromis margaritifer,100,4,319,Pomacentridae,0.0182,3,116.48,Herbivore
2019,Apo Reef,South Corner,,3,25,Dascyllus,reticulatus,Dascyllus reticulatus,20,3,407,Pomacentridae,0.0612,2.747,25.03,Herbivore
2019,Apo Reef,South Corner,,3,25,Pseudocheilinus,evanidus,Pseudocheilinus evanidus,1,5,879,Labridae,0.00488,3.51,1.39,Benthic Invertivore
2019,Apo Reef,South Corner,,3,25,Paracirrhites,arcatus,Paracirrhites arcatus,1,5,724,Cirrhitidae,0.00912,3.07,1.28,Benthic Invertivore
2019,Apo Reef,South Corner,,3,25,Melichthys,vidua,Melichthys vidua,1,13,646,Balistidae,0.0058,3.554,52.77,Omnivore
2019,Apo Reef,South Corner,,3,25,Naso,lituratus,Naso lituratus,1,13,668,Acanthuridae,0.0497,2.839,72.25,Herbivore
2019,Apo Reef,South Corner,,3,25,Acanthurus,japonicus,Acanthurus japonicus,1,8,20,Acanthuridae,0.02188,2.97,10.53,Herbivore
2019,Apo Reef,South Corner,,3,25,Pygoplites,diacanthus,Pygoplites diacanthus,1,9,918,Pomacanthidae,0.00514,3,3.75,Benthic Invertivore
2019,Apo Reef,South Corner,,3,25,Pomacentrus,vaiuli,Pomacentrus vaiuli,2,4,847,Pomacentridae,0.0619,2.628,4.73,Herbivore
2019,Apo Reef,South Corner,,3,25,Pomacentrus,vaiuli,Pomacentrus vaiuli,1,5,847,Pomacentridae,0.0619,2.628,4.25,Herbivore
2019,Apo Reef,South Corner,,3,25,Chromis,atripes,Chromis atripes,5,3,310,Pomacentridae,0.00484,3,0.65,Herbivore
2019,Apo Reef,South Corner,,3,25,Zanclus,cornutus,Zanclus cornutus,2,10,1088,Zanclidae,0.0147,3.37,68.92,Omnivore
2019,Apo Reef,South Corner,,3,25,Ctenochaetus,striatus,Ctenochaetus striatus,3,10,399,Acanthuridae,0.0137,3.083,49.76,Detritivore
2019,Apo Reef,South Corner,,3,25,Pseudanthias,huchtii,Pseudanthias huchtii,50,4,867,Serranidae,0.0127,3.085,45.72,Planktivore
2019,Apo Reef,South Corner,,3,25,Labroides,dimidiatus,Labroides dimidiatus,1,5,583,Labridae,0.00447,3.13,0.69,Benthic Invertivore
2019,Apo Reef,South Corner,,3,25,Centropyge,vrolikii,Centropyge vrolikii,1,5,218,Pomacanthidae,0.0302,2.89,3.16,Corallivore
